-10083,3.04,1310,2.17,621,3,2653,15_03_53_27_01_2025,-0.61,9.63,0.14,0.13,-1.33,0.67
-10056,3.03,1201,2.18,622,3,2705,15_03_53_27_01_2025,-0.62,9.64,0.13,0.00,-0.00,-0.00
-10142,3.04,1208,2.18,622,3,2744,15_03_53_27_01_2025,-0.62,9.64,0.12,0.00,-0.00,-0.00
-10012,3.03,1384,2.17,622,3,2783,15_03_53_27_01_2025,-0.62,9.67,0.10,0.01,-0.00,-0.00
-10232,3.05,1305,2.17,622,3,2823,15_03_53_27_01_2025,-0.63,9.61,0.13,0.01,-0.00,-0.00
-10321,3.05,1213,2.18,622,3,2862,15_03_53_27_01_2025,-0.63,9.61,0.12,0.01,-0.00,-0.00
-10145,3.04,1410,2.17,622,3,2904,15_03_53_27_01_2025,-0.60,9.66,0.15,0.00,-0.00,0.00
-10106,3.04,1259,2.18,622,3,2944,15_03_53_27_01_2025,-0.61,9.63,0.13,0.00,-0.00,0.00
-10126,3.04,1241,2.18,622,3,2983,15_03_53_27_01_2025,-0.62,9.62,0.13,0.00,-0.00,-0.00
-10186,3.04,1312,2.17,621,3,3023,15_03_53_27_01_2025,-0.62,9.64,0.14,0.00,-0.00,0.00
-10204,3.05,1319,2.17,622,3,3062,15_03_53_27_01_2025,-0.62,9.61,0.13,0.00,-0.00,-0.00
-10035,3.03,1129,2.19,622,3,3102,15_03_53_27_01_2025,-0.60,9.65,0.12,0.01,-0.00,-0.00
-10173,3.04,1168,2.18,622,3,3144,15_03_53_27_01_2025,-0.61,9.64,0.12,0.00,-0.00,0.00
-10201,3.05,1191,2.18,622,3,3184,15_03_53_27_01_2025,-0.61,9.63,0.14,0.01,-0.00,-0.00
-10190,3.04,1290,2.17,622,3,3224,15_03_53_27_01_2025,-0.62,9.64,0.14,0.00,-0.00,0.00
-10049,3.03,1183,2.18,622,3,3263,15_03_53_27_01_2025,-0.62,9.61,0.14,0.00,-0.00,-0.00
-10119,3.04,1390,2.17,622,3,3303,15_03_53_27_01_2025,-0.63,9.64,0.10,0.01,-0.00,-0.00
-10221,3.05,1118,2.19,622,3,3342,15_03_53_27_01_2025,-0.62,9.64,0.11,0.01,-0.00,-0.00
-10032,3.03,1235,2.18,621,3,3384,15_03_53_27_01_2025,-0.61,9.65,0.14,0.00,-0.00,-0.00
-10048,3.03,1156,2.19,621,3,3424,15_03_53_27_01_2025,-0.61,9.65,0.14,0.00,-0.00,-0.00
-10203,3.05,1155,2.19,622,3,3463,15_03_53_27_01_2025,-0.61,9.64,0.13,0.01,-0.00,0.00
-10074,3.04,1318,2.17,622,3,3503,15_03_53_27_01_2025,-0.63,9.63,0.14,0.00,-0.00,0.00
-10140,3.04,1363,2.17,621,3,3542,15_03_53_27_01_2025,-0.62,9.63,0.15,0.01,-0.00,0.00
-10273,3.05,1260,2.18,622,3,3583,15_03_53_27_01_2025,-0.62,9.63,0.14,0.00,-0.00,-0.00
-10254,3.05,1138,2.19,622,3,3625,15_03_53_27_01_2025,-0.61,9.63,0.14,0.00,-0.00,-0.00
-10178,3.04,1209,2.18,622,3,3665,15_03_54_27_01_2025,-0.62,9.65,0.14,0.00,-0.00,0.00
-10032,3.03,1239,2.18,622,3,3704,15_03_54_27_01_2025,-0.61,9.64,0.14,0.00,-0.00,0.00
-10361,3.06,1341,2.17,621,3,3744,15_03_54_27_01_2025,-0.62,9.63,0.14,0.00,-0.00,-0.00
-10143,3.04,1128,2.19,622,3,3784,15_03_54_27_01_2025,-0.61,9.64,0.14,0.00,-0.00,-0.00
-10027,3.03,1199,2.18,622,3,3823,15_03_54_27_01_2025,-0.62,9.65,0.14,0.01,-0.00,-0.00
-10442,3.06,1327,2.17,622,3,3865,15_03_54_27_01_2025,-0.62,9.64,0.14,0.00,-0.00,-0.00
-10131,3.04,1400,2.17,622,3,3905,15_03_54_27_01_2025,-0.61,9.63,0.15,0.00,-0.00,-0.00
-10239,3.05,1297,2.17,622,3,3944,15_03_54_27_01_2025,-0.62,9.64,0.14,0.00,-0.00,-0.00
-10264,3.05,1301,2.17,621,3,3983,15_03_54_27_01_2025,-0.61,9.64,0.14,0.00,-0.00,-0.00
-10452,3.06,1253,2.18,622,3,4024,15_03_54_27_01_2025,-0.61,9.63,0.14,0.00,-0.00,-0.00
-9896,3.02,1113,2.19,622,3,4063,15_03_54_27_01_2025,-0.61,9.63,0.17,0.00,-0.00,0.00
-9760,3.01,1196,2.18,621,3,4105,15_03_54_27_01_2025,-0.62,9.63,0.12,0.01,-0.00,-0.00
-9819,3.02,1233,2.18,621,3,4145,15_03_54_27_01_2025,-0.62,9.67,0.14,0.00,-0.00,0.00
-9604,3.00,1392,2.17,621,3,4184,15_03_54_27_01_2025,-0.61,9.64,0.13,0.00,-0.00,0.00
-9749,3.01,1187,2.18,622,3,4224,15_03_54_27_01_2025,-0.62,9.63,0.14,0.01,-0.00,-0.00
-9759,3.01,1212,2.18,622,3,4264,15_03_54_27_01_2025,-0.60,9.65,0.14,0.00,-0.00,-0.00
-9677,3.01,1106,2.19,621,3,4303,15_03_54_27_01_2025,-0.61,9.65,0.14,0.00,-0.00,0.00
-9901,3.02,1250,2.18,622,3,4345,15_03_54_27_01_2025,-0.62,9.63,0.13,0.00,-0.00,-0.00
-10012,3.03,1113,2.19,621,3,4385,15_03_54_27_01_2025,-0.62,9.63,0.13,0.00,-0.00,-0.00
-9776,3.01,1109,2.19,622,3,4424,15_03_54_27_01_2025,-0.61,9.64,0.15,0.00,-0.00,0.00
-9897,3.02,1241,2.18,622,3,4463,15_03_54_27_01_2025,-0.61,9.64,0.14,0.01,-0.00,-0.00
-9865,3.02,1221,2.18,622,3,4504,15_03_54_27_01_2025,-0.61,9.63,0.14,0.00,-0.00,-0.00
-9747,3.01,1297,2.17,621,3,4543,15_03_54_27_01_2025,-0.61,9.64,0.14,0.01,-0.00,-0.00
-9747,3.01,1193,2.18,621,3,4585,15_03_54_27_01_2025,-0.61,9.64,0.14,0.00,-0.00,-0.00
-9678,3.01,1065,2.19,621,3,4625,15_03_54_27_01_2025,-0.61,9.63,0.15,0.00,-0.00,-0.00
-9764,3.01,1179,2.18,622,3,4664,15_03_55_27_01_2025,-0.61,9.62,0.13,0.01,-0.00,-0.00
-9844,3.02,1254,2.18,621,3,4703,15_03_55_27_01_2025,-0.62,9.63,0.15,0.00,-0.00,-0.00
-9814,3.02,1167,2.18,622,3,4744,15_03_55_27_01_2025,-0.59,9.56,0.16,0.00,-0.00,0.00
-9703,3.01,1137,2.19,621,3,4784,15_03_55_27_01_2025,-0.61,9.60,0.15,0.01,-0.00,-0.00
-9803,3.02,1189,2.18,621,3,4826,15_03_55_27_01_2025,-0.61,9.63,0.14,0.01,-0.00,-0.00
-9730,3.01,1226,2.18,622,3,4866,15_03_55_27_01_2025,-0.62,9.65,0.14,0.01,-0.00,-0.00
-9778,3.01,1259,2.18,621,3,4905,15_03_55_27_01_2025,-0.61,9.61,0.15,0.01,-0.00,0.00
-9977,3.03,1198,2.18,621,3,4944,15_03_55_27_01_2025,-0.63,9.63,0.14,0.00,-0.00,0.00
-9780,3.01,1042,2.19,621,3,4984,15_03_55_27_01_2025,-0.62,9.63,0.14,0.00,-0.00,-0.00
-9753,3.01,1282,2.18,621,3,5024,15_03_55_27_01_2025,-0.62,9.64,0.14,0.00,-0.01,-0.00
-9766,3.01,1445,2.16,622,3,5066,15_03_55_27_01_2025,-0.62,9.64,0.15,0.00,-0.00,-0.00
-9981,3.03,1161,2.18,621,3,5105,15_03_55_27_01_2025,-0.62,9.66,0.14,0.00,-0.00,0.00
-9945,3.03,1244,2.18,622,3,5145,15_03_55_27_01_2025,-0.62,9.64,0.14,0.01,-0.00,-0.00
-9785,3.01,996,2.20,621,3,5184,15_03_55_27_01_2025,-0.62,9.63,0.15,0.00,-0.00,-0.00
-9910,3.02,1146,2.19,621,3,5224,15_03_55_27_01_2025,-0.62,9.64,0.14,0.01,-0.00,-0.00
-10291,3.05,664,2.22,621,3,5263,15_03_55_27_01_2025,-0.62,9.62,0.13,0.00,-0.00,0.00
-10630,3.08,355,2.25,621,3,5305,15_03_55_27_01_2025,-0.58,9.68,0.13,0.01,-0.00,0.02
-10333,3.06,640,2.22,621,3,5346,15_03_55_27_01_2025,-0.52,9.63,0.03,0.03,-0.00,-0.05
-9917,3.02,862,2.21,621,3,5385,15_03_55_27_01_2025,-0.45,9.40,-0.16,0.04,-0.45,0.01
-10534,3.07,724,2.22,621,3,5425,15_03_55_27_01_2025,-0.97,9.78,0.71,0.01,-0.38,0.04
-10510,3.07,479,2.24,621,3,5465,15_03_55_27_01_2025,-0.56,9.63,0.09,0.01,-0.03,-0.01
-10153,3.04,830,2.21,622,3,5504,15_03_55_27_01_2025,-0.81,9.49,0.30,-0.00,-0.06,0.01
-10206,3.05,982,2.20,622,3,5546,15_03_55_27_01_2025,-0.63,9.58,0.11,0.02,-0.00,-0.05
-10088,3.04,1200,2.18,621,3,5586,15_03_55_27_01_2025,-0.60,9.67,0.15,-0.01,-0.00,0.03
-10308,3.05,1161,2.18,621,3,5626,15_03_55_27_01_2025,-0.59,9.66,0.15,0.00,-0.00,0.01
-10354,3.06,1466,2.16,622,3,5666,15_03_56_27_01_2025,-0.60,9.66,0.15,0.01,-0.00,-0.01
-10300,3.05,1676,2.15,622,3,5706,15_03_56_27_01_2025,-0.56,9.57,0.26,0.00,0.00,0.01
-10292,3.05,1611,2.15,621,3,5745,15_03_56_27_01_2025,-0.11,9.90,0.04,-0.01,0.12,0.00
-10263,3.05,1628,2.15,622,3,5789,15_03_56_27_01_2025,-1.54,9.64,-0.30,0.02,0.04,-0.05
-10669,3.08,1568,2.15,622,3,5829,15_03_56_27_01_2025,-0.62,9.63,0.17,0.01,-0.01,-0.01
-10315,3.05,1579,2.15,622,3,5870,15_03_56_27_01_2025,-0.51,9.82,0.18,0.00,-0.00,0.01
-10103,3.04,1417,2.17,621,3,5910,15_03_56_27_01_2025,-0.61,9.63,0.13,-0.01,-0.00,0.03
-10144,3.04,1372,2.17,622,3,5951,15_03_56_27_01_2025,-0.62,9.62,0.16,0.01,-0.00,-0.01
-10238,3.05,1484,2.16,621,3,5991,15_03_56_27_01_2025,-0.63,9.59,0.15,0.00,-0.00,0.00
-10426,3.06,1565,2.15,622,3,6034,15_03_56_27_01_2025,-0.59,9.67,0.15,0.01,-0.00,-0.01
-10421,3.06,1641,2.15,621,3,6073,15_03_56_27_01_2025,-0.59,9.68,0.15,0.00,-0.00,0.01
-10481,3.07,1452,2.16,621,3,6113,15_03_56_27_01_2025,-0.60,9.62,0.14,0.00,-0.00,0.00
-10688,3.08,1585,2.15,621,3,6153,15_03_56_27_01_2025,-0.60,9.62,0.15,0.00,-0.00,-0.00
-10769,3.09,1380,2.17,621,3,6193,15_03_56_27_01_2025,-0.61,9.64,0.15,0.00,-0.00,-0.00
-10490,3.07,1517,2.16,622,3,6233,15_03_56_27_01_2025,-0.60,9.65,0.14,0.00,-0.00,0.00
-10650,3.08,1641,2.15,621,3,6276,15_03_56_27_01_2025,-0.59,9.64,0.15,0.00,-0.00,0.00
-10904,3.10,1464,2.16,621,3,6315,15_03_56_27_01_2025,-0.59,9.64,0.14,0.00,-0.00,0.00
-10596,3.08,1499,2.16,622,3,6355,15_03_56_27_01_2025,-0.59,9.63,0.14,0.01,-0.00,-0.00
-10671,3.08,1703,2.14,621,3,6396,15_03_56_27_01_2025,-0.60,9.64,0.15,0.00,-0.00,0.00
-10726,3.09,1544,2.16,621,3,6435,15_03_56_27_01_2025,-0.60,9.62,0.14,0.01,-0.00,-0.00
-10760,3.09,1563,2.15,622,3,6475,15_03_56_27_01_2025,-0.60,9.64,0.15,0.00,-0.00,0.00
-10851,3.09,1803,2.14,622,3,6519,15_03_56_27_01_2025,-0.60,9.64,0.15,0.00,-0.00,0.00
-10537,3.07,1600,2.15,622,3,6559,15_03_56_27_01_2025,-0.59,9.64,0.16,0.00,-0.00,0.00
-10710,3.08,1600,2.15,622,3,6599,15_03_56_27_01_2025,-0.60,9.64,0.15,0.00,-0.00,-0.00
-10873,3.10,1483,2.16,622,3,6640,15_03_57_27_01_2025,-0.60,9.64,0.15,0.00,-0.00,0.00
-10965,3.10,1227,2.18,621,3,6680,15_03_57_27_01_2025,-0.60,9.63,0.15,0.01,-0.00,0.00
-10901,3.10,925,2.20,622,3,6723,15_03_57_27_01_2025,-0.59,9.65,0.16,0.00,-0.00,0.00
-11037,3.11,843,2.21,621,3,6763,15_03_57_27_01_2025,-0.60,9.64,0.15,0.00,-0.00,0.00
-10881,3.10,789,2.21,621,3,6802,15_03_57_27_01_2025,-0.59,9.64,0.15,0.00,-0.00,0.00
-11168,3.12,703,2.22,622,3,6843,15_03_57_27_01_2025,-0.59,9.65,0.14,0.00,-0.00,0.00
-11349,3.13,480,2.24,622,3,6882,15_03_57_27_01_2025,-0.60,9.63,0.16,0.01,-0.00,0.00
-11477,3.14,228,2.26,621,3,6922,15_03_57_27_01_2025,-0.59,9.65,0.15,0.01,-0.00,-0.00
-11342,3.13,164,2.26,621,3,6966,15_03_57_27_01_2025,-0.59,9.65,0.15,0.01,-0.00,-0.00
-11304,3.13,136,2.26,622,3,7005,15_03_57_27_01_2025,-0.59,9.66,0.15,0.01,-0.00,-0.01
-11268,3.13,-70,2.28,622,3,7046,15_03_57_27_01_2025,-0.62,9.60,0.15,0.01,-0.01,-0.01
-11306,3.13,12,2.27,621,3,7087,15_03_57_27_01_2025,-0.59,9.67,0.19,0.01,-0.00,-0.01
-11885,3.17,-467,2.31,622,3,7127,15_03_57_27_01_2025,-0.50,9.76,-0.03,0.04,-0.00,0.04
-12504,3.22,-935,2.34,621,3,7167,15_03_57_27_01_2025,-0.66,9.55,0.25,-0.01,-0.01,-0.01
-12999,3.26,-1117,2.36,621,3,7210,15_03_57_27_01_2025,-0.62,9.62,0.19,-0.00,-0.00,-0.01
-13800,3.32,-1493,2.39,621,3,7377,15_03_57_27_01_2025,-0.59,9.66,0.14,0.00,-0.00,-0.00
-13731,3.31,-1483,2.39,621,3,7419,15_03_57_27_01_2025,-0.60,9.64,0.15,0.00,-0.00,0.00
-13687,3.31,-1356,2.38,621,3,7459,15_03_57_27_01_2025,-0.61,9.64,0.14,0.00,-0.00,-0.00
-13860,3.32,-1244,2.37,621,3,7500,15_03_57_27_01_2025,-0.60,9.63,0.14,0.00,-0.00,-0.00
-13448,3.29,-1410,2.38,622,3,7540,15_03_57_27_01_2025,-0.60,9.64,0.15,0.00,-0.00,0.00
-13827,3.32,-1461,2.38,621,3,7582,15_03_57_27_01_2025,-0.60,9.63,0.14,0.00,-0.00,-0.00
-14139,3.34,-1546,2.39,622,3,7623,15_03_57_27_01_2025,-0.59,9.66,0.14,0.01,-0.00,-0.00
-13999,3.33,-1440,2.38,621,3,7663,15_03_58_27_01_2025,-0.62,9.63,0.12,0.01,-0.00,0.00
-13924,3.33,-1424,2.38,621,3,7703,15_03_58_27_01_2025,-0.62,9.61,0.13,0.01,-0.00,-0.00
-13876,3.32,-1653,2.40,622,3,7743,15_03_58_27_01_2025,-0.59,9.66,0.15,0.00,-0.00,-0.01
-13893,3.33,-1482,2.38,622,3,7783,15_03_58_27_01_2025,-0.60,9.65,0.12,0.01,-0.00,0.00
-13523,3.30,-1068,2.35,621,3,7826,15_03_58_27_01_2025,-0.60,9.63,0.14,0.00,-0.00,0.00
-13842,3.32,-2304,2.45,621,3,7866,15_03_58_27_01_2025,-0.60,9.65,0.12,0.01,-0.00,0.00
-13594,3.30,-2713,2.48,622,3,7906,15_03_58_27_01_2025,-0.61,9.66,0.17,0.00,-0.00,0.00
-14443,3.37,-1814,2.41,622,3,7946,15_03_58_27_01_2025,-0.59,9.65,0.14,0.00,-0.00,-0.00
-15017,3.41,-1632,2.40,621,3,7986,15_03_58_27_01_2025,-0.59,9.64,0.13,0.00,-0.00,-0.00
-16171,3.50,-2326,2.45,621,3,8026,15_03_58_27_01_2025,-0.61,9.63,0.14,0.01,-0.00,-0.00
-17203,3.58,-2656,2.47,621,3,8069,15_03_58_27_01_2025,-0.61,9.62,0.15,0.01,-0.00,-0.00
-14653,3.38,-2845,2.49,621,3,8110,15_03_58_27_01_2025,-0.59,9.65,0.15,0.00,-0.00,-0.00
-14038,3.34,-2465,2.46,621,3,8150,15_03_58_27_01_2025,-0.60,9.63,0.14,0.00,-0.00,-0.00
-13649,3.31,-2378,2.45,622,3,8191,15_03_58_27_01_2025,-0.60,9.64,0.14,0.00,-0.00,-0.00
-13684,3.31,-2173,2.44,622,3,8231,15_03_58_27_01_2025,-0.61,9.63,0.14,0.00,-0.00,0.00
-13612,3.30,-1776,2.41,621,3,8270,15_03_58_27_01_2025,-0.61,9.65,0.15,0.00,-0.00,-0.00
-13575,3.30,-1961,2.42,621,3,8313,15_03_58_27_01_2025,-0.61,9.64,0.14,0.00,-0.00,-0.00
-13255,3.28,-1699,2.40,621,3,8354,15_03_58_27_01_2025,-0.59,9.64,0.14,0.00,-0.00,-0.00
-13713,3.31,-1548,2.39,622,3,8394,15_03_58_27_01_2025,-0.59,9.65,0.13,0.00,-0.00,-0.00
-14155,3.35,-1539,2.39,622,3,8434,15_03_58_27_01_2025,-0.60,9.62,0.14,0.00,-0.00,-0.00
-13788,3.32,-1598,2.39,621,3,8473,15_03_58_27_01_2025,-0.60,9.65,0.14,0.00,-0.00,-0.00
-13638,3.31,-1626,2.40,621,3,8513,15_03_58_27_01_2025,-0.61,9.64,0.14,0.00,-0.00,0.00
-13652,3.31,-1339,2.37,622,3,8558,15_03_58_27_01_2025,-0.60,9.65,0.16,0.00,-0.00,0.00
-13550,3.30,-1300,2.37,621,3,8598,15_03_58_27_01_2025,-0.60,9.63,0.15,0.00,-0.00,-0.00
-13490,3.29,-1265,2.37,621,3,8638,15_03_58_27_01_2025,-0.60,9.63,0.15,0.00,-0.00,-0.00
-13474,3.29,-1075,2.35,621,3,8678,15_03_59_27_01_2025,-0.61,9.64,0.13,0.00,-0.00,-0.00
-13465,3.29,-764,2.33,622,3,8718,15_03_59_27_01_2025,-0.60,9.63,0.15,0.00,-0.00,-0.00
-13970,3.33,-1048,2.35,622,3,8761,15_03_59_27_01_2025,-0.61,9.64,0.15,0.00,-0.00,-0.00
-13893,3.33,-1065,2.35,622,3,8801,15_03_59_27_01_2025,-0.61,9.64,0.14,0.00,-0.00,-0.00
-13931,3.33,-1189,2.36,621,3,8842,15_03_59_27_01_2025,-0.61,9.63,0.14,0.00,-0.00,-0.00
-13640,3.31,-1177,2.36,621,3,8882,15_03_59_27_01_2025,-0.60,9.64,0.14,0.00,-0.00,0.00
-13759,3.32,-1290,2.37,622,3,8922,15_03_59_27_01_2025,-0.60,9.64,0.14,0.00,-0.00,-0.00
-13783,3.32,-1434,2.38,622,3,8962,15_03_59_27_01_2025,-0.61,9.64,0.14,0.00,-0.00,-0.00
-13529,3.30,-1266,2.37,621,3,9005,15_03_59_27_01_2025,-0.61,9.63,0.15,0.01,-0.00,-0.00
-13719,3.31,-1445,2.38,623,3,9045,15_03_59_27_01_2025,-0.60,9.66,0.15,0.01,-0.00,-0.00
-13306,3.28,-1589,2.39,622,3,9085,15_03_59_27_01_2025,-0.62,9.63,0.14,0.00,-0.00,0.01
-13708,3.31,-1472,2.38,621,3,9126,15_03_59_27_01_2025,-0.61,9.62,0.15,0.01,-0.00,-0.01
-13709,3.31,-1123,2.36,622,3,9165,15_03_59_27_01_2025,-0.60,9.64,0.15,0.00,-0.00,0.00
-14025,3.34,-1271,2.37,621,3,9205,15_03_59_27_01_2025,-0.60,9.65,0.15,0.01,-0.00,-0.00
-14318,3.36,-1313,2.37,621,3,9249,15_03_59_27_01_2025,-0.60,9.66,0.14,0.00,-0.00,0.00
-14091,3.34,-744,2.33,622,3,9288,15_03_59_27_01_2025,-0.61,9.64,0.15,0.00,-0.00,0.00
-14398,3.36,-1180,2.36,621,3,9328,15_03_59_27_01_2025,-0.61,9.64,0.15,0.00,-0.00,-0.00
-14194,3.35,-1455,2.38,621,3,9369,15_03_59_27_01_2025,-0.61,9.64,0.14,0.01,-0.00,-0.00
-14092,3.34,-1532,2.39,621,3,9409,15_03_59_27_01_2025,-0.59,9.65,0.14,0.00,-0.00,-0.00
-13877,3.32,-1333,2.37,621,3,9449,15_03_59_27_01_2025,-0.60,9.64,0.13,0.00,-0.00,0.00
-13507,3.30,-1476,2.38,621,3,9492,15_03_59_27_01_2025,-0.60,9.63,0.14,0.00,-0.00,0.00
-13669,3.31,-1806,2.41,622,3,9532,15_03_59_27_01_2025,-0.60,9.64,0.14,0.01,-0.00,-0.00
-13784,3.32,-2173,2.44,622,3,9573,15_03_59_27_01_2025,-0.60,9.66,0.15,0.01,-0.00,-0.00
-13915,3.33,-2727,2.48,622,3,9612,15_03_59_27_01_2025,-0.61,9.63,0.14,0.00,-0.00,0.00
-13709,3.31,-2652,2.47,622,3,9652,15_04_00_27_01_2025,-0.61,9.63,0.14,0.00,-0.00,-0.00
-14135,3.34,-3041,2.50,622,3,9693,15_04_00_27_01_2025,-0.60,9.63,0.14,0.00,-0.00,-0.00
-13715,3.31,-3086,2.51,622,3,9737,15_04_00_27_01_2025,-0.61,9.65,0.16,0.00,-0.00,-0.00
-13951,3.33,-1604,2.39,621,3,9777,15_04_00_27_01_2025,-0.61,9.64,0.14,0.01,-0.00,0.00
-13927,3.33,-1023,2.35,621,3,9817,15_04_00_27_01_2025,-0.61,9.63,0.14,0.01,-0.00,-0.00
-13917,3.33,-270,2.29,621,3,9857,15_04_00_27_01_2025,-0.60,9.64,0.14,0.00,-0.00,-0.00
-14585,3.38,-431,2.31,622,3,9897,15_04_00_27_01_2025,-0.60,9.64,0.14,0.00,-0.00,-0.00
-14232,3.35,-550,2.31,622,3,9938,15_04_00_27_01_2025,-0.61,9.64,0.14,0.00,-0.00,-0.00
-14580,3.38,-1020,2.35,621,3,9980,15_04_00_27_01_2025,-0.61,9.64,0.14,0.01,-0.00,-0.00
-14165,3.35,-2131,2.43,621,3,10020,15_04_00_27_01_2025,-0.60,9.63,0.14,0.00,-0.00,0.00
-13882,3.32,-2226,2.44,621,3,10060,15_04_00_27_01_2025,-0.60,9.63,0.14,0.01,-0.00,-0.00
-13564,3.30,-1965,2.42,621,3,10100,15_04_00_27_01_2025,-0.60,9.64,0.16,0.00,-0.00,0.00
-13660,3.31,-936,2.34,621,3,10140,15_04_00_27_01_2025,-0.60,9.64,0.14,0.00,-0.00,0.00
-13884,3.32,-882,2.34,621,3,10183,15_04_00_27_01_2025,-0.61,9.63,0.15,0.00,-0.00,0.00
-13946,3.33,-1195,2.36,622,3,10223,15_04_00_27_01_2025,-0.60,9.64,0.14,0.00,-0.00,0.00
-13613,3.30,-1372,2.38,621,3,10263,15_04_00_27_01_2025,-0.61,9.61,0.14,0.00,-0.00,-0.00
-14272,3.35,-1177,2.36,621,3,10302,15_04_00_27_01_2025,-0.60,9.66,0.14,0.01,-0.00,-0.00
-14139,3.34,-1140,2.36,622,3,10342,15_04_00_27_01_2025,-0.61,9.65,0.14,0.00,-0.00,-0.00
-14190,3.35,-1207,2.36,621,3,10383,15_04_00_27_01_2025,-0.61,9.64,0.13,0.00,-0.00,-0.00
-14291,3.36,-1076,2.35,621,3,10426,15_04_00_27_01_2025,-0.61,9.62,0.14,0.00,-0.00,0.00
-14265,3.35,-1078,2.35,622,3,10465,15_04_00_27_01_2025,-0.60,9.63,0.14,0.00,-0.00,-0.00
-14181,3.35,-1338,2.37,622,3,10506,15_04_00_27_01_2025,-0.60,9.64,0.13,0.00,-0.00,0.00
-13957,3.33,-1038,2.35,622,3,10545,15_04_00_27_01_2025,-0.59,9.65,0.15,0.00,-0.00,0.00
-13651,3.31,-1567,2.39,622,3,10584,15_04_00_27_01_2025,-0.60,9.64,0.14,0.00,-0.00,-0.00
-13563,3.30,-1233,2.37,622,3,10625,15_04_00_27_01_2025,-0.60,9.64,0.15,0.01,-0.00,0.00
-13439,3.29,-1402,2.38,621,3,10667,15_04_01_27_01_2025,-0.60,9.64,0.14,0.01,-0.00,0.00
-13902,3.33,-1779,2.41,621,3,10707,15_04_01_27_01_2025,-0.60,9.63,0.14,0.00,-0.00,-0.00
-13683,3.31,-1111,2.36,622,3,10748,15_04_01_27_01_2025,-0.60,9.63,0.14,0.00,-0.00,-0.00
-14222,3.35,-641,2.32,621,3,10787,15_04_01_27_01_2025,-0.59,9.64,0.15,0.00,-0.00,-0.00
-14134,3.34,-727,2.33,622,3,10828,15_04_01_27_01_2025,-0.61,9.63,0.14,0.00,-0.00,0.00
-14056,3.34,-941,2.34,621,3,10869,15_04_01_27_01_2025,-0.61,9.63,0.14,0.01,-0.00,-0.00
-13877,3.32,-633,2.32,621,3,10913,15_04_01_27_01_2025,-0.61,9.63,0.15,0.01,-0.00,-0.00
-13978,3.33,-787,2.33,621,3,10953,15_04_01_27_01_2025,-0.59,9.64,0.14,0.00,-0.00,-0.00
-13771,3.32,-910,2.34,622,3,10993,15_04_01_27_01_2025,-0.61,9.65,0.14,0.00,-0.00,0.00
-13921,3.33,-567,2.32,621,3,11033,15_04_01_27_01_2025,-0.60,9.64,0.14,0.00,-0.00,-0.00
-13805,3.32,-668,2.32,621,3,11073,15_04_01_27_01_2025,-0.61,9.63,0.14,0.00,-0.00,0.00
-13788,3.32,-620,2.32,621,3,11113,15_04_01_27_01_2025,-0.61,9.64,0.14,0.01,-0.00,-0.00
-13854,3.32,-731,2.33,621,3,11156,15_04_01_27_01_2025,-0.59,9.63,0.14,0.00,-0.00,-0.00
-14070,3.34,-1105,2.36,621,3,11196,15_04_01_27_01_2025,-0.61,9.65,0.14,0.00,-0.00,-0.00
-13906,3.33,-1426,2.38,622,3,11236,15_04_01_27_01_2025,-0.59,9.64,0.16,0.00,-0.00,0.00
-13908,3.33,-1463,2.38,622,3,11276,15_04_01_27_01_2025,-0.60,9.64,0.15,0.01,-0.00,-0.00
-13908,3.33,-1212,2.36,621,3,11317,15_04_01_27_01_2025,-0.61,9.64,0.14,0.00,-0.00,0.00
-13721,3.31,-1271,2.37,621,3,11356,15_04_01_27_01_2025,-0.60,9.64,0.14,0.00,-0.00,-0.00
-13928,3.33,-1340,2.37,622,3,11394,15_04_01_27_01_2025,-0.60,9.64,0.14,0.00,-0.00,-0.00
-13679,3.31,-1433,2.38,622,3,11434,15_04_01_27_01_2025,-0.61,9.65,0.16,0.00,-0.00,0.00
-13888,3.32,-978,2.35,622,3,11508,15_04_01_27_01_2025,-0.59,9.64,0.14,0.00,-0.00,0.00
-13847,3.32,-670,2.32,622,3,11548,15_04_01_27_01_2025,-0.60,9.64,0.14,0.00,-0.00,-0.00
-13919,3.33,-847,2.34,621,3,11614,15_04_01_27_01_2025,-0.61,9.65,0.15,0.00,-0.00,-0.00
-13880,3.32,-889,2.34,622,3,11705,15_04_02_27_01_2025,-0.61,9.64,0.14,0.00,-0.00,0.00
-13750,3.31,-156,2.28,621,3,11744,15_04_02_27_01_2025,-0.60,9.64,0.13,0.01,-0.00,0.00
-13736,3.31,-159,2.28,621,3,11810,15_04_02_27_01_2025,-0.59,9.63,0.14,0.00,-0.00,0.00
-13971,3.33,-751,2.33,621,3,11901,15_04_02_27_01_2025,-0.60,9.64,0.15,0.00,-0.00,-0.00
-13595,3.30,-817,2.33,621,3,11941,15_04_02_27_01_2025,-0.61,9.63,0.14,0.00,-0.00,-0.00
-13899,3.33,-854,2.34,622,3,12007,15_04_02_27_01_2025,-0.61,9.63,0.13,0.00,-0.00,-0.00
-13852,3.32,-1570,2.39,621,3,12097,15_04_02_27_01_2025,-0.60,9.64,0.14,0.00,-0.00,0.00
-13683,3.31,-410,2.30,621,3,12137,15_04_02_27_01_2025,-0.61,9.65,0.15,0.00,-0.00,-0.00
-13894,3.33,-160,2.28,621,3,12202,15_04_02_27_01_2025,-0.60,9.64,0.14,0.00,-0.00,-0.00
-13971,3.33,-333,2.30,622,3,12243,15_04_02_27_01_2025,-0.60,9.65,0.14,0.00,-0.00,-0.00
-13614,3.30,-335,2.30,622,3,12309,15_04_02_27_01_2025,-0.60,9.63,0.14,0.01,-0.00,-0.00
-13932,3.33,-720,2.33,621,3,12399,15_04_02_27_01_2025,-0.60,9.63,0.14,0.00,-0.00,-0.00
-13847,3.32,-1285,2.37,622,3,12442,15_04_02_27_01_2025,-0.60,9.64,0.14,0.01,-0.00,-0.00
-13943,3.33,-919,2.34,621,3,12505,15_04_02_27_01_2025,-0.60,9.64,0.13,0.00,-0.00,-0.00
-13782,3.32,-1391,2.38,621,3,12595,15_04_02_27_01_2025,-0.60,9.64,0.14,0.00,-0.00,0.00
-13625,3.30,-811,2.33,621,3,12636,15_04_02_27_01_2025,-0.60,9.64,0.15,0.00,-0.00,-0.00
-13778,3.32,-991,2.35,621,3,12701,15_04_03_27_01_2025,-0.59,9.64,0.14,0.00,-0.00,0.00
-13930,3.33,-719,2.33,622,3,12791,15_04_03_27_01_2025,-0.60,9.64,0.15,0.01,-0.00,-0.00
-13799,3.32,-861,2.34,621,3,12834,15_04_03_27_01_2025,-0.60,9.63,0.14,0.00,-0.00,-0.00
-13856,3.32,-1453,2.38,621,3,12897,15_04_03_27_01_2025,-0.60,9.65,0.14,0.00,-0.00,-0.00
-13502,3.30,-1355,2.38,621,3,12987,15_04_03_27_01_2025,-0.61,9.63,0.14,0.00,-0.00,-0.00
-13795,3.32,-1318,2.37,622,3,13028,15_04_03_27_01_2025,-0.60,9.64,0.14,0.00,-0.00,-0.00
-13867,3.32,-964,2.35,621,3,13093,15_04_03_27_01_2025,-0.60,9.65,0.14,0.01,-0.00,0.00
-13768,3.32,-860,2.34,622,3,13183,15_04_03_27_01_2025,-0.60,9.64,0.14,0.00,-0.00,-0.00
-13779,3.32,-1344,2.37,622,3,13226,15_04_03_27_01_2025,-0.60,9.63,0.14,0.00,-0.00,-0.00
-13718,3.31,-1223,2.37,622,3,13290,15_04_03_27_01_2025,-0.59,9.64,0.15,0.00,-0.00,-0.00
-13833,3.32,-1697,2.40,621,3,13382,15_04_03_27_01_2025,-0.59,9.63,0.14,0.01,-0.00,-0.00
-13601,3.30,-786,2.33,621,3,13422,15_04_03_27_01_2025,-0.60,9.65,0.14,0.00,-0.00,-0.00
-13655,3.31,-744,2.33,621,3,13486,15_04_03_27_01_2025,-0.61,9.65,0.15,0.01,-0.00,-0.00
-13772,3.32,-888,2.34,621,3,13529,15_04_03_27_01_2025,-0.60,9.63,0.15,0.00,-0.00,-0.00
-13530,3.30,-1099,2.36,622,3,13593,15_04_03_27_01_2025,-0.61,9.64,0.14,0.00,-0.00,-0.00
-13869,3.32,-1328,2.37,621,3,13683,15_04_03_27_01_2025,-0.60,9.65,0.14,0.00,-0.00,-0.00
-13697,3.31,-1184,2.36,622,3,13723,15_04_04_27_01_2025,-0.60,9.63,0.13,0.00,-0.00,-0.00
-13890,3.33,-962,2.35,622,3,13788,15_04_04_27_01_2025,-0.60,9.64,0.15,0.00,-0.00,0.00
-13631,3.31,-730,2.33,621,3,13879,15_04_04_27_01_2025,-0.60,9.63,0.14,0.00,-0.00,-0.00
-13409,3.29,-893,2.34,622,3,13922,15_04_04_27_01_2025,-0.60,9.65,0.15,0.00,-0.00,0.00
-13881,3.32,-1009,2.35,622,3,13984,15_04_04_27_01_2025,-0.61,9.64,0.15,0.01,-0.00,-0.00
-14766,3.39,-1053,2.35,622,3,14074,15_04_04_27_01_2025,-0.60,9.64,0.14,0.00,-0.00,0.00
-14031,3.34,-1235,2.37,622,3,14114,15_04_04_27_01_2025,-0.61,9.64,0.14,0.00,-0.00,-0.00
-13631,3.31,-1238,2.37,621,3,14180,15_04_04_27_01_2025,-0.60,9.63,0.14,0.00,-0.00,-0.00
-14062,3.34,-911,2.34,622,3,14270,15_04_04_27_01_2025,-0.60,9.63,0.13,0.00,-0.00,-0.00
-12973,3.26,-1062,2.35,621,3,14315,15_04_04_27_01_2025,-0.61,9.64,0.14,0.01,-0.00,-0.00
-13342,3.28,-1082,2.35,622,3,14377,15_04_04_27_01_2025,-0.61,9.65,0.14,0.00,-0.00,-0.00
-13667,3.31,-954,2.35,621,3,14467,15_04_04_27_01_2025,-0.61,9.63,0.14,0.00,-0.00,-0.00
-13627,3.31,-930,2.34,621,3,14506,15_04_04_27_01_2025,-0.60,9.65,0.15,0.01,-0.00,-0.00
-13528,3.30,-1046,2.35,622,3,14572,15_04_04_27_01_2025,-0.61,9.64,0.14,0.00,-0.00,0.00
-13317,3.28,-838,2.34,622,3,14664,15_04_04_27_01_2025,-0.61,9.64,0.14,0.00,-0.00,0.00
-14060,3.34,-664,2.32,621,3,14707,15_04_05_27_01_2025,-0.60,9.64,0.14,0.01,-0.00,-0.00
-13695,3.31,-596,2.32,621,3,14769,15_04_05_27_01_2025,-0.60,9.64,0.14,0.00,-0.00,-0.00
-14326,3.36,-1229,2.37,621,3,14808,15_04_05_27_01_2025,-0.60,9.64,0.14,0.00,-0.00,-0.00
-14352,3.36,-871,2.34,622,3,14875,15_04_05_27_01_2025,-0.60,9.64,0.16,0.01,-0.00,0.00
-13545,3.30,-1241,2.37,621,3,14964,15_04_05_27_01_2025,-0.60,9.64,0.14,0.01,-0.00,-0.00
-13390,3.29,-1002,2.35,622,3,15005,15_04_05_27_01_2025,-0.60,9.64,0.14,0.00,-0.00,0.00
-13575,3.30,-812,2.33,621,3,15072,15_04_05_27_01_2025,-0.60,9.65,0.13,0.00,-0.00,-0.00
-13469,3.29,-1086,2.36,621,3,15161,15_04_05_27_01_2025,-0.60,9.65,0.14,0.01,-0.00,-0.00
-14430,3.37,-997,2.35,621,3,15201,15_04_05_27_01_2025,-0.61,9.64,0.14,0.00,-0.00,-0.00
-13859,3.32,-1355,2.38,622,3,15267,15_04_05_27_01_2025,-0.60,9.64,0.14,0.00,-0.00,-0.00
-14154,3.35,-1140,2.36,622,3,15358,15_04_05_27_01_2025,-0.61,9.64,0.14,0.00,-0.00,0.00
-13310,3.28,-1356,2.38,621,3,15401,15_04_05_27_01_2025,-0.61,9.63,0.15,0.00,-0.00,-0.00
-12931,3.25,-1117,2.36,621,3,15463,15_04_05_27_01_2025,-0.61,9.64,0.14,0.00,-0.00,-0.00
-12965,3.25,-1099,2.36,621,3,15553,15_04_05_27_01_2025,-0.61,9.64,0.14,0.01,-0.00,-0.00
-13269,3.28,-1171,2.36,621,3,15593,15_04_05_27_01_2025,-0.60,9.65,0.14,0.00,-0.00,-0.00
-13352,3.28,-958,2.35,621,3,15660,15_04_05_27_01_2025,-0.59,9.65,0.15,0.00,-0.00,0.00
-12697,3.23,-825,2.34,621,3,15750,15_04_06_27_01_2025,-0.61,9.64,0.13,0.00,-0.00,-0.00
-11866,3.17,-1046,2.35,621,3,15793,15_04_06_27_01_2025,-0.60,9.64,0.14,0.00,-0.00,-0.00
-11061,3.11,-928,2.34,621,3,15856,15_04_06_27_01_2025,-0.61,9.65,0.15,0.00,-0.00,0.00
-10394,3.06,-1124,2.36,621,3,15947,15_04_06_27_01_2025,-0.61,9.66,0.14,0.00,-0.00,-0.00
-9831,3.02,-622,2.32,622,3,15987,15_04_06_27_01_2025,-0.59,9.65,0.14,0.01,-0.00,-0.00
-9432,2.99,-932,2.34,622,3,16053,15_04_06_27_01_2025,-0.60,9.64,0.14,0.01,-0.00,0.00
-8900,2.95,-965,2.35,621,3,16093,15_04_06_27_01_2025,-0.60,9.64,0.14,0.00,-0.00,0.00
-8886,2.95,-1197,2.36,621,3,16158,15_04_06_27_01_2025,-0.61,9.64,0.14,0.00,-0.00,-0.00
-8685,2.93,-726,2.33,622,3,16248,15_04_06_27_01_2025,-0.59,9.63,0.15,0.00,-0.00,-0.00
-8233,2.90,-959,2.35,621,3,16288,15_04_06_27_01_2025,-0.62,9.64,0.13,0.00,-0.00,-0.00
-8263,2.90,-1145,2.36,621,3,16355,15_04_06_27_01_2025,-0.60,9.63,0.15,0.01,-0.00,-0.00
-7840,2.87,-1160,2.36,621,3,16445,15_04_06_27_01_2025,-0.60,9.63,0.14,0.00,-0.00,-0.00
-7522,2.84,-1011,2.35,621,3,16484,15_04_06_27_01_2025,-0.60,9.64,0.13,0.01,-0.00,-0.00
-7625,2.85,-1076,2.35,621,3,16550,15_04_06_27_01_2025,-0.61,9.63,0.13,0.01,-0.00,-0.00
-7757,2.86,-1066,2.35,621,3,16641,15_04_06_27_01_2025,-0.60,9.64,0.13,0.00,-0.00,-0.00
-7580,2.85,-1170,2.36,622,3,16681,15_04_07_27_01_2025,-0.60,9.63,0.15,0.01,-0.00,-0.00
-7747,2.86,-1187,2.36,621,3,16747,15_04_07_27_01_2025,-0.59,9.65,0.14,0.01,-0.00,-0.00
-7601,2.85,-915,2.34,621,3,16837,15_04_07_27_01_2025,-0.60,9.63,0.14,0.00,-0.00,-0.00
-7802,2.86,-812,2.33,621,3,16877,15_04_07_27_01_2025,-0.61,9.64,0.13,0.00,-0.00,-0.00
-7522,2.84,-921,2.34,622,3,16942,15_04_07_27_01_2025,-0.61,9.64,0.15,0.00,-0.00,-0.00
-7299,2.83,-1019,2.35,621,3,17033,15_04_07_27_01_2025,-0.60,9.63,0.14,0.01,-0.00,-0.00
-7502,2.84,-908,2.34,621,3,17074,15_04_07_27_01_2025,-0.61,9.63,0.14,0.00,-0.00,-0.00
-7337,2.83,-965,2.35,621,3,17139,15_04_07_27_01_2025,-0.61,9.65,0.14,0.00,-0.00,-0.00
-7188,2.82,-813,2.33,621,3,17230,15_04_07_27_01_2025,-0.60,9.64,0.14,0.01,-0.00,-0.00
-7417,2.83,-902,2.34,621,3,17269,15_04_07_27_01_2025,-0.61,9.64,0.15,0.00,-0.00,0.00
-7535,2.84,-804,2.33,621,3,17335,15_04_07_27_01_2025,-0.60,9.63,0.14,0.00,-0.00,-0.00
-7106,2.81,-925,2.34,621,3,17376,15_04_07_27_01_2025,-0.60,9.64,0.14,0.00,-0.00,0.00
-7451,2.84,-1185,2.36,621,3,17441,15_04_07_27_01_2025,-0.61,9.63,0.14,0.00,-0.00,0.00
-7204,2.82,-759,2.33,621,3,17532,15_04_07_27_01_2025,-0.60,9.65,0.15,0.01,-0.00,-0.00
-7256,2.82,-1142,2.36,621,3,17571,15_04_07_27_01_2025,-0.60,9.64,0.14,0.00,-0.00,0.00
-7197,2.82,-955,2.35,621,3,17637,15_04_07_27_01_2025,-0.60,9.64,0.14,0.00,-0.00,-0.00
-7298,2.83,-1158,2.36,621,3,17729,15_04_08_27_01_2025,-0.61,9.65,0.15,0.00,-0.00,-0.00
-7488,2.84,-1082,2.35,621,3,17769,15_04_08_27_01_2025,-0.61,9.63,0.14,0.00,-0.00,-0.00
-7337,2.83,-1025,2.35,621,3,17833,15_04_08_27_01_2025,-0.61,9.64,0.14,0.00,-0.00,-0.00
-7356,2.83,-931,2.34,621,3,17923,15_04_08_27_01_2025,-0.61,9.64,0.14,0.00,-0.00,-0.00
-6986,2.80,-1157,2.36,621,3,17964,15_04_08_27_01_2025,-0.60,9.64,0.14,0.00,-0.00,-0.00
-7118,2.81,-1013,2.35,621,3,18031,15_04_08_27_01_2025,-0.60,9.63,0.14,0.01,-0.00,-0.00
-6897,2.80,-1116,2.36,621,3,18121,15_04_08_27_01_2025,-0.61,9.63,0.15,0.00,-0.00,-0.00
-6894,2.80,-1143,2.36,621,3,18162,15_04_08_27_01_2025,-0.60,9.63,0.14,0.00,-0.00,0.00
-6654,2.78,-1089,2.36,621,3,18226,15_04_08_27_01_2025,-0.60,9.65,0.15,0.00,-0.00,-0.00
-6826,2.79,-1086,2.36,622,3,18316,15_04_08_27_01_2025,-0.61,9.64,0.15,0.01,-0.00,-0.00
-6722,2.78,-1019,2.35,622,3,18356,15_04_08_27_01_2025,-0.60,9.65,0.15,0.00,-0.00,0.00
-6833,2.79,-1148,2.36,621,3,18423,15_04_08_27_01_2025,-0.61,9.64,0.15,0.00,-0.00,-0.00
-6818,2.79,-830,2.34,621,3,18513,15_04_08_27_01_2025,-0.60,9.66,0.14,0.00,-0.00,-0.00
-8303,2.90,-1093,2.36,621,3,18553,15_04_08_27_01_2025,-0.60,9.64,0.15,0.00,-0.00,0.00
-9388,2.98,-1077,2.35,622,3,18618,15_04_08_27_01_2025,-0.60,9.65,0.14,0.00,-0.00,0.00
-11725,3.16,-1249,2.37,622,3,18657,15_04_09_27_01_2025,-0.60,9.64,0.15,0.00,-0.00,0.00
-14189,3.35,-1393,2.38,621,3,18725,15_04_09_27_01_2025,-0.60,9.63,0.14,0.00,-0.00,0.00
-14010,3.33,-1243,2.37,622,3,18815,15_04_09_27_01_2025,-0.60,9.64,0.15,0.00,-0.00,-0.00
-13765,3.32,-1218,2.37,621,3,18855,15_04_09_27_01_2025,-0.59,9.65,0.15,0.00,-0.00,0.00
-14061,3.34,-1160,2.36,621,3,18920,15_04_09_27_01_2025,-0.61,9.63,0.15,0.01,-0.00,0.00
-14061,3.34,-1209,2.36,621,3,19010,15_04_09_27_01_2025,-0.59,9.65,0.14,0.00,-0.00,-0.00
-13730,3.31,-1374,2.38,622,3,19051,15_04_09_27_01_2025,-0.60,9.64,0.15,0.00,-0.00,0.00
-13696,3.31,-1020,2.35,621,3,19118,15_04_09_27_01_2025,-0.61,9.64,0.13,0.01,-0.00,-0.00
-13971,3.33,-1233,2.37,621,3,19207,15_04_09_27_01_2025,-0.61,9.64,0.14,0.00,-0.00,-0.00
-14135,3.34,-868,2.34,621,3,19246,15_04_09_27_01_2025,-0.60,9.63,0.14,0.00,-0.00,-0.00
-14081,3.34,-435,2.31,621,3,19313,15_04_09_27_01_2025,-0.60,9.64,0.14,0.01,-0.00,-0.00
-13837,3.32,-746,2.33,622,3,19403,15_04_09_27_01_2025,-0.61,9.64,0.15,0.00,-0.00,-0.00
-13692,3.31,-1295,2.37,621,3,19443,15_04_09_27_01_2025,-0.60,9.64,0.14,0.01,-0.00,-0.00
-13858,3.32,-822,2.34,621,3,19509,15_04_09_27_01_2025,-0.61,9.65,0.14,0.00,-0.00,-0.00
-13853,3.32,1343,2.17,622,3,19599,15_04_09_27_01_2025,-0.60,9.64,0.15,0.00,-0.00,0.00
-13943,3.33,2402,2.09,621,3,19639,15_04_10_27_01_2025,-0.60,9.64,0.14,0.01,-0.00,-0.00
-13814,3.32,2795,2.06,621,3,19705,15_04_10_27_01_2025,-0.60,9.64,0.15,0.00,-0.00,-0.00
-13699,3.31,3450,2.01,622,3,19797,15_04_10_27_01_2025,-0.61,9.64,0.15,0.00,-0.00,-0.00
-13796,3.32,3941,1.97,622,3,19838,15_04_10_27_01_2025,-0.60,9.65,0.15,0.00,-0.00,0.00
-13765,3.32,4067,1.96,621,3,19902,15_04_10_27_01_2025,-0.60,9.63,0.14,0.01,-0.01,-0.00
-13973,3.33,4061,1.97,621,3,19941,15_04_10_27_01_2025,-0.60,9.64,0.14,0.01,-0.00,-0.00
-14107,3.34,4032,1.97,621,3,20007,15_04_10_27_01_2025,-0.60,9.64,0.14,0.00,-0.00,0.00
-13720,3.31,4234,1.95,621,3,20098,15_04_10_27_01_2025,-0.60,9.64,0.14,0.00,-0.00,0.00
-13993,3.33,4167,1.96,621,3,20143,15_04_10_27_01_2025,-0.61,9.64,0.14,0.00,-0.00,-0.00
-14016,3.33,3768,1.99,621,3,20380,15_04_10_27_01_2025,-0.60,9.64,0.15,0.00,-0.00,-0.00
-13786,3.32,4054,1.97,621,3,20423,15_04_10_27_01_2025,-0.60,9.63,0.14,0.01,-0.00,-0.00
-13893,3.33,4073,1.96,621,3,20463,15_04_10_27_01_2025,-0.59,9.64,0.14,0.00,-0.00,-0.00
-13816,3.32,4025,1.97,621,3,20503,15_04_10_27_01_2025,-0.60,9.64,0.14,0.00,-0.00,0.00
-13752,3.31,3852,1.98,621,3,20543,15_04_10_27_01_2025,-0.60,9.63,0.14,0.00,-0.00,-0.00
-13678,3.31,3896,1.98,622,3,20583,15_04_10_27_01_2025,-0.61,9.64,0.14,0.00,-0.00,-0.00
-13878,3.32,3631,2.00,621,3,20623,15_04_10_27_01_2025,-0.60,9.64,0.14,0.01,-0.00,-0.00
-13677,3.31,3831,1.98,621,3,20686,15_04_11_27_01_2025,-0.60,9.65,0.14,0.00,-0.00,0.00
-13879,3.32,3658,2.00,621,3,20726,15_04_11_27_01_2025,-0.60,9.66,0.14,0.00,-0.00,-0.00
-13839,3.32,3836,1.98,621,3,20793,15_04_11_27_01_2025,-0.60,9.64,0.14,0.00,-0.00,0.00
-13814,3.32,3872,1.98,621,3,20882,15_04_11_27_01_2025,-0.60,9.64,0.15,0.00,-0.00,-0.00
-13766,3.32,3885,1.98,621,3,20922,15_04_11_27_01_2025,-0.60,9.65,0.14,0.00,-0.00,0.00
-14018,3.33,3867,1.98,621,3,20988,15_04_11_27_01_2025,-0.60,9.63,0.14,0.00,-0.00,-0.00
-13759,3.32,4102,1.96,621,3,21080,15_04_11_27_01_2025,-0.60,9.63,0.14,0.00,-0.00,-0.00
-13944,3.33,4062,1.97,621,3,21120,15_04_11_27_01_2025,-0.61,9.64,0.14,0.01,-0.00,-0.00
-13894,3.33,3877,1.98,621,3,21185,15_04_11_27_01_2025,-0.60,9.63,0.14,0.00,-0.00,-0.00
-13677,3.31,3878,1.98,621,3,21225,15_04_11_27_01_2025,-0.60,9.64,0.14,0.00,-0.00,-0.00
-13786,3.32,4046,1.97,621,3,21290,15_04_11_27_01_2025,-0.61,9.65,0.14,0.00,-0.00,0.00
-13951,3.33,3798,1.99,621,3,21381,15_04_11_27_01_2025,-0.60,9.64,0.14,0.00,-0.00,0.00
-13707,3.31,3613,2.00,622,3,21424,15_04_11_27_01_2025,-0.60,9.65,0.14,0.00,-0.00,0.00
-13633,3.31,3627,2.00,621,3,21487,15_04_11_27_01_2025,-0.60,9.63,0.14,0.00,-0.00,-0.00
-13785,3.32,3869,1.98,621,3,21577,15_04_11_27_01_2025,-0.60,9.65,0.14,0.00,-0.00,0.00
-13880,3.32,3872,1.98,622,3,21617,15_04_11_27_01_2025,-0.60,9.64,0.14,0.00,-0.00,-0.00
-13851,3.32,3902,1.98,621,3,21683,15_04_12_27_01_2025,-0.60,9.64,0.14,0.00,-0.00,0.00
-13855,3.32,3609,2.00,622,3,21774,15_04_12_27_01_2025,-0.60,9.63,0.14,0.00,-0.00,-0.00
-13908,3.33,3581,2.00,622,3,21824,15_04_12_27_01_2025,-0.61,9.64,0.14,0.00,-0.00,-0.00
-13932,3.33,3828,1.98,622,3,21880,15_04_12_27_01_2025,-0.60,9.64,0.13,0.01,-0.00,0.00
-13902,3.33,3503,2.01,621,3,21969,15_04_12_27_01_2025,-0.62,9.63,0.14,0.00,-0.00,-0.00
-13939,3.33,3435,2.01,621,3,22012,15_04_12_27_01_2025,-0.60,9.64,0.14,0.00,-0.00,-0.00
-13947,3.33,3371,2.02,621,3,22075,15_04_12_27_01_2025,-0.61,9.64,0.14,0.00,-0.00,-0.00
-13662,3.31,3059,2.04,621,3,22165,15_04_12_27_01_2025,-0.61,9.63,0.13,0.01,-0.00,-0.00
-13888,3.32,3117,2.04,622,3,22208,15_04_12_27_01_2025,-0.59,9.64,0.14,0.00,-0.00,-0.00
-13873,3.32,2968,2.05,621,3,22271,15_04_12_27_01_2025,-0.61,9.65,0.14,0.00,-0.00,0.00
-13908,3.33,2585,2.08,622,3,22363,15_04_12_27_01_2025,-0.60,9.64,0.14,0.01,-0.00,-0.00
-13995,3.33,861,2.21,621,3,22405,15_04_12_27_01_2025,-0.60,9.64,0.14,0.00,-0.00,0.00
-13914,3.33,-235,2.29,621,3,22468,15_04_12_27_01_2025,-0.61,9.64,0.14,0.00,-0.00,-0.00
-14047,3.34,-934,2.34,622,3,22513,15_04_12_27_01_2025,-0.61,9.64,0.14,0.01,-0.00,0.00
-14102,3.34,-1017,2.35,622,3,22574,15_04_12_27_01_2025,-0.60,9.65,0.15,0.01,-0.00,-0.00
-14043,3.34,-2238,2.44,621,3,22663,15_04_12_27_01_2025,-0.60,9.64,0.14,0.00,-0.00,-0.00
-14082,3.34,-1071,2.35,621,3,22705,15_04_13_27_01_2025,-0.60,9.65,0.14,0.00,-0.00,0.00
-14139,3.34,-1057,2.35,621,3,22771,15_04_13_27_01_2025,-0.60,9.63,0.14,0.00,-0.00,0.00
-13991,3.33,-1056,2.35,622,3,22861,15_04_13_27_01_2025,-0.60,9.63,0.13,0.00,-0.00,-0.00
-14066,3.34,-1150,2.36,621,3,22905,15_04_13_27_01_2025,-0.60,9.64,0.14,0.00,-0.00,-0.00
-14035,3.34,-1424,2.38,621,3,22966,15_04_13_27_01_2025,-0.59,9.64,0.14,0.01,-0.00,-0.00
-13928,3.33,-1424,2.38,621,3,23057,15_04_13_27_01_2025,-0.60,9.64,0.14,0.00,-0.00,0.00
-14031,3.34,-1061,2.35,621,3,23099,15_04_13_27_01_2025,-0.59,9.64,0.14,0.00,-0.00,-0.00
-14107,3.34,-1149,2.36,622,3,23163,15_04_13_27_01_2025,-0.60,9.63,0.14,0.01,-0.00,-0.00
-13937,3.33,-1043,2.35,621,3,23252,15_04_13_27_01_2025,-0.60,9.64,0.13,0.00,-0.00,-0.00
-14094,3.34,-1379,2.38,621,3,23297,15_04_13_27_01_2025,-0.61,9.64,0.14,0.01,-0.00,-0.00
-14095,3.34,-1415,2.38,621,3,23359,15_04_13_27_01_2025,-0.60,9.64,0.14,0.00,-0.00,-0.00
-14145,3.34,-1306,2.37,621,3,23449,15_04_13_27_01_2025,-0.60,9.63,0.14,0.00,-0.00,-0.00
-14190,3.35,-1280,2.37,622,3,23491,15_04_13_27_01_2025,-0.61,9.64,0.14,0.01,-0.00,-0.00
-13936,3.33,-1000,2.35,621,3,23555,15_04_13_27_01_2025,-0.61,9.65,0.14,0.00,-0.00,-0.00
-13976,3.33,-1299,2.37,621,3,23646,15_04_13_27_01_2025,-0.60,9.64,0.14,0.00,-0.00,-0.00
-14080,3.34,-1135,2.36,621,3,23691,15_04_14_27_01_2025,-0.59,9.64,0.14,0.00,-0.00,0.00
-13975,3.33,-1415,2.38,621,3,23751,15_04_14_27_01_2025,-0.59,9.63,0.14,0.00,-0.00,-0.00
-14151,3.34,-1342,2.37,622,3,23795,15_04_14_27_01_2025,-0.61,9.64,0.14,0.01,-0.00,-0.00
-14028,3.34,-1179,2.36,621,3,23858,15_04_14_27_01_2025,-0.61,9.63,0.14,0.00,-0.00,-0.00
-14212,3.35,-1111,2.36,622,3,23947,15_04_14_27_01_2025,-0.60,9.63,0.14,0.00,-0.00,-0.00
-13989,3.33,-932,2.34,621,3,23992,15_04_14_27_01_2025,-0.62,9.63,0.14,0.00,-0.00,-0.00
-13754,3.31,-1131,2.36,621,3,24053,15_04_14_27_01_2025,-0.60,9.63,0.14,0.00,-0.00,-0.00
-13999,3.33,-1308,2.37,621,3,24143,15_04_14_27_01_2025,-0.61,9.62,0.13,0.00,-0.00,-0.00
-14034,3.34,-1472,2.38,622,3,24186,15_04_14_27_01_2025,-0.60,9.64,0.15,0.00,-0.00,-0.00
-13821,3.32,-1379,2.38,622,3,24250,15_04_14_27_01_2025,-0.60,9.65,0.14,0.00,-0.00,-0.00
-14201,3.35,-1168,2.36,621,3,24340,15_04_14_27_01_2025,-0.61,9.63,0.14,0.01,-0.00,-0.00
-14061,3.34,-923,2.34,621,3,24384,15_04_14_27_01_2025,-0.61,9.63,0.14,0.00,-0.00,-0.00
-13841,3.32,-719,2.33,620,3,24445,15_04_14_27_01_2025,-0.60,9.64,0.14,0.00,-0.00,0.00
-13911,3.33,-863,2.34,621,3,24536,15_04_14_27_01_2025,-0.59,9.63,0.14,0.00,-0.00,-0.00
-13853,3.32,-2560,2.47,621,3,24578,15_04_14_27_01_2025,-0.60,9.64,0.15,0.00,-0.00,0.00
-13967,3.33,-2759,2.48,621,3,24641,15_04_14_27_01_2025,-0.61,9.63,0.14,0.00,-0.00,-0.00
-14009,3.33,-3537,2.54,620,3,24732,15_04_15_27_01_2025,-0.61,9.64,0.13,0.01,-0.00,0.00
-13953,3.33,-3501,2.54,621,3,24776,15_04_15_27_01_2025,-0.60,9.64,0.14,0.00,-0.00,-0.00
-13744,3.31,-4454,2.61,621,3,24839,15_04_15_27_01_2025,-0.61,9.64,0.14,0.00,-0.00,-0.00
-14053,3.34,-9928,3.02,621,3,24930,15_04_15_27_01_2025,-0.59,9.63,0.15,0.00,-0.00,-0.00
-13876,3.32,-17103,3.57,621,3,24972,15_04_15_27_01_2025,-0.60,9.64,0.13,0.01,-0.00,0.00
-13954,3.33,-20187,3.80,621,3,25034,15_04_15_27_01_2025,-0.61,9.63,0.15,0.00,-0.00,-0.00
-14007,3.33,-25093,4.17,622,3,25076,15_04_15_27_01_2025,-0.60,9.64,0.13,0.00,-0.00,0.00
-14078,3.34,-29038,4.47,621,3,25141,15_04_15_27_01_2025,-0.61,9.63,0.14,0.00,-0.00,-0.00
-14063,3.34,-33627,4.82,621,3,25231,15_04_15_27_01_2025,-0.60,9.64,0.15,0.00,-0.00,0.00
-13955,3.33,-37725,5.13,622,3,25273,15_04_15_27_01_2025,-0.62,9.63,0.14,0.00,-0.00,-0.00
-13924,3.33,-39708,5.28,621,3,25337,15_04_15_27_01_2025,-0.59,9.63,0.15,0.00,-0.00,-0.00
-13747,3.31,-41999,5.45,621,3,25426,15_04_15_27_01_2025,-0.60,9.63,0.14,0.00,-0.00,0.00
-14083,3.34,-45443,5.72,621,3,25471,15_04_15_27_01_2025,-0.60,9.64,0.14,0.01,-0.00,-0.00
-13847,3.32,-46451,5.79,621,3,25533,15_04_15_27_01_2025,-0.60,9.65,0.13,0.00,-0.00,0.00
-14008,3.33,-47910,5.90,621,3,25624,15_04_15_27_01_2025,-0.60,9.64,0.14,0.00,-0.00,-0.00
-13776,3.32,-48535,5.95,620,3,25667,15_04_16_27_01_2025,-0.60,9.63,0.14,0.00,-0.00,-0.00
-13848,3.32,-48322,5.93,622,3,25729,15_04_16_27_01_2025,-0.60,9.64,0.14,0.00,-0.00,-0.00
-13848,3.32,-47915,5.90,621,3,25818,15_04_16_27_01_2025,-0.59,9.64,0.14,0.00,-0.00,0.00
-13922,3.33,-48780,5.97,621,3,25864,15_04_16_27_01_2025,-0.60,9.64,0.14,0.00,-0.00,0.00
-13918,3.33,-47944,5.90,621,3,25926,15_04_16_27_01_2025,-0.60,9.63,0.15,0.00,-0.00,-0.00
-13888,3.32,-47530,5.87,621,3,26015,15_04_16_27_01_2025,-0.60,9.64,0.13,0.00,-0.00,-0.00
-13897,3.33,-47224,5.85,621,3,26057,15_04_16_27_01_2025,-0.60,9.64,0.14,0.01,-0.00,-0.00
-13830,3.32,-47262,5.85,622,3,26121,15_04_16_27_01_2025,-0.60,9.64,0.14,0.00,-0.00,-0.00
-14082,3.34,-47859,5.90,620,3,26212,15_04_16_27_01_2025,-0.61,9.63,0.14,0.00,-0.00,-0.00
-13921,3.33,-50446,6.09,621,3,26258,15_04_16_27_01_2025,-0.60,9.64,0.14,0.00,-0.00,-0.00
-13905,3.33,-50361,6.09,621,3,26317,15_04_16_27_01_2025,-0.60,9.65,0.14,0.00,-0.00,-0.00
-13974,3.33,-50661,6.11,622,3,26359,15_04_16_27_01_2025,-0.60,9.65,0.14,0.00,-0.00,-0.00
-14009,3.33,-49196,6.00,621,3,26423,15_04_16_27_01_2025,-0.60,9.64,0.14,0.01,-0.00,0.00
-13704,3.31,-48912,5.98,621,3,26513,15_04_16_27_01_2025,-0.61,9.65,0.14,0.00,-0.00,-0.00
-13945,3.33,-49410,6.02,621,3,26556,15_04_16_27_01_2025,-0.60,9.63,0.14,0.00,-0.00,-0.00
-14010,3.33,-49825,6.05,621,3,26620,15_04_16_27_01_2025,-0.60,9.63,0.13,0.00,-0.00,-0.00
-13988,3.33,-50180,6.07,621,3,26710,15_04_17_27_01_2025,-0.61,9.64,0.14,0.00,-0.00,-0.00
-13875,3.32,-52519,6.25,621,3,26751,15_04_17_27_01_2025,-0.60,9.64,0.14,0.00,-0.00,-0.00
-13716,3.31,-52767,6.27,621,3,26816,15_04_17_27_01_2025,-0.60,9.64,0.14,0.00,-0.00,-0.00
-13847,3.32,-56046,6.52,621,3,26906,15_04_17_27_01_2025,-0.60,9.64,0.14,0.01,-0.00,-0.00
-13847,3.32,-55993,6.51,621,3,26951,15_04_17_27_01_2025,-0.60,9.63,0.14,0.00,-0.00,-0.00
-13859,3.32,-55438,6.47,622,3,27011,15_04_17_27_01_2025,-0.61,9.64,0.14,0.00,-0.00,0.00
-13873,3.32,-53424,6.32,621,3,27102,15_04_17_27_01_2025,-0.60,9.64,0.14,0.00,-0.00,0.00
-13870,3.32,-51889,6.20,622,3,27144,15_04_17_27_01_2025,-0.60,9.64,0.14,0.00,-0.00,-0.00
-13852,3.32,-52220,6.23,621,3,27208,15_04_17_27_01_2025,-0.61,9.64,0.14,0.01,-0.00,-0.00
-13825,3.32,-52728,6.27,621,3,27299,15_04_17_27_01_2025,-0.60,9.64,0.13,0.01,-0.00,-0.00
-13896,3.33,-53567,6.33,621,3,27344,15_04_17_27_01_2025,-0.61,9.64,0.14,0.00,-0.00,-0.00
-13758,3.32,-53820,6.35,621,3,27404,15_04_17_27_01_2025,-0.60,9.64,0.14,0.00,-0.00,-0.00
-13994,3.33,-55520,6.48,621,3,27496,15_04_17_27_01_2025,-0.60,9.63,0.14,0.00,-0.00,-0.00
-13728,3.31,-54922,6.43,621,3,27538,15_04_17_27_01_2025,-0.60,9.63,0.14,0.00,-0.00,-0.00
-13828,3.32,-54705,6.42,621,3,27601,15_04_17_27_01_2025,-0.61,9.64,0.14,0.00,-0.00,0.00
-13748,3.31,-53071,6.29,622,3,27643,15_04_18_27_01_2025,-0.60,9.64,0.14,0.00,-0.00,-0.00
-13905,3.33,-51765,6.19,621,3,27706,15_04_18_27_01_2025,-0.61,9.64,0.15,0.00,-0.00,0.00
-13923,3.33,-50919,6.13,622,3,27797,15_04_18_27_01_2025,-0.61,9.64,0.14,0.00,-0.00,-0.00
-14065,3.34,-49373,6.01,621,3,27838,15_04_18_27_01_2025,-0.61,9.64,0.14,0.01,-0.00,-0.00
-13913,3.33,-49130,5.99,621,3,27903,15_04_18_27_01_2025,-0.59,9.64,0.14,0.00,-0.00,0.00
-13960,3.33,-47434,5.87,620,3,27993,15_04_18_27_01_2025,-0.60,9.64,0.14,0.00,-0.00,-0.00
-13805,3.32,-43846,5.59,621,3,28038,15_04_18_27_01_2025,-0.61,9.63,0.14,0.00,-0.00,-0.00
-13679,3.31,-43362,5.56,621,3,28099,15_04_18_27_01_2025,-0.61,9.64,0.14,0.00,-0.00,-0.00
-13892,3.33,-42501,5.49,622,3,28189,15_04_18_27_01_2025,-0.61,9.64,0.14,0.00,-0.00,-0.00
-14056,3.34,-39951,5.30,622,3,28231,15_04_18_27_01_2025,-0.60,9.64,0.14,0.01,-0.00,-0.00
-13867,3.32,-39856,5.29,621,3,28295,15_04_18_27_01_2025,-0.59,9.64,0.14,0.00,-0.00,-0.00
-13882,3.32,-38399,5.18,621,3,28385,15_04_18_27_01_2025,-0.61,9.64,0.13,0.01,-0.00,0.00
-14037,3.34,-33992,4.85,621,3,28429,15_04_18_27_01_2025,-0.60,9.65,0.13,0.00,-0.00,-0.00
-14084,3.34,-33298,4.80,621,3,28491,15_04_18_27_01_2025,-0.61,9.63,0.13,0.01,-0.00,-0.00
-13812,3.32,-31662,4.67,621,3,28581,15_04_18_27_01_2025,-0.61,9.64,0.14,0.00,-0.00,-0.00
-13778,3.32,-29839,4.53,621,3,28624,15_04_18_27_01_2025,-0.60,9.64,0.14,0.00,-0.00,-0.00
-13777,3.32,-30019,4.55,620,3,28688,15_04_19_27_01_2025,-0.60,9.63,0.14,0.00,-0.00,-0.00
-14041,3.34,-29020,4.47,621,3,28779,15_04_19_27_01_2025,-0.60,9.64,0.14,0.00,-0.00,-0.00
-13817,3.32,-24211,4.11,622,3,28823,15_04_19_27_01_2025,-0.61,9.63,0.14,0.00,-0.00,-0.00
-13906,3.33,-18750,3.69,621,3,28884,15_04_19_27_01_2025,-0.60,9.64,0.15,0.00,-0.00,-0.00
-13939,3.33,-8708,2.93,621,3,28926,15_04_19_27_01_2025,-0.61,9.63,0.15,0.00,-0.00,0.00
-14023,3.34,-2858,2.49,621,3,28990,15_04_19_27_01_2025,-0.61,9.64,0.14,0.00,-0.00,-0.00
-13849,3.32,-1642,2.40,621,3,29080,15_04_19_27_01_2025,-0.60,9.65,0.14,0.00,-0.00,0.00
-14089,3.34,-1369,2.38,621,3,29122,15_04_19_27_01_2025,-0.60,9.64,0.15,0.00,-0.00,-0.00
-13886,3.32,-1009,2.35,621,3,29186,15_04_19_27_01_2025,-0.61,9.64,0.14,0.00,-0.00,0.00
-13967,3.33,-1258,2.37,621,3,29276,15_04_19_27_01_2025,-0.60,9.65,0.14,0.00,-0.00,0.00
-13939,3.33,-1258,2.37,620,3,29319,15_04_19_27_01_2025,-0.60,9.64,0.14,0.00,-0.00,-0.00
-14003,3.33,-1206,2.36,621,3,29382,15_04_19_27_01_2025,-0.60,9.64,0.14,0.00,-0.00,-0.00
-14018,3.33,-1182,2.36,621,3,29472,15_04_19_27_01_2025,-0.60,9.65,0.14,0.00,-0.00,-0.00
-13690,3.31,-1481,2.38,621,3,29516,15_04_19_27_01_2025,-0.60,9.65,0.14,0.00,-0.00,-0.00
-13759,3.32,-1416,2.38,621,3,29579,15_04_19_27_01_2025,-0.61,9.64,0.14,0.00,-0.00,-0.00
-13871,3.32,-1341,2.37,621,3,29669,15_04_19_27_01_2025,-0.60,9.64,0.14,0.00,-0.00,-0.00
-13869,3.32,-1117,2.36,620,3,29712,15_04_20_27_01_2025,-0.62,9.64,0.14,0.01,-0.00,-0.00
-14028,3.34,-1193,2.36,621,3,29775,15_04_20_27_01_2025,-0.60,9.63,0.14,0.00,-0.00,0.00
-13755,3.31,-1341,2.37,621,3,29864,15_04_20_27_01_2025,-0.61,9.64,0.14,0.00,-0.00,0.00
-13845,3.32,-1173,2.36,621,3,29910,15_04_20_27_01_2025,-0.61,9.64,0.14,0.00,-0.00,-0.00
-13824,3.32,-930,2.34,621,3,29971,15_04_20_27_01_2025,-0.60,9.64,0.14,0.00,-0.00,0.00
-13655,3.31,-1001,2.35,622,3,30061,15_04_20_27_01_2025,-0.61,9.64,0.14,0.00,-0.00,-0.00
-13584,3.30,-977,2.35,621,3,30104,15_04_20_27_01_2025,-0.60,9.64,0.14,0.00,-0.00,-0.00
-13748,3.31,-926,2.34,621,3,30167,15_04_20_27_01_2025,-0.61,9.63,0.12,0.01,-0.00,-0.00
-13789,3.32,-548,2.31,621,3,30209,15_04_20_27_01_2025,-0.60,9.64,0.14,0.00,-0.00,-0.00
-13636,3.31,-644,2.32,621,3,30273,15_04_20_27_01_2025,-0.60,9.65,0.13,0.00,-0.00,0.00
-13734,3.31,-385,2.30,621,3,30363,15_04_20_27_01_2025,-0.62,9.64,0.14,0.00,-0.00,-0.00
-13825,3.32,-1223,2.37,621,3,30405,15_04_20_27_01_2025,-0.61,9.63,0.15,0.00,-0.00,-0.00
-13759,3.32,-1451,2.38,620,3,30469,15_04_20_27_01_2025,-0.61,9.63,0.13,0.00,-0.01,-0.00
-13561,3.30,-1512,2.39,621,3,30559,15_04_20_27_01_2025,-0.61,9.63,0.14,0.00,-0.00,-0.00
-13968,3.33,-2238,2.44,621,3,30602,15_04_20_27_01_2025,-0.60,9.64,0.14,0.00,-0.00,-0.00
-13210,3.27,-2761,2.48,621,3,30666,15_04_21_27_01_2025,-0.60,9.62,0.14,0.00,-0.00,-0.00
-14032,3.34,-2740,2.48,621,3,30755,15_04_21_27_01_2025,-0.60,9.63,0.14,0.00,-0.00,-0.00
-12774,3.24,-2266,2.44,621,3,30797,15_04_21_27_01_2025,-0.62,9.63,0.14,0.01,-0.00,-0.00
-12815,3.24,-2370,2.45,621,3,30861,15_04_21_27_01_2025,-0.60,9.64,0.14,0.00,-0.00,-0.00
-11919,3.18,-1496,2.39,621,3,30952,15_04_21_27_01_2025,-0.60,9.64,0.14,0.01,-0.00,-0.00
-12855,3.25,-1399,2.38,621,3,30997,15_04_21_27_01_2025,-0.60,9.64,0.14,0.00,-0.00,-0.00
-11990,3.18,-791,2.33,621,3,31058,15_04_21_27_01_2025,-0.61,9.63,0.14,0.00,-0.01,-0.00
-11847,3.17,-560,2.32,621,3,31147,15_04_21_27_01_2025,-0.60,9.64,0.13,0.01,-0.00,-0.00
-11552,3.15,-70,2.28,621,3,31189,15_04_21_27_01_2025,-0.59,9.62,0.12,0.01,-0.01,-0.00
-11504,3.14,-231,2.29,622,3,31253,15_04_21_27_01_2025,-0.57,9.79,0.19,0.01,-0.00,-0.00
-11308,3.13,-663,2.32,621,3,31345,15_04_21_27_01_2025,-0.58,9.70,0.17,0.01,-0.00,-0.02
-11432,3.14,-306,2.30,621,3,31391,15_04_21_27_01_2025,-0.60,9.66,0.15,-0.00,-0.00,0.01
-11171,3.12,-162,2.29,621,3,31450,15_04_21_27_01_2025,-0.61,9.63,0.14,0.00,-0.00,-0.00
-11233,3.12,140,2.26,621,3,31491,15_04_21_27_01_2025,-0.61,9.63,0.14,0.00,-0.00,-0.01
-11218,3.12,71,2.27,621,3,31555,15_04_21_27_01_2025,-0.59,9.67,0.15,0.00,-0.00,0.00
-11292,3.13,119,2.26,621,3,31646,15_04_21_27_01_2025,-0.59,9.65,0.15,0.01,-0.00,-0.00
-11605,3.15,261,2.25,621,3,31689,15_04_22_27_01_2025,-0.60,9.64,0.14,0.00,-0.00,0.00
-11336,3.13,271,2.25,621,3,31753,15_04_22_27_01_2025,-0.59,9.65,0.14,0.00,-0.00,0.00
-11510,3.14,735,2.22,622,3,31842,15_04_22_27_01_2025,-0.60,9.64,0.14,0.01,-0.00,-0.00
-11113,3.11,2131,2.11,621,3,31884,15_04_22_27_01_2025,-0.61,9.64,0.13,0.01,-0.00,0.00
-11019,3.11,2586,2.08,621,3,31948,15_04_22_27_01_2025,-0.60,9.64,0.14,0.00,-0.00,-0.00
-11121,3.12,597,2.23,620,3,32038,15_04_22_27_01_2025,-0.60,9.65,0.13,0.00,-0.00,0.00
-11008,3.11,80,2.27,621,3,32081,15_04_22_27_01_2025,-0.61,9.64,0.14,0.00,-0.00,0.00
-10715,3.08,477,2.24,621,3,32144,15_04_22_27_01_2025,-0.61,9.65,0.14,0.00,-0.00,-0.00
-10812,3.09,555,2.23,621,3,32235,15_04_22_27_01_2025,-0.60,9.64,0.15,0.01,-0.01,-0.00
-11379,3.13,820,2.21,621,3,32277,15_04_22_27_01_2025,-0.61,9.65,0.15,0.00,-0.00,0.00
-11167,3.12,-93,2.28,621,3,32341,15_04_22_27_01_2025,-0.60,9.64,0.15,0.00,-0.00,-0.00
-11072,3.11,597,2.23,621,3,32430,15_04_22_27_01_2025,-0.61,9.65,0.14,0.00,-0.00,-0.00
-10994,3.11,1639,2.15,621,3,32473,15_04_22_27_01_2025,-0.61,9.64,0.14,0.00,-0.00,-0.00
-10756,3.09,1672,2.15,621,3,32536,15_04_22_27_01_2025,-0.60,9.64,0.15,0.00,-0.00,0.00
-10508,3.07,1858,2.13,621,3,32628,15_04_22_27_01_2025,-0.60,9.64,0.15,0.00,-0.01,0.00
-9916,3.02,2198,2.11,621,3,32671,15_04_23_27_01_2025,-0.60,9.63,0.15,0.00,-0.01,-0.00
-9781,3.01,2020,2.12,621,3,32733,15_04_23_27_01_2025,-0.62,9.64,0.14,0.00,-0.00,-0.00
-9795,3.01,1797,2.14,620,3,32775,15_04_23_27_01_2025,-0.61,9.64,0.14,0.00,-0.00,-0.00
-9806,3.02,1917,2.13,621,3,32839,15_04_23_27_01_2025,-0.61,9.64,0.14,0.00,-0.00,-0.00
-10211,3.05,2070,2.12,621,3,32929,15_04_23_27_01_2025,-0.61,9.63,0.14,0.00,-0.00,0.00
-10559,3.07,2372,2.09,621,3,32971,15_04_23_27_01_2025,-0.61,9.64,0.14,0.00,-0.00,-0.00
-10733,3.09,2393,2.09,621,3,33035,15_04_23_27_01_2025,-0.60,9.64,0.14,0.00,-0.00,-0.00
-10840,3.09,2659,2.07,621,3,33125,15_04_23_27_01_2025,-0.60,9.64,0.14,0.00,-0.00,-0.00
-10548,3.07,2571,2.08,622,3,33167,15_04_23_27_01_2025,-0.60,9.64,0.14,0.00,-0.00,-0.00
-11088,3.11,2485,2.08,621,3,33231,15_04_23_27_01_2025,-0.61,9.63,0.13,0.01,-0.00,-0.00
-11931,3.18,2273,2.10,621,3,33321,15_04_23_27_01_2025,-0.61,9.65,0.15,0.01,-0.00,0.00
-14824,3.40,2762,2.06,621,3,33364,15_04_23_27_01_2025,-0.60,9.64,0.14,0.00,-0.00,-0.00
-16365,3.51,2377,2.09,621,3,33428,15_04_23_27_01_2025,-0.59,9.64,0.14,0.00,-0.00,0.00
-19717,3.77,2580,2.08,621,3,33517,15_04_23_27_01_2025,-0.61,9.65,0.14,0.01,-0.00,-0.00
-25079,4.17,2132,2.11,621,3,33559,15_04_23_27_01_2025,-0.60,9.64,0.14,0.00,-0.00,-0.00
-27508,4.36,1940,2.13,621,3,33624,15_04_23_27_01_2025,-0.61,9.65,0.14,0.00,-0.00,-0.00
-39632,5.28,2172,2.11,621,3,33714,15_04_24_27_01_2025,-0.60,9.65,0.14,0.00,-0.00,-0.00
-65148,7.21,2423,2.09,621,3,33756,15_04_24_27_01_2025,-0.61,9.64,0.14,0.00,-0.00,-0.00
-74631,7.93,1855,2.13,621,3,33820,15_04_24_27_01_2025,-0.61,9.63,0.14,0.00,-0.00,-0.00
-93269,9.34,1660,2.15,621,3,33911,15_04_24_27_01_2025,-0.60,9.63,0.14,0.01,-0.00,0.00
-114118,10.92,1450,2.16,621,3,33953,15_04_24_27_01_2025,-0.61,9.64,0.14,0.00,-0.00,-0.00
-115469,11.02,1437,2.16,621,3,34019,15_04_24_27_01_2025,-0.61,9.63,0.14,0.00,-0.00,-0.00
-114569,10.95,1698,2.14,621,3,34111,15_04_24_27_01_2025,-0.61,9.64,0.14,0.00,-0.00,-0.00
-121224,11.46,1349,2.17,621,3,34154,15_04_24_27_01_2025,-0.60,9.64,0.14,0.00,-0.00,-0.00
-127631,11.94,1510,2.16,621,3,34219,15_04_24_27_01_2025,-0.61,9.65,0.14,0.00,-0.00,-0.00
-139573,12.85,2083,2.11,620,3,34310,15_04_24_27_01_2025,-0.60,9.64,0.14,0.00,-0.00,0.00
-152434,13.82,1575,2.15,621,3,34352,15_04_24_27_01_2025,-0.60,9.63,0.15,0.00,-0.00,-0.00
-159081,14.32,1388,2.17,621,3,34419,15_04_24_27_01_2025,-0.62,9.64,0.14,0.00,-0.00,-0.00
-168689,15.05,1612,2.15,621,3,34510,15_04_24_27_01_2025,-0.59,9.64,0.14,0.00,-0.00,0.00
-177840,15.75,1247,2.18,621,3,34602,15_04_24_27_01_2025,-0.60,9.64,0.13,0.01,-0.00,-0.00
-188801,16.58,2040,2.12,621,3,34645,15_04_25_27_01_2025,-0.61,9.64,0.13,0.00,-0.00,-0.00
-194851,17.03,1773,2.14,621,3,34709,15_04_25_27_01_2025,-0.61,9.64,0.14,0.00,-0.00,0.00
-203746,17.71,1435,2.16,621,3,34802,15_04_25_27_01_2025,-0.61,9.63,0.14,0.00,-0.00,-0.00
-216717,18.69,1388,2.17,621,3,34846,15_04_25_27_01_2025,-0.61,9.63,0.13,0.01,-0.00,-0.00
-221900,19.08,1302,2.17,621,3,34909,15_04_25_27_01_2025,-0.61,9.64,0.14,0.01,-0.00,-0.00
-223267,19.19,1730,2.14,621,3,35001,15_04_25_27_01_2025,-0.61,9.63,0.14,0.00,-0.01,0.00
-231994,19.85,1397,2.17,621,3,35044,15_04_25_27_01_2025,-0.62,9.63,0.14,0.00,-0.00,-0.00
-234280,20.02,1448,2.16,621,3,35110,15_04_25_27_01_2025,-0.60,9.63,0.14,0.01,-0.00,-0.00
-225133,19.33,1594,2.15,621,3,35201,15_04_25_27_01_2025,-0.60,9.64,0.14,0.00,-0.00,0.00
-162214,14.56,1451,2.16,621,3,35294,15_04_25_27_01_2025,-0.61,9.63,0.14,0.00,-0.00,-0.00
-50223,6.08,863,2.21,621,3,35342,15_04_25_27_01_2025,-0.61,9.64,0.14,0.00,-0.00,-0.00
-28649,4.44,1626,2.15,621,3,35398,15_04_25_27_01_2025,-0.60,9.63,0.13,0.00,-0.00,-0.00
-16972,3.56,839,2.21,621,3,35441,15_04_25_27_01_2025,-0.60,9.63,0.15,0.00,-0.00,-0.00
-16040,3.49,904,2.20,621,3,35504,15_04_25_27_01_2025,-0.61,9.63,0.15,0.00,-0.00,-0.00
-13804,3.32,1268,2.18,621,3,35594,15_04_25_27_01_2025,-0.61,9.64,0.14,0.01,-0.00,-0.00
-12819,3.24,2125,2.11,620,3,35636,15_04_25_27_01_2025,-0.60,9.63,0.14,0.00,-0.00,0.00
-12819,3.24,1731,2.14,621,3,35701,15_04_26_27_01_2025,-0.61,9.64,0.14,0.00,-0.00,-0.00
-12998,3.26,972,2.20,621,3,35791,15_04_26_27_01_2025,-0.61,9.62,0.14,0.00,-0.00,-0.00
-12786,3.24,1510,2.16,621,3,35833,15_04_26_27_01_2025,-0.61,9.64,0.14,0.00,-0.00,-0.00
-12862,3.25,1875,2.13,621,3,35897,15_04_26_27_01_2025,-0.61,9.64,0.13,0.00,-0.00,-0.00
-13243,3.28,1827,2.13,621,3,35987,15_04_26_27_01_2025,-0.60,9.63,0.14,0.00,-0.00,-0.00
-13162,3.27,1853,2.13,621,3,36029,15_04_26_27_01_2025,-0.61,9.64,0.13,0.01,-0.00,-0.00
-12421,3.21,2186,2.11,620,3,36094,15_04_26_27_01_2025,-0.61,9.64,0.13,0.00,-0.01,-0.00
-12457,3.22,1868,2.13,621,3,36183,15_04_26_27_01_2025,-0.60,9.64,0.14,0.00,-0.00,0.00
-12545,3.22,1496,2.16,621,3,36225,15_04_26_27_01_2025,-0.61,9.64,0.14,0.00,-0.00,-0.00
-12444,3.22,1859,2.13,620,3,36289,15_04_26_27_01_2025,-0.60,9.64,0.14,0.01,-0.00,-0.00
-12507,3.22,1915,2.13,621,3,36379,15_04_26_27_01_2025,-0.61,9.64,0.14,0.00,-0.00,-0.00
-12404,3.21,2102,2.11,621,3,36422,15_04_26_27_01_2025,-0.61,9.64,0.14,0.00,-0.00,-0.00
-12562,3.22,1908,2.13,621,3,36485,15_04_26_27_01_2025,-0.61,9.64,0.13,0.00,-0.00,-0.00
-12369,3.21,1627,2.15,621,3,36576,15_04_26_27_01_2025,-0.60,9.64,0.14,0.00,-0.00,-0.00
-12484,3.22,1884,2.13,621,3,36618,15_04_26_27_01_2025,-0.61,9.64,0.13,0.01,-0.00,-0.00
-12398,3.21,2040,2.12,621,3,36681,15_04_27_27_01_2025,-0.60,9.63,0.14,0.00,-0.00,-0.00
-12109,3.19,2002,2.12,621,3,36726,15_04_27_27_01_2025,-0.61,9.63,0.13,0.00,-0.00,0.00
-12093,3.19,1660,2.15,621,3,36788,15_04_27_27_01_2025,-0.61,9.63,0.14,0.00,-0.00,-0.00
-12262,3.20,2035,2.12,620,3,36877,15_04_27_27_01_2025,-0.60,9.64,0.15,0.00,-0.00,-0.00
-12005,3.18,2280,2.10,621,3,36919,15_04_27_27_01_2025,-0.61,9.63,0.14,0.00,-0.00,-0.00
-12060,3.19,2222,2.10,620,3,36983,15_04_27_27_01_2025,-0.61,9.63,0.13,0.01,-0.00,-0.00
-12184,3.20,2043,2.12,620,3,37074,15_04_27_27_01_2025,-0.61,9.63,0.13,0.01,-0.00,-0.00
-12034,3.18,2043,2.12,621,3,37119,15_04_27_27_01_2025,-0.61,9.64,0.14,0.00,-0.00,-0.00
-12262,3.20,1990,2.12,620,3,37180,15_04_27_27_01_2025,-0.61,9.65,0.14,0.00,-0.00,0.00
-12347,3.21,2325,2.10,621,3,37269,15_04_27_27_01_2025,-0.62,9.62,0.14,0.00,-0.00,-0.00
-12448,3.22,2442,2.09,621,3,37311,15_04_27_27_01_2025,-0.61,9.64,0.14,0.00,-0.00,-0.00
-12448,3.22,2300,2.10,621,3,37375,15_04_27_27_01_2025,-0.61,9.64,0.14,0.00,-0.00,0.00
-11957,3.18,2248,2.10,621,3,37465,15_04_27_27_01_2025,-0.60,9.64,0.14,0.00,-0.00,-0.00
-12041,3.18,2277,2.10,621,3,37508,15_04_27_27_01_2025,-0.61,9.64,0.14,0.00,-0.00,0.00
-11912,3.18,2164,2.11,622,3,37572,15_04_27_27_01_2025,-0.59,9.64,0.14,0.00,-0.00,-0.00
-11954,3.18,2468,2.09,621,3,37662,15_04_27_27_01_2025,-0.60,9.65,0.14,0.00,-0.00,0.00
-11930,3.18,2345,2.10,621,3,37703,15_04_28_27_01_2025,-0.59,9.63,0.13,0.00,-0.00,-0.00
-11875,3.17,2390,2.09,621,3,37768,15_04_28_27_01_2025,-0.61,9.64,0.14,0.00,-0.00,0.00
-11970,3.18,2301,2.10,621,3,37861,15_04_28_27_01_2025,-0.61,9.64,0.15,0.01,-0.00,0.00
-11992,3.18,2246,2.10,621,3,37903,15_04_28_27_01_2025,-0.60,9.64,0.13,0.00,-0.00,0.00
-12139,3.19,2293,2.10,622,3,37964,15_04_28_27_01_2025,-0.61,9.63,0.14,0.00,-0.00,-0.00
-11899,3.17,2168,2.11,621,3,38006,15_04_28_27_01_2025,-0.60,9.63,0.14,0.00,-0.00,-0.00
-11942,3.18,2353,2.09,621,3,38070,15_04_28_27_01_2025,-0.61,9.64,0.13,0.00,-0.00,-0.00
-12008,3.18,2131,2.11,622,3,38161,15_04_28_27_01_2025,-0.61,9.64,0.15,0.00,-0.00,-0.00
-12141,3.19,2121,2.11,621,3,38205,15_04_28_27_01_2025,-0.61,9.63,0.14,0.01,-0.00,-0.00
-11990,3.18,2135,2.11,621,3,38267,15_04_28_27_01_2025,-0.61,9.64,0.12,0.00,-0.00,-0.00
-11976,3.18,2230,2.10,621,3,38357,15_04_28_27_01_2025,-0.61,9.63,0.14,0.00,-0.00,-0.00
-12218,3.20,2198,2.11,621,3,38399,15_04_28_27_01_2025,-0.60,9.63,0.14,0.00,-0.00,0.00
-12189,3.20,2149,2.11,621,3,38463,15_04_28_27_01_2025,-0.61,9.64,0.14,0.00,-0.00,-0.00
-11990,3.18,2237,2.10,622,3,38553,15_04_28_27_01_2025,-0.60,9.63,0.13,0.00,-0.00,-0.00
-12080,3.19,2239,2.10,621,3,38598,15_04_28_27_01_2025,-0.61,9.64,0.14,0.00,-0.00,-0.00
-11984,3.18,2210,2.11,620,3,38659,15_04_29_27_01_2025,-0.61,9.65,0.15,0.00,-0.00,-0.00
-12046,3.19,2353,2.09,621,3,38749,15_04_29_27_01_2025,-0.62,9.64,0.13,0.01,-0.01,-0.00
-12206,3.20,2314,2.10,621,3,38792,15_04_29_27_01_2025,-0.60,9.63,0.15,0.00,-0.00,0.00
-11979,3.18,2513,2.08,621,3,38856,15_04_29_27_01_2025,-0.60,9.65,0.15,0.00,-0.00,0.00
-12112,3.19,1971,2.12,621,3,38945,15_04_29_27_01_2025,-0.61,9.64,0.15,0.00,-0.00,-0.00
-12067,3.19,2097,2.11,620,3,38990,15_04_29_27_01_2025,-0.60,9.64,0.14,0.01,-0.00,-0.00
-11996,3.18,2189,2.11,621,3,39052,15_04_29_27_01_2025,-0.61,9.64,0.14,0.00,-0.00,0.00
-12138,3.19,2244,2.10,621,3,39142,15_04_29_27_01_2025,-0.61,9.64,0.14,0.00,-0.00,-0.00
-12074,3.19,2237,2.10,621,3,39185,15_04_29_27_01_2025,-0.61,9.63,0.14,0.00,-0.00,-0.00
-12078,3.19,2149,2.11,621,3,39248,15_04_29_27_01_2025,-0.60,9.64,0.14,0.00,-0.00,-0.00
-12181,3.20,2287,2.10,621,3,39290,15_04_29_27_01_2025,-0.61,9.63,0.15,0.01,-0.00,-0.00
-11960,3.18,2287,2.10,620,3,39353,15_04_29_27_01_2025,-0.60,9.64,0.14,0.00,-0.00,-0.00
-12170,3.19,2276,2.10,621,3,39444,15_04_29_27_01_2025,-0.61,9.64,0.14,0.00,-0.00,-0.00
-12014,3.18,2122,2.11,621,3,39486,15_04_29_27_01_2025,-0.61,9.63,0.14,0.01,-0.00,-0.00
-12207,3.20,2194,2.11,621,3,39550,15_04_29_27_01_2025,-0.60,9.64,0.14,0.00,-0.00,0.00
-12098,3.19,2213,2.11,621,3,39639,15_04_29_27_01_2025,-0.60,9.64,0.14,0.00,-0.00,-0.00
-12142,3.19,2017,2.12,621,3,39684,15_04_30_27_01_2025,-0.61,9.64,0.13,0.00,-0.00,-0.00
-11896,3.17,2142,2.11,621,3,39746,15_04_30_27_01_2025,-0.60,9.63,0.14,0.00,-0.00,-0.00
-12112,3.19,2282,2.10,621,3,39836,15_04_30_27_01_2025,-0.60,9.63,0.14,0.00,-0.00,0.00
-12078,3.19,2157,2.11,621,3,39878,15_04_30_27_01_2025,-0.60,9.63,0.14,0.00,-0.00,-0.00
-12101,3.19,2296,2.10,621,3,39941,15_04_30_27_01_2025,-0.61,9.65,0.13,0.00,-0.00,-0.00
-12070,3.19,2096,2.11,621,3,40032,15_04_30_27_01_2025,-0.61,9.63,0.14,0.00,-0.00,-0.00
-12216,3.20,2357,2.09,621,3,40076,15_04_30_27_01_2025,-0.61,9.64,0.13,0.00,-0.00,-0.00
-12179,3.20,2281,2.10,620,3,40139,15_04_30_27_01_2025,-0.61,9.64,0.13,0.00,-0.00,-0.00
-12089,3.19,2050,2.12,621,3,40228,15_04_30_27_01_2025,-0.60,9.65,0.14,0.00,-0.00,-0.00
-12063,3.19,2111,2.11,621,3,40271,15_04_30_27_01_2025,-0.60,9.64,0.13,0.00,-0.00,-0.00
-12073,3.19,2074,2.12,621,3,40335,15_04_30_27_01_2025,-0.60,9.64,0.14,0.01,-0.00,-0.00
-12235,3.20,2011,2.12,621,3,40426,15_04_30_27_01_2025,-0.61,9.65,0.14,0.00,-0.00,-0.00
-12235,3.20,1917,2.13,621,3,40471,15_04_30_27_01_2025,-0.59,9.65,0.14,0.00,-0.00,-0.00
-12097,3.19,2307,2.10,621,3,40531,15_04_30_27_01_2025,-0.60,9.65,0.15,0.00,-0.00,0.00
-11940,3.18,1778,2.14,621,3,40575,15_04_30_27_01_2025,-0.61,9.64,0.14,0.01,-0.00,-0.00
-12043,3.19,2189,2.11,621,3,40637,15_04_30_27_01_2025,-0.59,9.65,0.14,0.00,-0.00,-0.00
-12061,3.19,2241,2.10,620,3,40727,15_04_31_27_01_2025,-0.60,9.63,0.15,0.00,-0.00,-0.00
-11981,3.18,1974,2.12,621,3,40769,15_04_31_27_01_2025,-0.60,9.64,0.14,0.01,-0.00,-0.00
-12201,3.20,2027,2.12,621,3,40834,15_04_31_27_01_2025,-0.61,9.63,0.14,0.00,-0.00,-0.00
-12004,3.18,2134,2.11,621,3,40923,15_04_31_27_01_2025,-0.60,9.62,0.14,0.00,-0.00,0.00
-12001,3.18,2126,2.11,621,3,40965,15_04_31_27_01_2025,-0.60,9.64,0.13,0.00,-0.00,-0.00
-12149,3.19,2073,2.12,620,3,41029,15_04_31_27_01_2025,-0.61,9.63,0.14,0.00,-0.00,-0.00
-11953,3.18,2211,2.11,621,3,41119,15_04_31_27_01_2025,-0.61,9.63,0.15,0.00,-0.00,0.00
-12193,3.20,2204,2.11,621,3,41161,15_04_31_27_01_2025,-0.61,9.64,0.14,0.00,-0.00,-0.00
-11988,3.18,2170,2.11,621,3,41226,15_04_31_27_01_2025,-0.61,9.64,0.13,0.00,-0.00,-0.00
-12077,3.19,2231,2.10,621,3,41316,15_04_31_27_01_2025,-0.60,9.63,0.13,0.00,-0.00,-0.00
-11800,3.17,2229,2.10,621,3,41358,15_04_31_27_01_2025,-0.61,9.64,0.14,0.00,-0.00,0.00
-12021,3.18,2100,2.11,621,3,41422,15_04_31_27_01_2025,-0.60,9.65,0.14,0.00,-0.00,-0.00
-12085,3.19,2026,2.12,621,3,41511,15_04_31_27_01_2025,-0.60,9.63,0.15,0.00,-0.00,-0.00
-12043,3.19,2093,2.11,621,3,41554,15_04_31_27_01_2025,-0.61,9.63,0.15,0.00,-0.00,0.00
-12273,3.20,2223,2.10,621,3,41618,15_04_31_27_01_2025,-0.60,9.64,0.14,0.00,-0.00,-0.00
-11958,3.18,1993,2.12,621,3,41708,15_04_32_27_01_2025,-0.61,9.64,0.13,0.00,-0.00,-0.00
-12050,3.19,2239,2.10,621,3,41750,15_04_32_27_01_2025,-0.61,9.64,0.14,0.00,-0.00,-0.00
-12277,3.20,2216,2.10,621,3,41813,15_04_32_27_01_2025,-0.61,9.65,0.15,0.01,-0.00,-0.00
-11921,3.18,2046,2.12,620,3,41856,15_04_32_27_01_2025,-0.61,9.64,0.14,0.00,-0.00,-0.00
-11986,3.18,2046,2.12,621,3,41920,15_04_32_27_01_2025,-0.61,9.65,0.13,0.01,-0.00,-0.00
-12063,3.19,2141,2.11,622,3,42010,15_04_32_27_01_2025,-0.60,9.64,0.14,0.01,-0.00,-0.00
-11942,3.18,1952,2.12,621,3,42052,15_04_32_27_01_2025,-0.61,9.63,0.14,0.00,-0.00,-0.00
-11784,3.17,2141,2.11,621,3,42116,15_04_32_27_01_2025,-0.61,9.64,0.13,0.01,-0.00,-0.00
-12008,3.18,2052,2.12,621,3,42206,15_04_32_27_01_2025,-0.59,9.63,0.14,0.00,-0.00,-0.00
-12131,3.19,1916,2.13,621,3,42249,15_04_32_27_01_2025,-0.61,9.63,0.13,0.00,-0.00,-0.00
-12129,3.19,2113,2.11,621,3,42312,15_04_32_27_01_2025,-0.61,9.65,0.14,0.00,-0.00,0.00
-12155,3.19,2215,2.10,621,3,42402,15_04_32_27_01_2025,-0.59,9.64,0.13,0.00,-0.00,0.00
-12076,3.19,2215,2.10,621,3,42443,15_04_32_27_01_2025,-0.61,9.64,0.14,0.00,-0.00,0.00
-12061,3.19,2316,2.10,621,3,42508,15_04_32_27_01_2025,-0.61,9.63,0.14,0.00,-0.00,-0.00
-12157,3.19,1985,2.12,621,3,42599,15_04_32_27_01_2025,-0.60,9.63,0.14,0.00,-0.00,-0.00
-11956,3.18,2167,2.11,621,3,42642,15_04_33_27_01_2025,-0.61,9.63,0.14,0.01,-0.00,-0.00
-11906,3.17,2218,2.10,621,3,42704,15_04_33_27_01_2025,-0.61,9.64,0.14,0.01,-0.00,-0.00
-12132,3.19,2293,2.10,621,3,42794,15_04_33_27_01_2025,-0.60,9.64,0.14,0.00,-0.00,-0.00
-12108,3.19,1962,2.12,621,3,42836,15_04_33_27_01_2025,-0.59,9.64,0.14,0.00,-0.00,-0.00
-12223,3.20,2024,2.12,621,3,42902,15_04_33_27_01_2025,-0.60,9.64,0.13,0.00,-0.00,0.00
-12217,3.20,2026,2.12,621,3,42992,15_04_33_27_01_2025,-0.61,9.64,0.14,0.00,-0.00,-0.00
-11841,3.17,1869,2.13,621,3,43034,15_04_33_27_01_2025,-0.61,9.64,0.14,0.00,-0.00,-0.00
-11956,3.18,1814,2.14,621,3,43097,15_04_33_27_01_2025,-0.60,9.65,0.14,0.00,-0.00,-0.00
-11833,3.17,1813,2.14,621,3,43139,15_04_33_27_01_2025,-0.61,9.62,0.14,0.00,-0.00,-0.00
-11588,3.15,1808,2.14,621,3,43204,15_04_33_27_01_2025,-0.61,9.64,0.14,0.01,-0.00,-0.00
-11763,3.16,1731,2.14,621,3,43294,15_04_33_27_01_2025,-0.61,9.63,0.14,0.00,-0.00,0.00
-11927,3.18,1707,2.14,620,3,43336,15_04_33_27_01_2025,-0.61,9.63,0.14,0.01,-0.00,-0.00
-12125,3.19,1726,2.14,621,3,43399,15_04_33_27_01_2025,-0.60,9.64,0.13,0.00,-0.00,-0.00
-12397,3.21,1817,2.14,621,3,43489,15_04_33_27_01_2025,-0.60,9.64,0.14,0.00,-0.00,-0.00
-21825,3.93,1972,2.12,621,3,43532,15_04_33_27_01_2025,-0.60,9.64,0.14,0.00,-0.00,-0.00
-32200,4.71,1341,2.17,621,3,43595,15_04_33_27_01_2025,-0.61,9.64,0.15,0.00,-0.00,-0.00
-64958,7.19,1420,2.17,620,3,43685,15_04_33_27_01_2025,-0.61,9.64,0.14,0.01,-0.00,-0.00
-110329,10.63,1193,2.18,620,3,43727,15_04_34_27_01_2025,-0.60,9.65,0.15,0.00,-0.00,0.00
-131137,12.21,1255,2.18,621,3,43794,15_04_34_27_01_2025,-0.60,9.65,0.14,0.00,-0.00,-0.00
-172171,15.32,1140,2.19,621,3,43885,15_04_34_27_01_2025,-0.60,9.64,0.14,0.01,-0.00,-0.00
-203573,17.69,1205,2.18,621,3,43928,15_04_34_27_01_2025,-0.61,9.65,0.14,0.01,-0.00,-0.00
-207879,18.02,1316,2.17,621,3,43993,15_04_34_27_01_2025,-0.61,9.63,0.14,0.00,-0.00,-0.00
-212283,18.35,1234,2.18,620,3,44086,15_04_34_27_01_2025,-0.60,9.65,0.14,0.00,-0.00,-0.00
-215997,18.64,950,2.20,621,3,44177,15_04_34_27_01_2025,-0.61,9.64,0.14,0.00,-0.00,0.00
-217894,18.78,1007,2.20,622,3,44223,15_04_34_27_01_2025,-0.60,9.63,0.14,0.01,-0.00,-0.00
-219967,18.94,1004,2.20,621,3,44286,15_04_34_27_01_2025,-0.61,9.63,0.13,0.00,-0.00,-0.00
-222477,19.13,1140,2.19,621,3,44377,15_04_34_27_01_2025,-0.61,9.64,0.13,0.00,-0.00,-0.00
-226121,19.40,1226,2.18,621,3,44419,15_04_34_27_01_2025,-0.61,9.63,0.14,0.00,-0.00,-0.00
-228758,19.60,1364,2.17,621,3,44485,15_04_34_27_01_2025,-0.61,9.63,0.14,0.00,-0.00,-0.00
-232541,19.89,1001,2.20,622,3,44576,15_04_34_27_01_2025,-0.60,9.63,0.13,0.00,-0.00,-0.00
-248243,21.08,911,2.20,621,3,44621,15_04_34_27_01_2025,-0.60,9.64,0.14,0.00,-0.00,-0.00
-255572,21.63,1027,2.19,621,3,44684,15_04_35_27_01_2025,-0.61,9.63,0.14,0.00,-0.00,-0.00
-269355,22.68,1072,2.19,621,3,44776,15_04_35_27_01_2025,-0.61,9.63,0.14,0.00,-0.00,-0.00
-281667,23.61,1072,2.19,621,3,44867,15_04_35_27_01_2025,-0.60,9.64,0.13,0.00,-0.00,-0.00
-286930,24.01,1205,2.18,620,3,44909,15_04_35_27_01_2025,-0.61,9.63,0.13,0.00,-0.00,-0.00
-290007,24.24,1012,2.20,621,3,44977,15_04_35_27_01_2025,-0.61,9.64,0.13,0.01,-0.00,-0.00
-292863,24.46,986,2.20,621,3,45067,15_04_35_27_01_2025,-0.61,9.65,0.15,0.00,-0.00,0.00
-309874,25.75,952,2.20,622,3,45109,15_04_35_27_01_2025,-0.60,9.64,0.14,0.01,-0.00,-0.00
-319085,26.45,1147,2.19,621,3,45176,15_04_35_27_01_2025,-0.61,9.63,0.13,0.00,-0.00,-0.00
-333976,27.57,1294,2.17,621,3,45267,15_04_35_27_01_2025,-0.60,9.64,0.14,0.00,-0.00,-0.00
-342457,28.22,899,2.20,622,3,45310,15_04_35_27_01_2025,-0.61,9.64,0.13,0.00,-0.00,-0.00
-343695,28.31,810,2.21,621,3,45375,15_04_35_27_01_2025,-0.61,9.64,0.14,0.00,-0.00,-0.00
-345333,28.43,1370,2.17,621,3,45467,15_04_35_27_01_2025,-0.61,9.64,0.13,0.00,-0.00,0.00
-351112,28.87,850,2.21,621,3,45559,15_04_35_27_01_2025,-0.60,9.63,0.14,0.00,-0.00,-0.00
-355811,29.23,1223,2.18,621,3,45602,15_04_35_27_01_2025,-0.61,9.63,0.14,0.00,-0.00,-0.00
-349731,28.77,896,2.20,621,3,45668,15_04_36_27_01_2025,-0.61,9.64,0.14,0.00,-0.00,0.00
-335993,27.73,1081,2.19,621,3,45758,15_04_36_27_01_2025,-0.61,9.64,0.14,0.00,-0.00,-0.00
-318259,26.38,829,2.21,620,3,45811,15_04_36_27_01_2025,-0.60,9.64,0.15,0.00,-0.00,-0.00
-289732,24.22,953,2.20,621,3,45866,15_04_36_27_01_2025,-0.61,9.64,0.13,0.00,-0.00,-0.00
-242172,20.62,1165,2.18,621,3,45959,15_04_36_27_01_2025,-0.61,9.65,0.14,0.00,-0.00,0.00
-99859,9.84,1182,2.18,620,3,46001,15_04_36_27_01_2025,-0.60,9.64,0.14,0.00,-0.00,0.00
-68300,7.45,889,2.21,621,3,46064,15_04_36_27_01_2025,-0.60,9.64,0.14,0.00,-0.00,-0.00
-37216,5.09,918,2.20,621,3,46154,15_04_36_27_01_2025,-0.61,9.65,0.14,0.00,-0.00,0.00
-14944,3.40,1487,2.16,620,3,46199,15_04_36_27_01_2025,-0.61,9.64,0.14,0.00,-0.00,-0.00
-11851,3.17,1353,2.17,621,3,46261,15_04_36_27_01_2025,-0.62,9.63,0.15,0.00,-0.00,0.00
-11617,3.15,1137,2.19,621,3,46351,15_04_36_27_01_2025,-0.61,9.64,0.15,0.00,-0.00,-0.00
-12016,3.18,773,2.21,621,3,46394,15_04_36_27_01_2025,-0.60,9.64,0.14,0.00,-0.00,0.00
-12653,3.23,1185,2.18,621,3,46457,15_04_36_27_01_2025,-0.60,9.64,0.14,0.00,-0.00,-0.00
-13245,3.28,1145,2.19,621,3,46546,15_04_36_27_01_2025,-0.61,9.64,0.14,0.00,-0.00,-0.00
-13028,3.26,1316,2.17,621,3,46592,15_04_36_27_01_2025,-0.61,9.65,0.14,0.00,-0.00,0.00
-13064,3.26,1191,2.18,621,3,46654,15_04_36_27_01_2025,-0.60,9.64,0.14,0.00,-0.00,-0.00
-13184,3.27,1075,2.19,621,3,46743,15_04_37_27_01_2025,-0.61,9.64,0.14,0.00,-0.00,-0.00
-13176,3.27,1075,2.19,621,3,46785,15_04_37_27_01_2025,-0.61,9.64,0.14,0.00,-0.00,-0.00
-13292,3.28,1044,2.19,621,3,46849,15_04_37_27_01_2025,-0.61,9.63,0.13,0.00,-0.00,0.00
-13413,3.29,1283,2.18,620,3,46940,15_04_37_27_01_2025,-0.61,9.65,0.13,0.00,-0.00,-0.00
-13457,3.29,1281,2.18,621,3,46986,15_04_37_27_01_2025,-0.61,9.64,0.14,0.01,-0.00,-0.00
-13389,3.29,1427,2.16,621,3,47046,15_04_37_27_01_2025,-0.61,9.64,0.14,0.00,-0.00,-0.00
-13150,3.27,1066,2.19,620,3,47087,15_04_37_27_01_2025,-0.60,9.64,0.13,0.00,-0.00,-0.00
-13154,3.27,1093,2.19,621,3,47150,15_04_37_27_01_2025,-0.61,9.64,0.14,0.00,-0.00,-0.00
-13368,3.29,1242,2.18,620,3,47241,15_04_37_27_01_2025,-0.61,9.65,0.14,0.01,-0.00,0.00
-13451,3.29,1236,2.18,621,3,47286,15_04_37_27_01_2025,-0.60,9.63,0.14,0.00,-0.00,-0.00
-13509,3.30,1333,2.17,621,3,47348,15_04_37_27_01_2025,-0.61,9.64,0.13,0.00,-0.00,0.00
-13297,3.28,1196,2.18,621,3,47437,15_04_37_27_01_2025,-0.61,9.64,0.15,0.00,-0.00,-0.00
-13346,3.28,1217,2.18,621,3,47479,15_04_37_27_01_2025,-0.60,9.64,0.14,0.01,-0.00,-0.00
-13307,3.28,1270,2.18,621,3,47544,15_04_37_27_01_2025,-0.60,9.64,0.14,0.00,-0.00,-0.00
-13585,3.30,1114,2.19,621,3,47634,15_04_37_27_01_2025,-0.60,9.64,0.14,0.00,-0.00,0.00
-13240,3.28,1416,2.17,621,3,47679,15_04_38_27_01_2025,-0.60,9.63,0.13,0.01,-0.00,-0.00
-13207,3.27,1094,2.19,621,3,47740,15_04_38_27_01_2025,-0.61,9.65,0.14,0.00,-0.00,0.00
-13305,3.28,1445,2.16,621,3,47830,15_04_38_27_01_2025,-0.60,9.63,0.14,0.00,-0.00,-0.00
-13407,3.29,1357,2.17,620,3,47872,15_04_38_27_01_2025,-0.59,9.64,0.13,0.00,-0.00,0.00
-13362,3.29,1329,2.17,621,3,47935,15_04_38_27_01_2025,-0.61,9.62,0.13,0.00,-0.00,-0.00
-13336,3.28,1403,2.17,621,3,48026,15_04_38_27_01_2025,-0.60,9.64,0.14,0.00,-0.00,-0.00
-13267,3.28,1458,2.16,621,3,48072,15_04_38_27_01_2025,-0.60,9.64,0.14,0.01,-0.00,-0.00
-13313,3.28,1334,2.17,621,3,48132,15_04_38_27_01_2025,-0.60,9.65,0.14,0.00,-0.00,-0.00
-13365,3.29,1315,2.17,621,3,48223,15_04_38_27_01_2025,-0.60,9.65,0.14,0.00,-0.00,0.00
-13345,3.28,1407,2.17,620,3,48265,15_04_38_27_01_2025,-0.60,9.64,0.14,0.00,-0.00,-0.00
-13391,3.29,1395,2.17,621,3,48328,15_04_38_27_01_2025,-0.61,9.63,0.13,0.00,-0.00,0.00
-13384,3.29,1320,2.17,621,3,48370,15_04_38_27_01_2025,-0.60,9.64,0.14,0.00,-0.00,0.00
-13316,3.28,1362,2.17,621,3,48435,15_04_38_27_01_2025,-0.61,9.63,0.14,0.00,-0.00,-0.00
-13273,3.28,1253,2.18,622,3,48525,15_04_38_27_01_2025,-0.61,9.65,0.14,0.00,-0.00,-0.00
-13132,3.27,1309,2.17,621,3,48566,15_04_38_27_01_2025,-0.61,9.63,0.13,0.00,-0.00,-0.00
-13297,3.28,1150,2.19,621,3,48631,15_04_38_27_01_2025,-0.60,9.64,0.13,0.00,-0.00,-0.00
-13449,3.29,1449,2.16,621,3,48722,15_04_39_27_01_2025,-0.61,9.63,0.15,0.00,-0.00,-0.00
-13150,3.27,1707,2.14,621,3,48764,15_04_39_27_01_2025,-0.61,9.63,0.15,0.01,-0.00,-0.00
-13277,3.28,1166,2.18,621,3,48827,15_04_39_27_01_2025,-0.61,9.64,0.14,0.00,-0.00,-0.00
-13348,3.28,1211,2.18,620,3,48916,15_04_39_27_01_2025,-0.61,9.63,0.13,0.01,-0.00,-0.00
-13077,3.26,1367,2.17,621,3,48958,15_04_39_27_01_2025,-0.60,9.64,0.14,0.00,-0.00,-0.00
-13365,3.29,1484,2.16,621,3,49023,15_04_39_27_01_2025,-0.60,9.65,0.14,0.00,-0.00,-0.00
-13282,3.28,1271,2.18,621,3,49113,15_04_39_27_01_2025,-0.61,9.65,0.14,0.00,-0.00,-0.00
-13440,3.29,1642,2.15,621,3,49155,15_04_39_27_01_2025,-0.61,9.65,0.14,0.00,-0.00,0.00
-13306,3.28,1361,2.17,621,3,49219,15_04_39_27_01_2025,-0.61,9.64,0.14,0.01,-0.00,0.00
-13505,3.30,1331,2.17,620,3,49309,15_04_39_27_01_2025,-0.60,9.64,0.13,0.00,-0.00,-0.00
-13568,3.30,1516,2.16,621,3,49352,15_04_39_27_01_2025,-0.60,9.64,0.13,0.00,-0.00,-0.00
-13420,3.29,1432,2.16,620,3,49416,15_04_39_27_01_2025,-0.60,9.64,0.14,0.01,-0.00,-0.00
-13221,3.27,1417,2.17,621,3,49506,15_04_39_27_01_2025,-0.60,9.63,0.14,0.01,-0.00,-0.00
-13493,3.29,1647,2.15,621,3,49551,15_04_39_27_01_2025,-0.61,9.64,0.13,0.00,-0.00,-0.00
-13341,3.28,1608,2.15,621,3,49611,15_04_39_27_01_2025,-0.61,9.64,0.14,0.00,-0.00,-0.00
-13144,3.27,1404,2.17,621,3,49654,15_04_40_27_01_2025,-0.61,9.64,0.14,0.00,-0.00,0.00
-13357,3.28,1431,2.16,621,3,49718,15_04_40_27_01_2025,-0.60,9.63,0.14,0.01,-0.00,0.00
-13357,3.28,1502,2.16,621,3,49807,15_04_40_27_01_2025,-0.59,9.64,0.14,0.00,-0.00,-0.00
-13427,3.29,1445,2.16,621,3,49849,15_04_40_27_01_2025,-0.61,9.64,0.15,0.01,-0.00,0.00
-13467,3.29,1462,2.16,621,3,49914,15_04_40_27_01_2025,-0.61,9.63,0.14,0.00,-0.00,0.00
-13394,3.29,1492,2.16,621,3,50003,15_04_40_27_01_2025,-0.60,9.65,0.14,0.00,-0.00,0.00
-13532,3.30,1531,2.16,621,3,50046,15_04_40_27_01_2025,-0.60,9.64,0.14,0.00,-0.00,-0.00
-13543,3.30,1282,2.18,621,3,50111,15_04_40_27_01_2025,-0.61,9.63,0.14,0.00,-0.00,-0.00
-13429,3.29,1531,2.16,621,3,50200,15_04_40_27_01_2025,-0.61,9.64,0.13,0.00,-0.00,0.00
-13532,3.30,1180,2.18,620,3,50241,15_04_40_27_01_2025,-0.61,9.64,0.13,0.00,-0.00,0.00
-13302,3.28,1539,2.16,621,3,50306,15_04_40_27_01_2025,-0.61,9.63,0.13,0.00,-0.00,-0.00
-13374,3.29,1390,2.17,621,3,50396,15_04_40_27_01_2025,-0.61,9.63,0.14,0.00,-0.00,-0.00
-13305,3.28,1424,2.16,620,3,50439,15_04_40_27_01_2025,-0.61,9.64,0.15,0.00,-0.00,-0.00
-13635,3.31,1447,2.16,620,3,50502,15_04_40_27_01_2025,-0.60,9.64,0.14,0.01,-0.00,-0.00
-13356,3.28,1558,2.15,621,3,50592,15_04_40_27_01_2025,-0.61,9.65,0.13,0.01,-0.00,-0.00
-13468,3.29,1286,2.18,621,3,50639,15_04_41_27_01_2025,-0.60,9.64,0.14,0.01,-0.00,-0.00
-13291,3.28,1337,2.17,621,3,50699,15_04_41_27_01_2025,-0.61,9.64,0.15,0.00,-0.00,0.00
-13340,3.28,1457,2.16,621,3,50790,15_04_41_27_01_2025,-0.60,9.65,0.14,0.00,-0.00,-0.00
-13506,3.30,1470,2.16,620,3,50832,15_04_41_27_01_2025,-0.60,9.65,0.13,0.00,-0.00,-0.00
-13181,3.27,1456,2.16,621,3,50895,15_04_41_27_01_2025,-0.60,9.64,0.14,0.00,-0.00,0.00
-13403,3.29,1528,2.16,621,3,50936,15_04_41_27_01_2025,-0.60,9.65,0.14,0.00,-0.00,0.00
-13382,3.29,1558,2.15,621,3,51001,15_04_41_27_01_2025,-0.60,9.65,0.14,0.00,-0.00,-0.00
-13400,3.29,1444,2.16,620,3,51091,15_04_41_27_01_2025,-0.61,9.64,0.14,0.00,-0.00,-0.00
-13400,3.29,1372,2.17,621,3,51133,15_04_41_27_01_2025,-0.61,9.64,0.14,0.00,-0.00,-0.00
-13565,3.30,1529,2.16,621,3,51197,15_04_41_27_01_2025,-0.60,9.65,0.14,0.00,-0.00,0.00
-13587,3.30,1732,2.14,621,3,51287,15_04_41_27_01_2025,-0.61,9.65,0.13,0.00,-0.00,-0.00
-13529,3.30,1001,2.20,620,3,51329,15_04_41_27_01_2025,-0.60,9.63,0.14,0.01,-0.00,-0.00
-13590,3.30,1312,2.17,620,3,51393,15_04_41_27_01_2025,-0.60,9.64,0.15,0.01,-0.00,-0.00
-13710,3.31,1070,2.19,620,3,51484,15_04_41_27_01_2025,-0.60,9.64,0.13,0.00,-0.00,0.00
-13741,3.31,1046,2.19,621,3,51526,15_04_41_27_01_2025,-0.61,9.64,0.14,0.00,-0.00,0.00
-13588,3.30,1294,2.17,621,3,51589,15_04_41_27_01_2025,-0.61,9.64,0.13,0.00,-0.00,0.00
-13814,3.32,1357,2.17,620,3,51679,15_04_41_27_01_2025,-0.60,9.65,0.14,0.01,-0.00,0.00
-13389,3.29,1388,2.17,621,3,51723,15_04_42_27_01_2025,-0.61,9.64,0.14,0.00,-0.00,-0.00
-13562,3.30,1589,2.15,620,3,51786,15_04_42_27_01_2025,-0.61,9.64,0.14,0.00,-0.00,0.00
-13586,3.30,1706,2.14,621,3,51876,15_04_42_27_01_2025,-0.59,9.64,0.14,0.00,-0.00,-0.00
-13395,3.29,1877,2.13,620,3,51918,15_04_42_27_01_2025,-0.61,9.65,0.13,0.00,-0.00,-0.00
-13191,3.27,1710,2.14,621,3,51982,15_04_42_27_01_2025,-0.60,9.64,0.14,0.00,-0.00,0.00
-13305,3.28,1514,2.16,621,3,52073,15_04_42_27_01_2025,-0.61,9.65,0.14,0.00,-0.00,0.00
-12928,3.25,1424,2.16,621,3,52116,15_04_42_27_01_2025,-0.61,9.65,0.14,0.00,-0.00,-0.00
-13326,3.28,1452,2.16,621,3,52179,15_04_42_27_01_2025,-0.61,9.64,0.14,0.00,-0.00,-0.00
-13087,3.26,1455,2.16,621,3,52221,15_04_42_27_01_2025,-0.60,9.64,0.15,0.00,-0.00,-0.00
-13373,3.29,1393,2.17,620,3,52284,15_04_42_27_01_2025,-0.60,9.63,0.14,0.00,-0.00,-0.00
-13483,3.29,1428,2.16,621,3,52374,15_04_42_27_01_2025,-0.60,9.63,0.14,0.00,-0.00,-0.00
-13711,3.31,1268,2.18,621,3,52416,15_04_42_27_01_2025,-0.60,9.64,0.14,0.00,-0.00,-0.00
-13967,3.33,1370,2.17,620,3,52481,15_04_42_27_01_2025,-0.59,9.65,0.14,0.01,-0.00,0.00
-14374,3.36,1041,2.19,621,3,52570,15_04_42_27_01_2025,-0.61,9.64,0.14,0.00,-0.00,-0.00
-13787,3.32,1176,2.18,621,3,52612,15_04_42_27_01_2025,-0.61,9.65,0.15,0.00,-0.00,-0.00
-13888,3.32,1417,2.17,621,3,52677,15_04_43_27_01_2025,-0.61,9.63,0.14,0.00,-0.00,-0.00
-14628,3.38,1695,2.14,621,3,52766,15_04_43_27_01_2025,-0.61,9.63,0.14,0.00,-0.00,-0.00
-13593,3.30,2455,2.09,621,3,52809,15_04_43_27_01_2025,-0.61,9.63,0.14,0.00,-0.00,-0.00
-13526,3.30,1995,2.12,621,3,52872,15_04_43_27_01_2025,-0.60,9.65,0.13,0.00,-0.00,0.00
-11682,3.16,1524,2.16,621,3,52962,15_04_43_27_01_2025,-0.61,9.63,0.14,0.00,-0.00,0.00
-11698,3.16,1280,2.18,621,3,53004,15_04_43_27_01_2025,-0.60,9.63,0.14,0.00,-0.00,-0.00
-11865,3.17,1420,2.17,621,3,53068,15_04_43_27_01_2025,-0.61,9.64,0.15,0.00,-0.00,-0.00
-11453,3.14,1132,2.19,621,3,53159,15_04_43_27_01_2025,-0.60,9.64,0.14,0.00,-0.00,-0.00
-11457,3.14,999,2.20,621,3,53202,15_04_43_27_01_2025,-0.61,9.64,0.15,0.00,-0.00,-0.00
-11558,3.15,1566,2.15,621,3,53265,15_04_43_27_01_2025,-0.61,9.64,0.14,0.00,-0.00,-0.00
-11808,3.17,1838,2.13,621,3,53356,15_04_43_27_01_2025,-0.61,9.64,0.13,0.00,-0.00,0.00
-13507,3.30,3080,2.04,620,3,53398,15_04_43_27_01_2025,-0.61,9.65,0.14,0.01,-0.00,0.00
-13758,3.32,3060,2.04,621,3,53461,15_04_43_27_01_2025,-0.61,9.66,0.14,0.00,-0.00,0.00
-13104,3.27,2373,2.09,621,3,53504,15_04_43_27_01_2025,-0.60,9.66,0.14,0.00,-0.00,0.00
-13311,3.28,2614,2.07,621,3,53567,15_04_43_27_01_2025,-0.61,9.63,0.12,0.00,-0.00,0.00
-12720,3.24,2346,2.10,621,3,53657,15_04_43_27_01_2025,-0.60,9.64,0.14,0.00,-0.00,0.00
-11878,3.17,5211,1.88,621,3,53702,15_04_44_27_01_2025,-0.61,9.64,0.14,0.01,-0.00,-0.00
-14158,3.35,2659,2.07,621,3,53764,15_04_44_27_01_2025,-0.61,9.64,0.15,0.00,-0.00,-0.00
-13384,3.29,2686,2.07,621,3,53854,15_04_44_27_01_2025,-0.60,9.64,0.14,0.00,-0.00,-0.00
-13140,3.27,5118,1.88,621,3,53896,15_04_44_27_01_2025,-0.61,9.63,0.14,0.00,-0.00,-0.00
-13181,3.27,3780,1.99,621,3,53959,15_04_44_27_01_2025,-0.60,9.64,0.14,0.01,-0.00,-0.00
-13488,3.29,1746,2.14,621,3,54050,15_04_44_27_01_2025,-0.61,9.63,0.15,0.01,-0.00,0.00
-13160,3.27,55,2.27,620,3,54095,15_04_44_27_01_2025,-0.61,9.64,0.12,0.00,-0.00,0.00
-12983,3.26,-2022,2.43,620,3,54156,15_04_44_27_01_2025,-0.61,9.63,0.14,0.00,-0.00,-0.00
-13161,3.27,-2886,2.49,621,3,54246,15_04_44_27_01_2025,-0.61,9.64,0.14,0.00,-0.00,0.00
-13143,3.27,-4370,2.60,620,3,54287,15_04_44_27_01_2025,-0.61,9.64,0.14,0.00,-0.00,-0.00
-12811,3.24,-5327,2.68,620,3,54352,15_04_44_27_01_2025,-0.61,9.62,0.15,0.00,-0.00,-0.00
-13028,3.26,-4714,2.63,620,3,54442,15_04_44_27_01_2025,-0.61,9.64,0.13,0.01,-0.00,-0.00
-12905,3.25,-7918,2.87,621,3,54485,15_04_44_27_01_2025,-0.61,9.63,0.13,0.00,-0.00,-0.00
-13135,3.27,-8311,2.90,621,3,54549,15_04_44_27_01_2025,-0.61,9.64,0.14,0.00,-0.00,-0.00
-13505,3.30,-11047,3.11,621,3,54639,15_04_44_27_01_2025,-0.60,9.63,0.14,0.00,-0.00,0.00
-12739,3.24,-10712,3.08,620,3,54681,15_04_45_27_01_2025,-0.60,9.64,0.13,0.00,-0.00,-0.00
-13443,3.29,-10947,3.10,621,3,54744,15_04_45_27_01_2025,-0.60,9.64,0.14,0.00,-0.00,-0.00
-12982,3.26,-10060,3.03,621,3,54789,15_04_45_27_01_2025,-0.61,9.64,0.13,0.00,-0.00,-0.00
-12876,3.25,-6057,2.73,621,3,54851,15_04_45_27_01_2025,-0.60,9.65,0.13,0.00,-0.00,-0.00
-13185,3.27,-3536,2.54,621,3,54940,15_04_45_27_01_2025,-0.60,9.63,0.13,0.01,-0.00,0.00
-13112,3.27,-1000,2.35,620,3,54982,15_04_45_27_01_2025,-0.61,9.63,0.13,0.01,-0.00,-0.00
-12893,3.25,-414,2.30,621,3,55046,15_04_45_27_01_2025,-0.61,9.64,0.14,0.00,-0.00,-0.00
-12938,3.25,-1593,2.39,620,3,55136,15_04_45_27_01_2025,-0.61,9.63,0.13,0.01,-0.00,0.00
-13170,3.27,-22726,3.99,621,3,55182,15_04_45_27_01_2025,-0.61,9.64,0.14,0.00,-0.00,-0.00
-12830,3.24,-31256,4.64,621,3,55243,15_04_45_27_01_2025,-0.60,9.65,0.13,0.01,-0.00,-0.00
-12660,3.23,-66545,7.31,621,3,55332,15_04_45_27_01_2025,-0.60,9.64,0.13,0.01,-0.00,-0.00
-12891,3.25,-131160,12.21,621,3,55374,15_04_45_27_01_2025,-0.60,9.65,0.13,0.00,-0.00,-0.00
-11901,3.17,-163357,14.65,620,3,55440,15_04_45_27_01_2025,-0.60,9.63,0.13,0.00,-0.00,0.00
-13002,3.26,-196868,17.19,621,3,55533,15_04_45_27_01_2025,-0.61,9.64,0.14,0.01,-0.00,0.00
-13478,3.29,-230714,19.75,620,3,55578,15_04_45_27_01_2025,-0.60,9.64,0.13,0.01,-0.00,-0.00
-13162,3.27,-243528,20.72,621,3,55640,15_04_45_27_01_2025,-0.61,9.63,0.13,0.00,-0.00,-0.00
-12961,3.25,-251768,21.35,621,3,55731,15_04_46_27_01_2025,-0.60,9.64,0.14,0.01,-0.00,-0.00
-13032,3.26,-267132,22.51,621,3,55824,15_04_46_27_01_2025,-0.60,9.63,0.13,0.00,-0.00,-0.00
-12861,3.25,-280740,23.54,620,3,55867,15_04_46_27_01_2025,-0.61,9.63,0.14,0.00,-0.00,-0.00
-13121,3.27,-282839,23.70,621,3,55932,15_04_46_27_01_2025,-0.61,9.63,0.14,0.01,-0.00,-0.00
-13291,3.28,-282391,23.67,621,3,56023,15_04_46_27_01_2025,-0.60,9.64,0.14,0.01,-0.00,-0.00
-13226,3.27,-293604,24.52,621,3,56065,15_04_46_27_01_2025,-0.60,9.64,0.14,0.00,-0.00,-0.00
-13500,3.30,-297890,24.84,620,3,56131,15_04_46_27_01_2025,-0.60,9.63,0.14,0.00,-0.00,0.00
-13262,3.28,-307432,25.56,621,3,56224,15_04_46_27_01_2025,-0.61,9.64,0.14,0.00,-0.00,-0.00
-12971,3.26,-319205,26.45,622,3,56267,15_04_46_27_01_2025,-0.60,9.63,0.13,0.00,-0.00,-0.00
-13129,3.27,-320054,26.52,621,3,56331,15_04_46_27_01_2025,-0.61,9.63,0.14,0.01,-0.00,-0.00
-13098,3.27,-317047,26.29,621,3,56422,15_04_46_27_01_2025,-0.60,9.64,0.14,0.01,-0.00,-0.00
-13354,3.28,-310277,25.78,621,3,56515,15_04_46_27_01_2025,-0.59,9.64,0.14,0.00,-0.00,0.00
-13040,3.26,-304276,25.32,621,3,56558,15_04_46_27_01_2025,-0.61,9.63,0.13,0.01,-0.00,-0.00
-13374,3.29,-304225,25.32,621,3,56622,15_04_46_27_01_2025,-0.60,9.64,0.14,0.00,-0.00,0.00
-13373,3.29,-304225,25.32,621,3,56714,15_04_47_27_01_2025,-0.60,9.64,0.14,0.00,-0.00,-0.00
-13265,3.28,-311118,25.84,621,3,56757,15_04_47_27_01_2025,-0.61,9.63,0.13,0.00,-0.00,0.00
-13232,3.28,-311265,25.85,621,3,56825,15_04_47_27_01_2025,-0.61,9.64,0.15,0.00,-0.00,-0.00
-13147,3.27,-311902,25.90,621,3,56915,15_04_47_27_01_2025,-0.61,9.63,0.14,0.00,-0.00,-0.00
-13124,3.27,-307288,25.55,620,3,56957,15_04_47_27_01_2025,-0.61,9.64,0.14,0.01,-0.00,-0.00
-13172,3.27,-304119,25.31,621,3,57022,15_04_47_27_01_2025,-0.60,9.64,0.14,0.00,-0.00,-0.00
-13223,3.27,-303029,25.23,621,3,57113,15_04_47_27_01_2025,-0.60,9.64,0.14,0.01,-0.00,-0.00
-13180,3.27,-294310,24.57,621,3,57206,15_04_47_27_01_2025,-0.61,9.64,0.13,0.00,-0.00,-0.00
-13070,3.26,-290273,24.26,620,3,57249,15_04_47_27_01_2025,-0.61,9.62,0.13,0.01,-0.00,-0.00
-13149,3.27,-288284,24.11,620,3,57313,15_04_47_27_01_2025,-0.61,9.64,0.14,0.00,-0.00,-0.00
-13069,3.26,-288020,24.09,621,3,57405,15_04_47_27_01_2025,-0.61,9.64,0.14,0.00,-0.00,0.00
-13159,3.27,-287889,24.08,621,3,57452,15_04_47_27_01_2025,-0.61,9.64,0.15,0.00,-0.00,0.00
-12981,3.26,-287824,24.08,621,3,57514,15_04_47_27_01_2025,-0.61,9.64,0.14,0.00,-0.00,0.00
-13221,3.27,-289105,24.17,620,3,57606,15_04_47_27_01_2025,-0.61,9.64,0.14,0.00,-0.00,-0.00
-13092,3.26,-293216,24.49,621,3,57648,15_04_48_27_01_2025,-0.60,9.63,0.13,0.00,-0.00,0.00
-13331,3.28,-301945,25.15,621,3,57713,15_04_48_27_01_2025,-0.61,9.64,0.14,0.00,-0.00,-0.00
-13322,3.28,-308487,25.64,620,3,57804,15_04_48_27_01_2025,-0.60,9.63,0.14,0.01,-0.00,-0.00
-13178,3.27,-301662,25.13,621,3,57896,15_04_48_27_01_2025,-0.60,9.63,0.13,0.00,-0.00,0.00
-13053,3.26,-295719,24.68,621,3,57939,15_04_48_27_01_2025,-0.60,9.63,0.14,0.00,-0.00,-0.00
-13051,3.26,-293989,24.54,621,3,58004,15_04_48_27_01_2025,-0.60,9.64,0.14,0.00,-0.00,-0.00
-12863,3.25,-289597,24.21,621,3,58097,15_04_48_27_01_2025,-0.61,9.63,0.14,0.01,-0.00,-0.00
-13321,3.28,-251650,21.34,621,3,58139,15_04_48_27_01_2025,-0.60,9.64,0.14,0.00,-0.01,-0.00
-13253,3.28,-225797,19.38,621,3,58204,15_04_48_27_01_2025,-0.60,9.65,0.14,0.00,-0.00,-0.00
-13006,3.26,-127305,11.92,621,3,58297,15_04_48_27_01_2025,-0.60,9.64,0.13,0.00,-0.00,-0.00
-13088,3.26,-34403,4.88,621,3,58339,15_04_48_27_01_2025,-0.60,9.64,0.13,0.00,-0.00,-0.00
-13165,3.27,-26045,4.25,621,3,58403,15_04_48_27_01_2025,-0.60,9.66,0.15,0.00,-0.00,0.00
-12819,3.24,-9589,3.00,621,3,58492,15_04_48_27_01_2025,-0.61,9.63,0.15,0.00,-0.00,-0.00
-13665,3.31,-4733,2.63,621,3,58535,15_04_48_27_01_2025,-0.61,9.65,0.13,0.00,-0.00,0.00
-13649,3.31,-4890,2.64,621,3,58599,15_04_48_27_01_2025,-0.61,9.62,0.14,0.00,-0.00,-0.00
-13122,3.27,-4903,2.64,621,3,58688,15_04_49_27_01_2025,-0.60,9.64,0.14,0.01,-0.00,-0.00
-13322,3.28,-3705,2.55,621,3,58730,15_04_49_27_01_2025,-0.61,9.64,0.14,0.00,-0.00,0.00
-13316,3.28,-3190,2.51,621,3,58794,15_04_49_27_01_2025,-0.61,9.63,0.14,0.00,-0.00,-0.00
-13692,3.31,-3419,2.53,620,3,58885,15_04_49_27_01_2025,-0.60,9.64,0.14,0.00,-0.00,0.00
-13183,3.27,-3430,2.53,621,3,58927,15_04_49_27_01_2025,-0.61,9.62,0.14,0.00,-0.00,-0.00
-13425,3.29,-2909,2.49,621,3,58991,15_04_49_27_01_2025,-0.60,9.64,0.14,0.00,-0.00,0.00
-13507,3.30,-2766,2.48,621,3,59081,15_04_49_27_01_2025,-0.61,9.64,0.13,0.01,-0.00,-0.00
-13308,3.28,-2979,2.50,622,3,59122,15_04_49_27_01_2025,-0.62,9.63,0.13,0.00,-0.00,-0.00
-13440,3.29,-3116,2.51,620,3,59187,15_04_49_27_01_2025,-0.61,9.64,0.14,0.00,-0.00,-0.00
-13485,3.29,-3034,2.50,621,3,59278,15_04_49_27_01_2025,-0.61,9.65,0.13,0.01,-0.00,-0.00
-13762,3.32,-3022,2.50,621,3,59320,15_04_49_27_01_2025,-0.60,9.64,0.13,0.00,-0.00,-0.00
-13302,3.28,-3235,2.52,620,3,59383,15_04_49_27_01_2025,-0.61,9.64,0.14,0.00,-0.00,-0.00
-13573,3.30,-3087,2.51,620,3,59425,15_04_49_27_01_2025,-0.60,9.64,0.13,0.01,-0.00,-0.00
-13617,3.30,-3171,2.51,621,3,59489,15_04_49_27_01_2025,-0.61,9.65,0.15,0.00,-0.00,-0.00
-13714,3.31,-3105,2.51,621,3,59579,15_04_49_27_01_2025,-0.60,9.65,0.14,0.00,-0.00,0.00
-13733,3.31,-3262,2.52,621,3,59621,15_04_49_27_01_2025,-0.60,9.64,0.13,0.01,-0.00,0.00
-13748,3.31,-2863,2.49,621,3,59685,15_04_50_27_01_2025,-0.60,9.63,0.13,0.00,-0.00,-0.00
-13697,3.31,-2939,2.50,621,3,59776,15_04_50_27_01_2025,-0.61,9.63,0.13,0.00,-0.00,-0.00
-13930,3.33,-3102,2.51,621,3,59817,15_04_50_27_01_2025,-0.60,9.64,0.14,0.01,-0.01,0.00
-13824,3.32,-2875,2.49,621,3,59882,15_04_50_27_01_2025,-0.61,9.65,0.15,0.01,-0.00,-0.00
-13684,3.31,-2815,2.49,621,3,59972,15_04_50_27_01_2025,-0.60,9.64,0.13,0.00,-0.00,-0.00
-13649,3.31,-2956,2.50,621,3,60015,15_04_50_27_01_2025,-0.60,9.64,0.13,0.00,-0.00,-0.00
-13864,3.32,-2560,2.47,620,3,60078,15_04_50_27_01_2025,-0.61,9.63,0.13,0.00,-0.00,-0.00
-13848,3.32,-2605,2.47,621,3,60168,15_04_50_27_01_2025,-0.61,9.64,0.14,0.00,-0.00,-0.00
-13703,3.31,-2635,2.47,621,3,60210,15_04_50_27_01_2025,-0.61,9.63,0.14,0.00,-0.00,-0.00
-13607,3.30,-2760,2.48,621,3,60274,15_04_50_27_01_2025,-0.61,9.64,0.15,0.00,-0.00,-0.00
-13455,3.29,-2371,2.45,621,3,60364,15_04_50_27_01_2025,-0.61,9.65,0.12,0.01,-0.00,-0.00
-13466,3.29,-2551,2.47,621,3,60406,15_04_50_27_01_2025,-0.60,9.64,0.15,0.01,-0.00,-0.00
-13738,3.31,-2623,2.47,621,3,60470,15_04_50_27_01_2025,-0.61,9.63,0.14,0.00,-0.00,-0.00
-13610,3.30,-2835,2.49,621,3,60561,15_04_50_27_01_2025,-0.60,9.65,0.14,0.00,-0.00,-0.00
-13656,3.31,-2469,2.46,621,3,60604,15_04_50_27_01_2025,-0.60,9.65,0.14,0.00,-0.00,-0.00
-13864,3.32,-2491,2.46,621,3,60667,15_04_51_27_01_2025,-0.60,9.63,0.14,0.00,-0.00,-0.00
-13670,3.31,-2450,2.46,620,3,60709,15_04_51_27_01_2025,-0.60,9.64,0.14,0.00,-0.00,-0.00
-13569,3.30,-2420,2.46,621,3,60772,15_04_51_27_01_2025,-0.61,9.63,0.14,0.00,-0.00,-0.00
-13757,3.31,-2513,2.46,621,3,60863,15_04_51_27_01_2025,-0.60,9.65,0.14,0.00,-0.00,-0.00
-13724,3.31,-2350,2.45,620,3,60906,15_04_51_27_01_2025,-0.60,9.65,0.14,0.01,-0.00,-0.00
-13893,3.33,-2570,2.47,621,3,60969,15_04_51_27_01_2025,-0.60,9.64,0.13,0.00,-0.00,-0.00
-13805,3.32,-2315,2.45,620,3,61059,15_04_51_27_01_2025,-0.61,9.64,0.14,0.00,-0.00,-0.00
-13623,3.30,-2502,2.46,620,3,61100,15_04_51_27_01_2025,-0.60,9.65,0.15,0.00,-0.00,0.00
-13779,3.32,-2427,2.46,621,3,61164,15_04_51_27_01_2025,-0.60,9.64,0.13,0.01,-0.00,0.00
-13888,3.32,-2498,2.46,621,3,61255,15_04_51_27_01_2025,-0.60,9.64,0.13,0.00,-0.00,-0.00
-13733,3.31,-2509,2.46,621,3,61298,15_04_51_27_01_2025,-0.60,9.65,0.14,0.00,-0.00,-0.00
-13716,3.31,-2653,2.47,620,3,61361,15_04_51_27_01_2025,-0.61,9.63,0.14,0.01,-0.00,0.00
-13937,3.33,-2615,2.47,620,3,61451,15_04_51_27_01_2025,-0.59,9.64,0.14,0.01,-0.00,0.00
-13814,3.32,-2434,2.46,621,3,61493,15_04_51_27_01_2025,-0.60,9.64,0.14,0.01,-0.00,0.00
-13777,3.32,-2436,2.46,621,3,61557,15_04_51_27_01_2025,-0.61,9.63,0.14,0.00,-0.00,0.00
-13825,3.32,-2237,2.44,621,3,61647,15_04_51_27_01_2025,-0.60,9.64,0.14,0.00,-0.00,-0.00
-13665,3.31,-2450,2.46,620,3,61690,15_04_52_27_01_2025,-0.60,9.63,0.14,0.00,-0.00,0.00
-13859,3.32,-2521,2.46,621,3,61753,15_04_52_27_01_2025,-0.61,9.64,0.14,0.01,-0.00,-0.00
-13854,3.32,-2571,2.47,621,3,61845,15_04_52_27_01_2025,-0.61,9.64,0.13,0.00,-0.00,-0.00
-13792,3.32,-2495,2.46,620,3,61886,15_04_52_27_01_2025,-0.61,9.63,0.13,0.00,-0.00,-0.00
-13688,3.31,-2465,2.46,621,3,61949,15_04_52_27_01_2025,-0.61,9.64,0.14,0.01,-0.00,-0.00
-13679,3.31,-2598,2.47,620,3,61992,15_04_52_27_01_2025,-0.60,9.65,0.14,0.01,-0.00,-0.00
-13693,3.31,-2406,2.45,621,3,62056,15_04_52_27_01_2025,-0.60,9.64,0.13,0.00,-0.00,-0.00
-13746,3.31,-2362,2.45,621,3,62145,15_04_52_27_01_2025,-0.61,9.65,0.13,0.00,-0.00,-0.00
-13642,3.31,-2480,2.46,621,3,62187,15_04_52_27_01_2025,-0.60,9.65,0.13,0.01,-0.00,0.00
-13720,3.31,-2307,2.45,620,3,62251,15_04_52_27_01_2025,-0.61,9.65,0.14,0.00,-0.00,-0.00
-13725,3.31,-2440,2.46,621,3,62343,15_04_52_27_01_2025,-0.61,9.64,0.14,0.01,-0.00,-0.00
-13612,3.30,-2440,2.46,620,3,62386,15_04_52_27_01_2025,-0.60,9.64,0.14,0.00,-0.00,-0.00
-13662,3.31,-2604,2.47,621,3,62448,15_04_52_27_01_2025,-0.60,9.64,0.13,0.00,-0.00,0.00
-13787,3.32,-2350,2.45,620,3,62538,15_04_52_27_01_2025,-0.61,9.64,0.14,0.00,-0.00,-0.00
-13698,3.31,-2419,2.46,621,3,62579,15_04_52_27_01_2025,-0.60,9.65,0.15,0.00,-0.00,0.00
-13467,3.29,-2283,2.45,621,3,62645,15_04_52_27_01_2025,-0.61,9.64,0.14,0.00,-0.00,-0.00
-13686,3.31,-2361,2.45,621,3,62735,15_04_53_27_01_2025,-0.61,9.63,0.14,0.01,-0.00,-0.00
-13833,3.32,-2625,2.47,621,3,62777,15_04_53_27_01_2025,-0.60,9.64,0.14,0.00,-0.00,-0.00
-13807,3.32,-2269,2.44,621,3,62840,15_04_53_27_01_2025,-0.60,9.65,0.15,0.01,-0.00,0.00
-13709,3.31,-2560,2.47,620,3,62931,15_04_53_27_01_2025,-0.61,9.63,0.14,0.00,-0.00,-0.00
-13849,3.32,-2683,2.48,621,3,62974,15_04_53_27_01_2025,-0.60,9.64,0.13,0.00,-0.00,0.00
-14266,3.35,-3421,2.53,620,3,63037,15_04_53_27_01_2025,-0.60,9.64,0.14,0.00,-0.00,0.00
-13889,3.32,-3340,2.53,621,3,63127,15_04_53_27_01_2025,-0.59,9.64,0.14,0.00,-0.00,0.00
-13860,3.32,-3287,2.52,621,3,63169,15_04_53_27_01_2025,-0.60,9.63,0.15,0.01,-0.00,-0.00
-13597,3.30,-3260,2.52,620,3,63232,15_04_53_27_01_2025,-0.60,9.64,0.14,0.01,-0.00,-0.00
-13517,3.30,-3478,2.54,621,3,63275,15_04_53_27_01_2025,-0.61,9.64,0.14,0.00,-0.00,-0.00
-13854,3.32,-3808,2.56,621,3,63339,15_04_53_27_01_2025,-0.61,9.64,0.14,0.00,-0.00,0.00
-14360,3.36,-3922,2.57,621,3,63429,15_04_53_27_01_2025,-0.60,9.65,0.14,0.00,-0.00,0.00
-14693,3.39,-3293,2.52,621,3,63471,15_04_53_27_01_2025,-0.60,9.65,0.14,0.01,-0.00,-0.00
-14969,3.41,-3367,2.53,620,3,63535,15_04_53_27_01_2025,-0.60,9.66,0.14,0.00,-0.00,0.00
-14254,3.35,-2994,2.50,621,3,63625,15_04_53_27_01_2025,-0.61,9.65,0.15,0.00,-0.00,0.00
-13132,3.27,-2142,2.43,621,3,63668,15_04_54_27_01_2025,-0.61,9.63,0.14,0.01,-0.00,-0.00
-13999,3.33,-2474,2.46,621,3,63731,15_04_54_27_01_2025,-0.59,9.64,0.13,0.00,-0.00,-0.00
-13657,3.31,-2047,2.43,621,3,63821,15_04_54_27_01_2025,-0.62,9.63,0.15,0.00,-0.00,-0.00
-12996,3.26,-2228,2.44,620,3,63863,15_04_54_27_01_2025,-0.61,9.63,0.13,0.00,-0.00,-0.00
-12927,3.25,-1958,2.42,621,3,63927,15_04_54_27_01_2025,-0.61,9.63,0.13,0.00,-0.00,-0.00
-13518,3.30,-2132,2.43,620,3,64017,15_04_54_27_01_2025,-0.60,9.63,0.14,0.00,-0.00,-0.00
-13549,3.30,-2652,2.47,621,3,64060,15_04_54_27_01_2025,-0.60,9.65,0.15,0.01,-0.00,-0.00
-12334,3.21,-2337,2.45,621,3,64124,15_04_54_27_01_2025,-0.59,9.64,0.14,0.00,-0.00,0.00
-11610,3.15,-2482,2.46,621,3,64214,15_04_54_27_01_2025,-0.60,9.63,0.15,0.00,-0.00,-0.00
-11312,3.13,-1625,2.40,621,3,64256,15_04_54_27_01_2025,-0.61,9.65,0.15,0.00,-0.00,-0.00
-10952,3.10,-2046,2.43,621,3,64320,15_04_54_27_01_2025,-0.61,9.64,0.14,0.00,-0.00,0.00
-10562,3.07,-650,2.32,621,3,64410,15_04_54_27_01_2025,-0.61,9.66,0.14,0.00,-0.00,-0.00
-11166,3.12,3355,2.02,620,3,64453,15_04_54_27_01_2025,-0.60,9.64,0.13,0.00,-0.00,0.00
-11221,3.12,2983,2.05,621,3,64516,15_04_54_27_01_2025,-0.59,9.64,0.13,0.00,-0.00,-0.00
-11097,3.11,1594,2.15,620,3,64561,15_04_54_27_01_2025,-0.60,9.64,0.13,0.00,-0.00,-0.00
-10920,3.10,1450,2.16,621,3,64623,15_04_54_27_01_2025,-0.61,9.64,0.14,0.00,-0.00,-0.00
-10863,3.10,815,2.21,621,3,64713,15_04_55_27_01_2025,-0.61,9.64,0.15,0.00,-0.00,-0.00
-10663,3.08,603,2.23,620,3,64755,15_04_55_27_01_2025,-0.60,9.64,0.14,0.01,-0.00,-0.00
-11497,3.14,482,2.24,620,3,64817,15_04_55_27_01_2025,-0.60,9.65,0.13,0.00,-0.00,-0.00
-10686,3.08,839,2.21,621,3,64908,15_04_55_27_01_2025,-0.58,9.68,0.11,0.00,-0.00,0.01
-11130,3.12,926,2.20,621,3,64954,15_04_55_27_01_2025,-0.60,9.64,0.12,0.00,-0.00,-0.00
-10849,3.09,987,2.20,621,3,65015,15_04_55_27_01_2025,-0.61,9.62,0.13,0.00,-0.00,0.00
-10954,3.10,808,2.21,621,3,65105,15_04_55_27_01_2025,-0.60,9.63,0.13,0.01,-0.00,-0.00
-10943,3.10,949,2.20,621,3,65147,15_04_55_27_01_2025,-0.59,9.60,0.12,0.00,-0.00,0.00
-11169,3.12,903,2.20,620,3,65210,15_04_55_27_01_2025,-0.60,9.66,0.14,0.01,-0.00,-0.00
-10918,3.10,866,2.21,620,3,65300,15_04_55_27_01_2025,-0.62,9.64,0.13,0.00,-0.00,-0.00
-10839,3.09,842,2.21,621,3,65343,15_04_55_27_01_2025,-0.59,9.64,0.14,0.01,-0.00,-0.00
-10778,3.09,842,2.21,621,3,65407,15_04_55_27_01_2025,-0.60,9.64,0.14,0.00,-0.00,-0.00
-10836,3.09,922,2.20,621,3,65496,15_04_55_27_01_2025,-0.60,9.63,0.13,0.00,-0.00,-0.00
-10941,3.10,870,2.21,621,3,65538,15_04_55_27_01_2025,-0.60,9.63,0.13,0.00,-0.00,-0.00
-10832,3.09,930,2.20,621,3,65603,15_04_55_27_01_2025,-0.61,9.65,0.14,0.00,-0.00,-0.00
-10789,3.09,851,2.21,620,3,65694,15_04_56_27_01_2025,-0.61,9.64,0.13,0.00,-0.00,-0.00
-10804,3.09,900,2.20,621,3,65737,15_04_56_27_01_2025,-0.60,9.62,0.13,0.00,-0.00,-0.00
-10735,3.09,974,2.20,620,3,65799,15_04_56_27_01_2025,-0.59,9.62,0.13,0.00,-0.00,-0.00
-11024,3.11,804,2.21,621,3,65841,15_04_56_27_01_2025,-0.63,9.62,0.14,0.00,-0.00,-0.00
-10933,3.10,867,2.21,620,3,65905,15_04_56_27_01_2025,-0.60,9.63,0.13,0.01,-0.00,0.00
-10815,3.09,1057,2.19,620,3,65995,15_04_56_27_01_2025,-0.60,9.63,0.14,0.00,-0.00,0.00
-11001,3.11,993,2.20,620,3,66041,15_04_56_27_01_2025,-0.60,9.63,0.14,0.00,-0.00,0.00
-10873,3.10,999,2.20,620,3,66102,15_04_56_27_01_2025,-0.61,9.63,0.14,0.00,-0.00,-0.00
-10839,3.09,907,2.20,622,3,66192,15_04_56_27_01_2025,-0.60,9.64,0.14,0.00,-0.00,0.00
-10910,3.10,927,2.20,621,3,66233,15_04_56_27_01_2025,-0.61,9.65,0.14,0.00,-0.00,0.00
-10964,3.10,885,2.21,620,3,66298,15_04_56_27_01_2025,-0.60,9.63,0.14,0.00,-0.00,-0.00
-10814,3.09,1014,2.20,621,3,66387,15_04_56_27_01_2025,-0.61,9.66,0.13,0.00,-0.00,-0.00
-10757,3.09,1010,2.20,620,3,66433,15_04_56_27_01_2025,-0.60,9.64,0.14,0.00,-0.00,-0.00
-11007,3.11,870,2.21,620,3,66494,15_04_56_27_01_2025,-0.60,9.63,0.13,0.00,-0.00,0.00
-10923,3.10,781,2.21,621,3,66584,15_04_56_27_01_2025,-0.61,9.63,0.12,0.00,-0.00,0.00
-10783,3.09,1029,2.19,620,3,66625,15_04_56_27_01_2025,-0.60,9.63,0.15,0.00,-0.00,0.00
-10725,3.09,939,2.20,621,3,66690,15_04_57_27_01_2025,-0.61,9.65,0.14,0.00,-0.00,-0.00
-10972,3.10,992,2.20,621,3,66779,15_04_57_27_01_2025,-0.60,9.64,0.14,0.00,-0.00,-0.00
-10883,3.10,745,2.22,621,3,66825,15_04_57_27_01_2025,-0.61,9.65,0.13,0.00,-0.00,0.00
-10829,3.09,965,2.20,621,3,66886,15_04_57_27_01_2025,-0.61,9.64,0.14,0.01,-0.00,-0.00
-10924,3.10,712,2.22,621,3,66977,15_04_57_27_01_2025,-0.61,9.65,0.14,0.00,-0.00,-0.00
-10762,3.09,987,2.20,621,3,67019,15_04_57_27_01_2025,-0.59,9.65,0.13,0.00,-0.00,-0.00
-10775,3.09,862,2.21,621,3,67083,15_04_57_27_01_2025,-0.61,9.65,0.14,0.00,-0.00,0.00
-10779,3.09,1124,2.19,621,3,67125,15_04_57_27_01_2025,-0.60,9.64,0.13,0.00,-0.00,-0.00
-11190,3.12,894,2.20,621,3,67188,15_04_57_27_01_2025,-0.60,9.64,0.14,0.01,-0.00,-0.00
-11121,3.12,1004,2.20,621,3,67279,15_04_57_27_01_2025,-0.61,9.63,0.14,0.00,-0.00,-0.00
-10791,3.09,939,2.20,621,3,67321,15_04_57_27_01_2025,-0.60,9.65,0.13,0.00,-0.00,-0.00
-10710,3.08,867,2.21,621,3,67385,15_04_57_27_01_2025,-0.60,9.64,0.15,0.00,-0.00,0.00
-10759,3.09,726,2.22,621,3,67475,15_04_57_27_01_2025,-0.60,9.63,0.14,0.00,-0.00,-0.00
-10978,3.10,957,2.20,621,3,67517,15_04_57_27_01_2025,-0.60,9.64,0.14,0.00,-0.00,-0.00
-10537,3.07,729,2.22,621,3,67580,15_04_57_27_01_2025,-0.60,9.64,0.14,0.00,-0.00,-0.00
-10892,3.10,832,2.21,621,3,67671,15_04_57_27_01_2025,-0.61,9.65,0.13,0.00,-0.00,0.00
-10657,3.08,763,2.21,621,3,67713,15_04_58_27_01_2025,-0.61,9.63,0.14,0.00,-0.00,-0.00
-10779,3.09,813,2.21,621,3,67777,15_04_58_27_01_2025,-0.60,9.64,0.13,0.00,-0.00,-0.00
-10953,3.10,1013,2.20,620,3,67867,15_04_58_27_01_2025,-0.60,9.63,0.14,0.00,-0.00,-0.00
-10808,3.09,1003,2.20,621,3,67909,15_04_58_27_01_2025,-0.17,9.22,-0.12,0.04,-0.01,0.02
-10897,3.10,934,2.20,621,3,67973,15_04_58_27_01_2025,-0.27,9.59,-0.47,0.10,-0.12,0.02
-10947,3.10,863,2.21,621,3,68063,15_04_58_27_01_2025,-0.89,9.56,0.55,-0.01,-0.10,-0.02
-10878,3.10,952,2.20,620,3,68106,15_04_58_27_01_2025,-0.93,9.14,0.22,-0.03,-0.02,0.10
-10812,3.09,975,2.20,621,3,68170,15_04_58_27_01_2025,-0.77,9.35,0.18,-0.01,-0.00,0.06
-10986,3.11,802,2.21,620,3,68260,15_04_58_27_01_2025,-0.99,9.70,0.40,-0.01,0.32,-0.03
-10828,3.09,958,2.20,621,3,68302,15_04_58_27_01_2025,-0.66,9.60,0.15,-0.04,-0.01,-0.06
-10879,3.10,974,2.20,621,3,68365,15_04_58_27_01_2025,-0.69,9.55,0.23,-0.03,-0.15,0.08
-10993,3.11,947,2.20,621,3,68409,15_04_58_27_01_2025,-0.68,9.54,0.44,-0.01,0.04,0.02
-10719,3.08,1012,2.20,621,3,68473,15_04_58_27_01_2025,-0.57,9.70,0.06,-0.02,0.13,0.04
-10829,3.09,925,2.20,621,3,68562,15_04_58_27_01_2025,-0.52,9.64,-0.04,0.00,0.06,0.01
-11036,3.11,894,2.20,621,3,68605,15_04_58_27_01_2025,-0.57,9.68,0.24,-0.02,-0.01,0.06
-11037,3.11,717,2.22,621,3,68668,15_04_59_27_01_2025,-0.52,9.72,0.23,0.00,-0.00,-0.00
