Data Set 1:Time(s),Data Set 1:Force(N),Data Set 2:Time(s),Data Set 2:Force(N)
0,-0.25986480712890625,0,-0.20101165771484375
0.02,-0.26617431640625,0.02,-0.19470977783203125
0.040000000000000001,-0.2724761962890625,0.040000000000000001,-0.19470977783203125
0.059999999999999998,-0.264068603515625,0.059999999999999998,-0.2052154541015625
0.080000000000000002,-0.26827239990234375,0.080000000000000002,-0.196807861328125
0.10000000000000001,-0.26197052001953125,0.10000000000000001,-0.2073211669921875
0.12,-0.2577667236328125,0.12,-0.196807861328125
0.14000000000000001,-0.26827239990234375,0.14000000000000001,-0.196807861328125
0.16,-0.26197052001953125,0.16,-0.196807861328125
0.17999999999999999,-0.25986480712890625,0.17999999999999999,-0.19891357421875
0.20000000000000001,-0.264068603515625,0.20000000000000001,-0.196807861328125
0.22,-0.27037811279296875,0.22,-0.20101165771484375
0.23999999999999999,-0.26827239990234375,0.23999999999999999,-0.2052154541015625
0.26000000000000001,-0.2577667236328125,0.26000000000000001,-0.20941925048828125
0.28000000000000003,-0.26617431640625,0.28000000000000003,-0.196807861328125
0.29999999999999999,-0.27037811279296875,0.29999999999999999,-0.19260406494140625
0.32000000000000001,-0.25986480712890625,0.32000000000000001,-0.19891357421875
0.34000000000000002,-0.26827239990234375,0.34000000000000002,-0.19891357421875
0.35999999999999999,-0.26617431640625,0.35999999999999999,-0.2073211669921875
0.38,-0.2724761962890625,0.38,-0.20101165771484375
0.40000000000000002,-0.27037811279296875,0.40000000000000002,-0.19260406494140625
0.41999999999999998,-0.264068603515625,0.41999999999999998,-0.19260406494140625
0.44,-0.2745819091796875,0.44,-0.1884002685546875
0.46000000000000002,-0.27878570556640625,0.46000000000000002,-0.1905059814453125
0.47999999999999998,-0.26617431640625,0.47999999999999998,-0.19470977783203125
0.5,-0.264068603515625,0.5,-0.1884002685546875
0.52000000000000002,-0.264068603515625,0.52000000000000002,-0.1905059814453125
0.54000000000000004,-0.25356292724609375,0.54000000000000004,-0.196807861328125
0.56000000000000005,-0.26827239990234375,0.56000000000000005,-0.19260406494140625
0.57999999999999996,-0.26197052001953125,0.57999999999999996,-0.182098388671875
0.59999999999999998,-0.264068603515625,0.59999999999999998,-0.18419647216796875
0.62,-0.25986480712890625,0.62,-0.18630218505859375
0.64000000000000001,-0.26197052001953125,0.64000000000000001,-0.19470977783203125
0.66000000000000003,-0.2577667236328125,0.66000000000000003,-0.19470977783203125
0.68000000000000005,-0.2577667236328125,0.68000000000000005,-0.196807861328125
0.69999999999999996,-0.26827239990234375,0.69999999999999996,-0.20101165771484375
0.71999999999999997,-0.27037811279296875,0.71999999999999997,-0.2052154541015625
0.73999999999999999,-0.26617431640625,0.73999999999999999,-0.20311737060546875
0.76000000000000001,-0.27667999267578125,0.76000000000000001,-0.20941925048828125
0.78000000000000003,-0.26827239990234375,0.78000000000000003,-0.2052154541015625
0.80000000000000004,-0.26197052001953125,0.80000000000000004,-0.213623046875
0.81999999999999995,-0.2724761962890625,0.81999999999999995,-0.21993255615234375
0.83999999999999997,-0.26197052001953125,0.83999999999999997,-0.20311737060546875
0.85999999999999999,-0.26197052001953125,0.85999999999999999,-0.21993255615234375
0.88,-0.2724761962890625,0.88,-0.20101165771484375
0.90000000000000002,-0.264068603515625,0.90000000000000002,-0.182098388671875
0.92000000000000004,-0.27037811279296875,0.92000000000000004,-0.18630218505859375
0.93999999999999995,-0.26617431640625,0.93999999999999995,-0.18419647216796875
0.95999999999999996,-0.26827239990234375,0.95999999999999996,-0.19260406494140625
0.97999999999999998,-0.2745819091796875,0.97999999999999998,-0.196807861328125
1,-0.26197052001953125,1,-0.1884002685546875
1.02,-0.26617431640625,1.02,-0.1905059814453125
1.04,-0.25986480712890625,1.04,-0.1905059814453125
1.0600000000000001,-0.27037811279296875,1.0600000000000001,-0.19891357421875
1.0800000000000001,-0.26617431640625,1.0800000000000001,-0.1884002685546875
1.1000000000000001,-0.2577667236328125,1.1000000000000001,-0.18630218505859375
1.1200000000000001,-0.264068603515625,1.1200000000000001,-0.20101165771484375
1.1399999999999999,-0.26617431640625,1.1399999999999999,-0.20101165771484375
1.1599999999999999,-0.26827239990234375,1.1599999999999999,-0.18630218505859375
1.1799999999999999,-0.26617431640625,1.1799999999999999,-0.19891357421875
1.2,-0.26617431640625,1.2,-0.19470977783203125
1.22,-0.25986480712890625,1.22,-0.20311737060546875
1.24,-0.25986480712890625,1.24,-0.20311737060546875
1.26,-0.27037811279296875,1.26,-0.196807861328125
1.28,-0.26827239990234375,1.28,-0.1884002685546875
1.3,-0.25986480712890625,1.3,-0.1905059814453125
1.3200000000000001,-0.27037811279296875,1.3200000000000001,-0.20101165771484375
1.3400000000000001,-0.264068603515625,1.3400000000000001,-0.196807861328125
1.3600000000000001,-0.2556610107421875,1.3600000000000001,-0.2052154541015625
1.3799999999999999,-0.2577667236328125,1.3799999999999999,-0.19470977783203125
1.3999999999999999,-0.25356292724609375,1.3999999999999999,-0.2052154541015625
1.4199999999999999,-0.26197052001953125,1.4199999999999999,-0.20311737060546875
1.4399999999999999,-0.264068603515625,1.4399999999999999,-0.18630218505859375
1.46,-0.26827239990234375,1.46,-0.19470977783203125
1.48,-0.26197052001953125,1.48,-0.1884002685546875
1.5,-0.264068603515625,1.5,-0.20101165771484375
1.52,-0.25356292724609375,1.52,-0.196807861328125
1.54,-0.2724761962890625,1.54,-0.1884002685546875
1.5600000000000001,-0.27037811279296875,1.5600000000000001,-0.19470977783203125
1.5800000000000001,-0.2577667236328125,1.5800000000000001,-0.19470977783203125
1.6000000000000001,-0.25145721435546875,1.6000000000000001,-0.196807861328125
1.6200000000000001,-0.25986480712890625,1.6200000000000001,-0.2073211669921875
1.6399999999999999,-0.26617431640625,1.6399999999999999,-0.2052154541015625
1.6599999999999999,-0.27037811279296875,1.6599999999999999,-0.19891357421875
1.6799999999999999,-0.27667999267578125,1.6799999999999999,-0.19470977783203125
1.7,-0.2577667236328125,1.7,-0.196807861328125
1.72,-0.26197052001953125,1.72,-0.19470977783203125
1.74,-0.2556610107421875,1.74,-0.19260406494140625
1.76,-0.2724761962890625,1.76,-0.18630218505859375
1.78,-0.2556610107421875,1.78,-0.19260406494140625
1.8,-0.2724761962890625,1.8,-0.196807861328125
1.8200000000000001,-0.26197052001953125,1.8200000000000001,-0.20311737060546875
1.8400000000000001,-0.264068603515625,1.8400000000000001,-0.21152496337890625
1.8600000000000001,-0.25356292724609375,1.8600000000000001,-0.22623443603515625
1.8799999999999999,-0.264068603515625,1.8799999999999999,-0.23464202880859375
1.8999999999999999,-0.27037811279296875,1.8999999999999999,-0.23674774169921875
1.9199999999999999,-0.25356292724609375,1.9199999999999999,-0.24304962158203125
1.9399999999999999,-0.27037811279296875,1.9399999999999999,-0.2409515380859375
1.96,-0.2577667236328125,1.96,-0.23674774169921875
1.98,-0.26617431640625,1.98,-0.230438232421875
2,-0.26197052001953125,2,-0.2241363525390625
2.02,-0.25986480712890625,2.02,-0.2073211669921875
2.04,-0.2724761962890625,2.04,-0.2052154541015625
2.0600000000000001,-0.26197052001953125,2.0600000000000001,-0.20101165771484375
2.0800000000000001,-0.25986480712890625,2.0800000000000001,-0.19470977783203125
2.1000000000000001,-0.264068603515625,2.1000000000000001,-0.2052154541015625
2.1200000000000001,-0.2577667236328125,2.1200000000000001,-0.20101165771484375
2.1400000000000001,-0.25356292724609375,2.1400000000000001,-0.196807861328125
2.1600000000000001,-0.264068603515625,2.1600000000000001,-0.20311737060546875
2.1800000000000002,-0.25986480712890625,2.1800000000000002,-0.20941925048828125
,,2.2000000000000002,-0.196807861328125
,,2.2200000000000002,-0.196807861328125
,,2.2400000000000002,-0.20101165771484375
,,2.2599999999999998,-0.19891357421875
,,2.2799999999999998,-0.20101165771484375
,,2.2999999999999998,-0.196807861328125
,,2.3199999999999998,-0.20101165771484375
,,2.3399999999999999,-0.196807861328125
,,2.3599999999999999,-0.20101165771484375
,,2.3799999999999999,-0.19891357421875
,,2.3999999999999999,-0.20101165771484375
,,2.4199999999999999,-0.196807861328125
,,2.4399999999999999,-0.20101165771484375
,,2.46,-0.2073211669921875
,,2.48,-0.2052154541015625
,,2.5,-0.20941925048828125
,,2.52,-0.196807861328125
,,2.54,-0.196807861328125
,,2.5600000000000001,-0.196807861328125
,,2.5800000000000001,-0.19470977783203125
,,2.6000000000000001,-0.19260406494140625
,,2.6200000000000001,-0.2052154541015625
,,2.6400000000000001,-0.196807861328125
,,2.6600000000000001,-0.20311737060546875
,,2.6800000000000002,-0.20101165771484375
,,2.7000000000000002,-0.20311737060546875
,,2.7200000000000002,-0.196807861328125
,,2.7400000000000002,-0.20101165771484375
,,2.7599999999999998,-0.20101165771484375
,,2.7799999999999998,-0.19470977783203125
,,2.7999999999999998,-0.19260406494140625
,,2.8199999999999998,-0.20311737060546875
,,2.8399999999999999,-0.20311737060546875
,,2.8599999999999999,-0.2052154541015625
,,2.8799999999999999,-0.19891357421875
,,2.8999999999999999,-0.19470977783203125
,,2.9199999999999999,-0.20311737060546875
,,2.9399999999999999,-0.196807861328125
,,2.96,-0.1905059814453125
,,2.98,-0.1905059814453125
,,3,-0.19260406494140625
,,3.02,-0.1905059814453125
,,3.04,-0.2052154541015625
,,3.0600000000000001,-0.19260406494140625
,,3.0800000000000001,-0.18419647216796875
,,3.1000000000000001,-0.18630218505859375
,,3.1200000000000001,-0.1715850830078125
,,3.1400000000000001,-0.1232452392578125
,,3.1600000000000001,-0.028656005859375
,,3.1800000000000002,0.2130584716796875
,,3.2000000000000002,0.4484710693359375
,,3.2200000000000002,0.7343292236328125
,,3.2400000000000002,0.946624755859375
,,3.2599999999999998,1.1021652221679688
,,3.2799999999999998,1.50152587890625
,,3.2999999999999998,2.2224807739257812
,,3.3199999999999998,3.0821533203125
,,3.3399999999999999,3.6769943237304688
,,3.3599999999999999,4.1982650756835938
,,3.3799999999999999,4.81622314453125
,,3.3999999999999999,5.6590805053710938
,,3.4199999999999999,6.4998397827148438
,,3.4399999999999999,7.2985610961914062
,,3.46,8.0363311767578125
,,3.48,8.835052490234375
,,3.5,9.4614181518554688
,,3.52,9.7914199829101562
,,3.54,10.08148193359375
,,3.5600000000000001,10.394660949707031
,,3.5800000000000001,10.4324951171875
,,3.6000000000000001,10.2496337890625
,,3.6200000000000001,9.9700775146484375
,,3.6400000000000001,9.6632003784179688
,,3.6600000000000001,9.4446029663085938
,,3.6800000000000002,9.3311004638671875
,,3.7000000000000002,9.32269287109375
,,3.7200000000000002,9.324798583984375
,,3.7400000000000002,9.3353042602539062
,,3.7599999999999998,9.4551162719726562
,,3.7799999999999998,9.45721435546875
,,3.7999999999999998,9.474029541015625
,,3.8199999999999998,9.5349884033203125
,,3.8399999999999999,9.4992523193359375
,,3.8599999999999999,9.47613525390625
,,3.8799999999999999,9.509765625
,,3.8999999999999999,9.5181732177734375
,,3.9199999999999999,9.526580810546875
,,3.9399999999999999,9.5665130615234375
,,3.96,9.6295700073242188
,,3.98,9.6547927856445312
,,4,9.6211624145507812
,,4.0199999999999996,9.6190643310546875
,,4.04,9.5896377563476562
,,4.0599999999999996,9.5391921997070312
,,4.0800000000000001,9.526580810546875
,,4.0999999999999996,9.5560073852539062
,,4.1200000000000001,9.5980453491210938
,,4.1399999999999997,9.5560073852539062
,,4.1600000000000001,9.5223770141601562
,,4.1799999999999997,9.4908447265625
,,4.2000000000000002,9.4950485229492188
,,4.2199999999999998,9.4950485229492188
,,4.2400000000000002,9.4803390502929688
,,4.2599999999999998,9.5034561157226562
,,4.2800000000000002,9.5875320434570312
,,4.2999999999999998,9.6253662109375
,,4.3200000000000003,9.6463851928710938
,,4.3399999999999999,9.6358795166015625
,,4.3600000000000003,9.6400833129882812
,,4.3799999999999999,9.6358795166015625
,,4.4000000000000004,9.608551025390625
,,4.4199999999999999,9.5391921997070312
,,4.4400000000000004,9.5223770141601562
,,4.46,9.54339599609375
,,4.4800000000000004,9.5686187744140625
,,4.5,9.5770263671875
,,4.5199999999999996,9.5833282470703125
,,4.54,9.6547927856445312
,,4.5599999999999996,9.692626953125
,,4.5800000000000001,9.7199554443359375
,,4.5999999999999996,9.709442138671875
,,4.6200000000000001,9.7052383422851562
,,4.6399999999999997,9.6653060913085938
,,4.6600000000000001,9.593841552734375
,,4.6799999999999997,9.55810546875
,,4.7000000000000002,9.5728225708007812
,,4.7199999999999998,9.574920654296875
,,4.7400000000000002,9.5728225708007812
,,4.7599999999999998,9.5980453491210938
,,4.7800000000000002,9.61065673828125
,,4.7999999999999998,9.627471923828125
,,4.8200000000000003,9.5854339599609375
,,4.8399999999999999,9.509765625
,,4.8600000000000003,9.5055618286132812
,,4.8799999999999999,9.593841552734375
,,4.9000000000000004,9.6526947021484375
,,4.9199999999999999,9.6905288696289062
,,4.9400000000000004,9.7178497314453125
,,4.96,9.7514801025390625
,,4.9800000000000004,9.743072509765625
,,5,9.7052383422851562
,,5.0199999999999996,9.6695098876953125
,,5.04,9.6547927856445312
,,5.0599999999999996,9.6505889892578125
,,5.0800000000000001,9.627471923828125
,,5.0999999999999996,9.5875320434570312
,,5.1200000000000001,9.55810546875
,,5.1399999999999997,9.5496978759765625
,,5.1600000000000001,9.59173583984375
,,5.1799999999999997,9.6505889892578125
,,5.2000000000000002,9.6695098876953125
,,5.2199999999999998,9.6737136840820312
,,5.2400000000000002,9.6632003784179688
,,5.2599999999999998,9.6526947021484375
,,5.2800000000000002,9.644287109375
,,5.2999999999999998,9.6148605346679688
,,5.3200000000000003,9.6169586181640625
,,5.3399999999999999,9.6379776000976562
,,5.3600000000000003,9.6316757202148438
,,5.3799999999999999,9.6358795166015625
,,5.4000000000000004,9.61065673828125
,,5.4199999999999999,9.5959396362304688
,,5.4400000000000004,9.59173583984375
,,5.46,9.6064529418945312
,,5.4800000000000004,9.6232681274414062
,,5.5,9.6337738037109375
,,5.5199999999999996,9.6169586181640625
,,5.54,9.6358795166015625
,,5.5599999999999996,9.6232681274414062
,,5.5800000000000001,9.6190643310546875
,,5.5999999999999996,9.6190643310546875
,,5.6200000000000001,9.627471923828125
,,5.6399999999999997,9.6190643310546875
,,5.6600000000000001,9.6316757202148438
,,5.6799999999999997,9.6358795166015625
,,5.7000000000000002,9.65899658203125
,,5.7199999999999998,9.6674041748046875
,,5.7400000000000002,9.65899658203125
,,5.7599999999999998,9.6400833129882812
,,5.7800000000000002,9.6379776000976562
,,5.7999999999999998,9.6295700073242188
,,5.8200000000000003,9.6148605346679688
,,5.8399999999999999,9.6295700073242188
,,5.8600000000000003,9.6884231567382812
,,5.8799999999999999,9.6905288696289062
,,5.9000000000000004,9.6400833129882812
,,5.9199999999999999,9.6001434326171875
,,5.9400000000000004,9.593841552734375
,,5.96,9.5644149780273438
,,5.9800000000000004,9.4950485229492188
,,6,9.4551162719726562
,,6.0199999999999996,9.5013580322265625
,,6.04,9.6337738037109375
,,6.0599999999999996,9.7157516479492188
,,6.0800000000000001,9.7493820190429688
,,6.0999999999999996,9.7998275756835938
,,6.1200000000000001,9.7977218627929688
,,6.1399999999999997,9.795623779296875
,,6.1600000000000001,9.7052383422851562
,,6.1799999999999997,9.642181396484375
,,6.2000000000000002,9.5707168579101562
,,6.2199999999999998,9.5160675048828125
,,6.2400000000000002,9.4992523193359375
,,6.2599999999999998,9.492950439453125
,,6.2800000000000002,9.4824371337890625
,,6.2999999999999998,9.4782333374023438
,,6.3200000000000003,9.5560073852539062
,,6.3399999999999999,9.6484909057617188
,,6.3600000000000003,9.709442138671875
,,6.3799999999999999,9.743072509765625
,,6.4000000000000004,9.7914199829101562
,,6.4199999999999999,9.743072509765625
,,6.4400000000000004,9.6526947021484375
,,6.46,9.5686187744140625
,,6.4800000000000004,9.4719314575195312
,,6.5,9.4214859008789062
,,6.5199999999999996,9.3836517333984375
,,6.54,9.3878555297851562
,,6.5599999999999996,9.5055618286132812
,,6.5800000000000001,9.6400833129882812
,,6.5999999999999996,9.709442138671875
,,6.6200000000000001,9.7640914916992188
,,6.6399999999999997,9.8145370483398438
,,6.6600000000000001,9.8040313720703125
,,6.6799999999999997,9.7472763061523438
,,6.7000000000000002,9.7157516479492188
,,6.7199999999999998,9.6632003784179688
,,6.7400000000000002,9.6505889892578125
,,6.7599999999999998,9.6568984985351562
,,6.7800000000000002,9.6568984985351562
,,6.7999999999999998,9.642181396484375
,,6.8200000000000003,9.6547927856445312
,,6.8399999999999999,9.6547927856445312
,,6.8600000000000003,9.644287109375
,,6.8799999999999999,9.6547927856445312
,,6.9000000000000004,9.6674041748046875
,,6.9199999999999999,9.692626953125
,,6.9400000000000004,9.7199554443359375
,,6.96,9.74517822265625
,,6.9800000000000004,9.7535858154296875
,,7,9.7409744262695312
,,7.0199999999999996,9.6842193603515625
,,7.04,9.6337738037109375
,,7.0599999999999996,9.6127548217773438
,,7.0800000000000001,9.6148605346679688
,,7.0999999999999996,9.6253662109375
,,7.1200000000000001,9.644287109375
,,7.1399999999999997,9.6800155639648438
,,7.1600000000000001,9.694732666015625
,,7.1799999999999997,9.7052383422851562
,,7.2000000000000002,9.6800155639648438
,,7.2199999999999998,9.6484909057617188
,,7.2400000000000002,9.6400833129882812
,,7.2599999999999998,9.6316757202148438
,,7.2800000000000002,9.6043472290039062
,,7.2999999999999998,9.6043472290039062
,,7.3200000000000003,9.6148605346679688
,,7.3399999999999999,9.59173583984375
,,7.3600000000000003,9.5854339599609375
,,7.3799999999999999,9.5980453491210938
,,7.4000000000000004,9.644287109375
,,7.4199999999999999,9.6695098876953125
,,7.4400000000000004,9.6674041748046875
,,7.46,9.661102294921875
,,7.4800000000000004,9.6526947021484375
,,7.5,9.6379776000976562
,,7.5199999999999996,9.6379776000976562
,,7.54,9.6526947021484375
,,7.5599999999999996,9.6337738037109375
,,7.5800000000000001,9.6400833129882812
,,7.5999999999999996,9.6337738037109375
,,7.6200000000000001,9.627471923828125
,,7.6399999999999997,9.6337738037109375
,,7.6600000000000001,9.627471923828125
,,7.6799999999999997,9.6253662109375
,,7.7000000000000002,9.6484909057617188
,,7.7199999999999998,9.6674041748046875
,,7.7400000000000002,9.6863250732421875
,,7.7599999999999998,9.6968307495117188
,,7.7800000000000002,9.661102294921875
,,7.7999999999999998,9.6316757202148438
,,7.8200000000000003,9.6211624145507812
,,7.8399999999999999,9.6316757202148438
,,7.8600000000000003,9.6190643310546875
,,7.8799999999999999,9.6253662109375
,,7.9000000000000004,9.6400833129882812
,,7.9199999999999999,9.6253662109375
,,7.9400000000000004,9.608551025390625
,,7.96,9.6358795166015625
,,7.9800000000000004,9.6463851928710938
,,8,9.6547927856445312
,,8.0199999999999996,9.644287109375
,,8.0399999999999991,9.6400833129882812
,,8.0600000000000005,9.6316757202148438
,,8.0800000000000001,9.6337738037109375
,,8.0999999999999996,9.6316757202148438
,,8.1199999999999992,9.642181396484375
,,8.1400000000000006,9.6547927856445312
,,8.1600000000000001,9.6547927856445312
,,8.1799999999999997,9.6568984985351562
,,8.1999999999999993,9.6358795166015625
,,8.2200000000000006,9.6253662109375
,,8.2400000000000002,9.6190643310546875
,,8.2599999999999998,9.6400833129882812
,,8.2799999999999994,9.6674041748046875
,,8.3000000000000007,9.6632003784179688
,,8.3200000000000003,9.6505889892578125
,,8.3399999999999999,9.6253662109375
,,8.3599999999999994,9.61065673828125
,,8.3800000000000008,9.6211624145507812
,,8.4000000000000004,9.642181396484375
,,8.4199999999999999,9.6400833129882812
,,8.4399999999999995,9.642181396484375
,,8.4600000000000009,9.6568984985351562
,,8.4800000000000004,9.6737136840820312
,,8.5,9.6674041748046875
,,8.5199999999999996,9.6337738037109375
,,8.5399999999999991,9.61065673828125
,,8.5600000000000005,9.5980453491210938
,,8.5800000000000001,9.5959396362304688
,,8.5999999999999996,9.6064529418945312
,,8.6199999999999992,9.6295700073242188
,,8.6400000000000006,9.6737136840820312
,,8.6600000000000001,9.6884231567382812
,,8.6799999999999997,9.6674041748046875
,,8.6999999999999993,9.6632003784179688
,,8.7200000000000006,9.6568984985351562
,,8.7400000000000002,9.6505889892578125
,,8.7599999999999998,9.6190643310546875
,,8.7799999999999994,9.6043472290039062
,,8.8000000000000007,9.6190643310546875
,,8.8200000000000003,9.6337738037109375
,,8.8399999999999999,9.6358795166015625
,,8.8599999999999994,9.6632003784179688
,,8.8800000000000008,9.7220535278320312
,,8.9000000000000004,9.7304611206054688
,,8.9199999999999999,9.6842193603515625
,,8.9399999999999995,9.6526947021484375
,,8.9600000000000009,9.6211624145507812
,,8.9800000000000004,9.6211624145507812
,,9,9.6190643310546875
,,9.0199999999999996,9.61065673828125
,,9.0399999999999991,9.6064529418945312
,,9.0600000000000005,9.6064529418945312
,,9.0800000000000001,9.6148605346679688
,,9.0999999999999996,9.6379776000976562
,,9.1199999999999992,9.6526947021484375
,,9.1400000000000006,9.6632003784179688
,,9.1600000000000001,9.65899658203125
,,9.1799999999999997,9.642181396484375
,,9.1999999999999993,9.6148605346679688
,,9.2200000000000006,9.5959396362304688
,,9.2400000000000002,9.6127548217773438
,,9.2599999999999998,9.6358795166015625
,,9.2799999999999994,9.6484909057617188
,,9.3000000000000007,9.6526947021484375
,,9.3200000000000003,9.6632003784179688
,,9.3399999999999999,9.6568984985351562
,,9.3599999999999994,9.6358795166015625
,,9.3800000000000008,9.6400833129882812
,,9.4000000000000004,9.6358795166015625
,,9.4199999999999999,9.6400833129882812
,,9.4399999999999995,9.627471923828125
,,9.4600000000000009,9.6295700073242188
,,9.4800000000000004,9.6148605346679688
,,9.5,9.6190643310546875
,,9.5199999999999996,9.6400833129882812
,,9.5399999999999991,9.661102294921875
,,9.5600000000000005,9.6884231567382812
,,9.5800000000000001,9.67791748046875
,,9.5999999999999996,9.65899658203125
,,9.6199999999999992,9.6337738037109375
,,9.6400000000000006,9.6232681274414062
,,9.6600000000000001,9.6001434326171875
,,9.6799999999999997,9.6232681274414062
,,9.6999999999999993,9.6505889892578125
,,9.7200000000000006,9.6653060913085938
,,9.7400000000000002,9.6653060913085938
,,9.7599999999999998,9.6463851928710938
,,9.7799999999999994,9.6295700073242188
,,9.8000000000000007,9.6190643310546875
,,9.8200000000000003,9.6316757202148438
,,9.8399999999999999,9.6547927856445312
,,9.8599999999999994,9.6547927856445312
,,9.8800000000000008,9.6674041748046875
,,9.9000000000000004,9.6484909057617188
,,9.9199999999999999,9.642181396484375
,,9.9399999999999995,9.6379776000976562
,,9.9600000000000009,9.6379776000976562
,,9.9800000000000004,9.6295700073242188
,,10,9.6211624145507812
,,10.02,9.6169586181640625
,,10.039999999999999,9.6064529418945312
,,10.06,9.6169586181640625
,,10.08,9.6190643310546875
,,10.1,9.6358795166015625
,,10.119999999999999,9.6505889892578125
,,10.140000000000001,9.6737136840820312
,,10.16,9.6737136840820312
,,10.18,9.642181396484375
,,10.199999999999999,9.627471923828125
,,10.220000000000001,9.608551025390625
,,10.24,9.6148605346679688
,,10.26,9.627471923828125
,,10.279999999999999,9.6484909057617188
,,10.300000000000001,9.6568984985351562
,,10.32,9.661102294921875
,,10.34,9.6568984985351562
,,10.359999999999999,9.661102294921875
,,10.380000000000001,9.6526947021484375
,,10.4,9.642181396484375
,,10.42,9.6316757202148438
,,10.44,9.642181396484375
,,10.460000000000001,9.6547927856445312
,,10.48,9.6484909057617188
,,10.5,9.6358795166015625
,,10.52,9.6253662109375
,,10.539999999999999,9.6064529418945312
,,10.56,9.5959396362304688
,,10.58,9.5854339599609375
,,10.6,9.6253662109375
,,10.619999999999999,9.6737136840820312
,,10.640000000000001,9.7031402587890625
,,10.66,9.7031402587890625
,,10.68,9.6884231567382812
,,10.699999999999999,9.6695098876953125
,,10.720000000000001,9.6400833129882812
,,10.74,9.6211624145507812
,,10.76,9.6064529418945312
,,10.779999999999999,9.5812301635742188
,,10.800000000000001,9.5980453491210938
,,10.82,9.6169586181640625
,,10.84,9.6316757202148438
,,10.859999999999999,9.6463851928710938
,,10.880000000000001,9.6463851928710938
,,10.9,9.6379776000976562
,,10.92,9.644287109375
,,10.94,9.6358795166015625
,,10.960000000000001,9.6358795166015625
,,10.98,9.6211624145507812
,,11,9.6253662109375
,,11.02,9.627471923828125
,,11.039999999999999,9.6232681274414062
,,11.06,9.6337738037109375
,,11.08,9.6632003784179688
,,11.1,9.6716079711914062
,,11.119999999999999,9.6695098876953125
,,11.140000000000001,9.6568984985351562
,,11.16,9.6295700073242188
,,11.18,9.6169586181640625
,,11.199999999999999,9.6253662109375
,,11.220000000000001,9.6358795166015625
,,11.24,9.642181396484375
,,11.26,9.6547927856445312
,,11.279999999999999,9.6716079711914062
,,11.300000000000001,9.6484909057617188
,,11.32,9.6337738037109375
,,11.34,9.6337738037109375
,,11.359999999999999,9.6379776000976562
,,11.380000000000001,9.65899658203125
,,11.4,9.6568984985351562
,,11.42,9.6358795166015625
,,11.44,9.627471923828125
,,11.460000000000001,9.644287109375
,,11.48,9.65899658203125
,,11.5,9.661102294921875
,,11.52,9.6632003784179688
,,11.539999999999999,9.6632003784179688
,,11.56,9.6400833129882812
,,11.58,9.6232681274414062
,,11.6,9.627471923828125
,,11.619999999999999,9.6316757202148438
,,11.640000000000001,9.6358795166015625
,,11.66,9.6295700073242188
,,11.68,9.6211624145507812
,,11.699999999999999,9.6190643310546875
,,11.720000000000001,9.6253662109375
,,11.74,9.6695098876953125
,,11.76,9.6716079711914062
,,11.779999999999999,9.6695098876953125
,,11.800000000000001,9.6674041748046875
,,11.82,9.6358795166015625
,,11.84,9.6316757202148438
,,11.859999999999999,9.6358795166015625
,,11.880000000000001,9.6505889892578125
,,11.9,9.661102294921875
,,11.92,9.6463851928710938
,,11.94,9.6358795166015625
,,11.960000000000001,9.6358795166015625
,,11.98,9.627471923828125
,,12,9.6190643310546875
,,12.02,9.6190643310546875
,,12.039999999999999,9.6211624145507812
,,12.06,9.644287109375
,,12.08,9.6547927856445312
,,12.1,9.6484909057617188
,,12.119999999999999,9.6653060913085938
,,12.140000000000001,9.6674041748046875
,,12.16,9.6695098876953125
,,12.18,9.6400833129882812
,,12.199999999999999,9.6316757202148438
,,12.220000000000001,9.6295700073242188
,,12.24,9.6484909057617188
,,12.26,9.661102294921875
,,12.279999999999999,9.6463851928710938
,,12.300000000000001,9.627471923828125
,,12.32,9.6148605346679688
,,12.34,9.6295700073242188
,,12.359999999999999,9.6505889892578125
,,12.380000000000001,9.65899658203125
,,12.4,9.6526947021484375
,,12.42,9.644287109375
,,12.44,9.6295700073242188
,,12.460000000000001,9.6232681274414062
,,12.48,9.6253662109375
,,12.5,9.6358795166015625
,,12.52,9.6463851928710938
,,12.539999999999999,9.6484909057617188
,,12.56,9.6463851928710938
,,12.58,9.6253662109375
,,12.6,9.6253662109375
,,12.619999999999999,9.6358795166015625
,,12.640000000000001,9.627471923828125
,,12.66,9.6379776000976562
,,12.68,9.6547927856445312
,,12.699999999999999,9.6737136840820312
,,12.720000000000001,9.6737136840820312
,,12.74,9.6568984985351562
,,12.76,9.6316757202148438
,,12.779999999999999,9.6316757202148438
,,12.800000000000001,9.6379776000976562
,,12.82,9.6211624145507812
,,12.84,9.6043472290039062
,,12.859999999999999,9.6211624145507812
,,12.880000000000001,9.6632003784179688
,,12.9,9.6800155639648438
,,12.92,9.6526947021484375
,,12.94,9.6484909057617188
,,12.960000000000001,9.642181396484375
,,12.98,9.6295700073242188
,,13,9.6127548217773438
,,13.02,9.6253662109375
,,13.039999999999999,9.6400833129882812
,,13.06,9.6295700073242188
,,13.08,9.6211624145507812
,,13.1,9.6064529418945312
,,13.119999999999999,9.6190643310546875
,,13.140000000000001,9.6821212768554688
,,13.16,9.7157516479492188
,,13.18,9.7136459350585938
,,13.199999999999999,9.6716079711914062
,,13.220000000000001,9.642181396484375
,,13.24,9.6190643310546875
,,13.26,9.61065673828125
,,13.279999999999999,9.6064529418945312
,,13.300000000000001,9.6190643310546875
,,13.32,9.6568984985351562
,,13.34,9.6653060913085938
,,13.359999999999999,9.6379776000976562
,,13.380000000000001,9.6064529418945312
,,13.4,9.6169586181640625
,,13.42,9.6358795166015625
,,13.44,9.6526947021484375
,,13.460000000000001,9.6358795166015625
,,13.48,9.6043472290039062
,,13.5,9.5728225708007812
,,13.52,9.5391921997070312
,,13.539999999999999,9.492950439453125
,,13.56,9.4866409301757812
,,13.58,9.440399169921875
,,13.6,9.4025650024414062
,,13.619999999999999,9.4614181518554688
,,13.640000000000001,9.54339599609375
,,13.66,9.6043472290039062
,,13.68,9.6379776000976562
,,13.699999999999999,9.6716079711914062
,,13.720000000000001,9.692626953125
,,13.74,9.6379776000976562
,,13.76,9.5391921997070312
,,13.779999999999999,9.4824371337890625
,,13.800000000000001,9.4824371337890625
,,13.82,9.5307846069335938
,,13.84,9.6001434326171875
,,13.859999999999999,9.5980453491210938
,,13.880000000000001,9.6379776000976562
,,13.9,9.661102294921875
,,13.92,9.6716079711914062
,,13.94,9.2617416381835938
,,13.960000000000001,8.1456298828125
,,13.98,7.5150604248046875
,,14,7.2102813720703125
,,14.02,6.90130615234375
,,14.039999999999999,6.56500244140625
,,14.06,6.16143798828125
,,14.08,5.5455780029296875
,,14.1,4.664886474609375
,,14.119999999999999,3.8787765502929688
,,14.140000000000001,3.2965469360351562
,,14.16,2.8866806030273438
,,14.18,2.5587844848632812
,,14.199999999999999,2.2350921630859375
,,14.220000000000001,1.90509033203125
,,14.24,1.5498733520507812
,,14.26,1.1904449462890625
,,14.279999999999999,0.87725830078125
,,14.300000000000001,0.6523590087890625
,,14.32,0.5157318115234375
,,14.34,0.40643310546875
,,14.359999999999999,0.28452301025390625
,,14.380000000000001,0.1794281005859375
,,14.4,0.0449066162109375
,,14.42,-0.07700347900390625
,,14.44,-0.14215850830078125
,,14.460000000000001,-0.16948699951171875
,,14.48,-0.18630218505859375
,,14.5,-0.18630218505859375
,,14.52,-0.18630218505859375
,,14.539999999999999,-0.17789459228515625
,,14.56,-0.18630218505859375
,,14.58,-0.1736907958984375
,,14.6,-0.1736907958984375
,,14.619999999999999,-0.1736907958984375
,,14.640000000000001,-0.18630218505859375
,,14.66,-0.18419647216796875
,,14.68,-0.1736907958984375
,,14.699999999999999,-0.17789459228515625
,,14.720000000000001,-0.16948699951171875
,,14.74,-0.17999267578125
,,14.76,-0.17789459228515625
,,14.779999999999999,-0.182098388671875
,,14.800000000000001,-0.17789459228515625
,,14.82,-0.165283203125
,,14.84,-0.16738128662109375
,,14.859999999999999,-0.17578887939453125
,,14.880000000000001,-0.17999267578125
,,14.9,-0.17999267578125
,,14.92,-0.182098388671875
,,14.94,-0.17578887939453125
,,14.960000000000001,-0.182098388671875
,,14.98,-0.17789459228515625
,,15,-0.1884002685546875
,,15.02,-0.17578887939453125
,,15.039999999999999,-0.1905059814453125
,,15.06,-0.1884002685546875
,,15.08,-0.182098388671875
,,15.1,-0.17999267578125
,,15.119999999999999,-0.16948699951171875
,,15.140000000000001,-0.16948699951171875
,,15.16,-0.1547698974609375
,,15.18,-0.1715850830078125
,,15.199999999999999,-0.14426422119140625
,,15.220000000000001,-0.13375091552734375
,,15.24,-0.11273193359375
,,15.26,-0.05808258056640625
,,15.279999999999999,0.0133819580078125
,,15.300000000000001,0.274017333984375
,,15.32,0.7679595947265625
,,15.34,1.31866455078125
,,15.359999999999999,1.8693618774414062
,,15.380000000000001,2.4915237426757812
,,15.4,3.2965469360351562
,,15.42,4.2297897338867188
,,15.44,5.1083831787109375
,,15.460000000000001,5.9344329833984375
,,15.48,6.6763992309570312
,,15.5,7.3616180419921875
,,15.52,8.0762710571289062
,,15.539999999999999,8.801422119140625
,,15.56,9.4509124755859375
,,15.58,9.8250503540039062
,,15.6,9.9028167724609375
,,15.619999999999999,9.9385528564453125
,,15.640000000000001,9.9868927001953125
,,15.66,9.9763870239257812
,,15.68,9.8502731323242188
,,15.699999999999999,9.6884231567382812
,,15.720000000000001,9.5728225708007812
,,15.74,9.5686187744140625
,,15.76,9.5665130615234375
,,15.779999999999999,9.61065673828125
,,15.800000000000001,9.6842193603515625
,,15.82,9.7178497314453125
,,15.84,9.7472763061523438
,,15.859999999999999,9.7388687133789062
,,15.880000000000001,9.6863250732421875
,,15.9,9.5959396362304688
,,15.92,9.5728225708007812
,,15.94,9.5959396362304688
,,15.960000000000001,9.5560073852539062
,,15.98,9.492950439453125
,,16,9.4824371337890625
,,16.02,9.4845428466796875
,,16.039999999999999,9.4824371337890625
,,16.059999999999999,9.5055618286132812
,,16.079999999999998,9.5539016723632812
,,16.100000000000001,9.5560073852539062
,,16.120000000000001,9.526580810546875
,,16.140000000000001,9.5202713012695312
,,16.16,9.5307846069335938
,,16.18,9.492950439453125
,,16.199999999999999,9.4698257446289062
,,16.219999999999999,9.4467086791992188
,,16.239999999999998,9.5055618286132812
,,16.260000000000002,9.55810546875
,,16.280000000000001,9.5833282470703125
,,16.300000000000001,9.6001434326171875
,,16.32,9.6211624145507812
,,16.34,9.6253662109375
,,16.359999999999999,9.642181396484375
,,16.379999999999999,9.627471923828125
,,16.399999999999999,9.6169586181640625
,,16.420000000000002,9.6127548217773438
,,16.440000000000001,9.61065673828125
,,16.460000000000001,9.6043472290039062
,,16.48,9.6022491455078125
,,16.5,9.5770263671875
,,16.52,9.5623092651367188
,,16.539999999999999,9.59173583984375
,,16.559999999999999,9.61065673828125
,,16.579999999999998,9.6169586181640625
,,16.600000000000001,9.61065673828125
,,16.620000000000001,9.6400833129882812
,,16.640000000000001,9.6400833129882812
,,16.66,9.6379776000976562
,,16.68,9.6526947021484375
,,16.699999999999999,9.65899658203125
,,16.719999999999999,9.65899658203125
,,16.739999999999998,9.65899658203125
,,16.760000000000002,9.6337738037109375
,,16.780000000000001,9.59173583984375
,,16.800000000000001,9.5623092651367188
,,16.82,9.526580810546875
,,16.84,9.5349884033203125
,,16.859999999999999,9.5349884033203125
,,16.879999999999999,9.5307846069335938
,,16.899999999999999,9.5139694213867188
,,16.920000000000002,9.4698257446289062
,,16.940000000000001,9.4698257446289062
,,16.960000000000001,9.5349884033203125
,,16.98,9.59173583984375
,,17,9.692626953125
,,17.02,9.7661972045898438
,,17.039999999999999,9.7704010009765625
,,17.059999999999999,9.7199554443359375
,,17.079999999999998,9.6653060913085938
,,17.100000000000001,9.6505889892578125
,,17.120000000000001,9.6169586181640625
,,17.140000000000001,9.6043472290039062
,,17.16,9.6379776000976562
,,17.18,9.6526947021484375
,,17.199999999999999,9.642181396484375
,,17.219999999999999,9.6253662109375
,,17.239999999999998,9.5896377563476562
,,17.260000000000002,9.5707168579101562
,,17.280000000000001,9.5223770141601562
,,17.300000000000001,9.4803390502929688
,,17.32,9.5223770141601562
,,17.34,9.6232681274414062
,,17.359999999999999,9.694732666015625
,,17.379999999999999,9.7493820190429688
,,17.399999999999999,9.761993408203125
,,17.420000000000002,9.743072509765625
,,17.440000000000001,9.7031402587890625
,,17.460000000000001,9.6379776000976562
,,17.48,9.6043472290039062
,,17.5,9.5833282470703125
,,17.52,9.5728225708007812
,,17.539999999999999,9.541290283203125
,,17.559999999999999,9.5644149780273438
,,17.579999999999998,9.6148605346679688
,,17.600000000000001,9.644287109375
,,17.620000000000001,9.6695098876953125
,,17.640000000000001,9.6884231567382812
,,17.66,9.72625732421875
,,17.68,9.743072509765625
,,17.699999999999999,9.728363037109375
,,17.719999999999999,9.7073440551757812
,,17.739999999999998,9.6968307495117188
,,17.760000000000002,9.6505889892578125
,,17.780000000000001,9.6148605346679688
,,17.800000000000001,9.5896377563476562
,,17.82,9.5707168579101562
,,17.84,9.5454940795898438
,,17.859999999999999,9.541290283203125
,,17.879999999999999,9.5349884033203125
,,17.899999999999999,9.5770263671875
,,17.920000000000002,9.5959396362304688
,,17.940000000000001,9.5854339599609375
,,17.960000000000001,9.5518035888671875
,,17.98,9.55810546875
,,18,9.5728225708007812
,,18.02,9.2281112670898438
,,18.039999999999999,8.3768386840820312
,,18.059999999999999,7.8387527465820312
,,18.079999999999998,7.5108566284179688
,,18.100000000000001,7.13671875
,,18.120000000000001,6.5586929321289062
,,18.140000000000001,5.7809906005859375
,,18.16,4.898193359375
,,18.18,3.9334259033203125
,,18.199999999999999,3.0569305419921875
,,18.219999999999999,2.4705047607421875
,,18.239999999999998,2.0480194091796875
,,18.260000000000002,1.6297454833984375
,,18.280000000000001,1.1631240844726562
,,18.300000000000001,0.6859893798828125
,,18.32,0.30133819580078125
,,18.34,0.08484649658203125
,,18.359999999999999,-0.06859588623046875
,,18.379999999999999,-0.13375091552734375
,,18.399999999999999,-0.15897369384765625
,,18.420000000000002,-0.17789459228515625
,,18.440000000000001,-0.17789459228515625
,,18.460000000000001,-0.1884002685546875
,,18.48,-0.18630218505859375
,,18.5,-0.182098388671875
,,18.52,-0.1905059814453125
,,18.539999999999999,-0.1905059814453125
,,18.559999999999999,-0.20101165771484375
,,18.579999999999998,-0.1905059814453125
,,18.600000000000001,-0.19470977783203125
,,18.620000000000001,-0.19470977783203125
,,18.640000000000001,-0.1905059814453125
,,18.66,-0.20101165771484375
,,18.68,-0.19470977783203125
,,18.699999999999999,-0.19891357421875
,,18.719999999999999,-0.196807861328125
,,18.739999999999998,-0.20311737060546875
,,18.760000000000002,-0.1905059814453125
,,18.780000000000001,-0.1884002685546875
,,18.800000000000001,-0.19260406494140625
,,18.82,-0.182098388671875
,,18.84,-0.18419647216796875
,,18.859999999999999,-0.19470977783203125
,,18.879999999999999,-0.19470977783203125
,,18.899999999999999,-0.196807861328125
,,18.920000000000002,-0.19891357421875
,,18.940000000000001,-0.1905059814453125
,,18.960000000000001,-0.19891357421875
,,18.98,-0.18419647216796875
,,19,-0.18419647216796875
,,19.02,-0.1905059814453125
,,19.039999999999999,-0.182098388671875
,,19.059999999999999,-0.20101165771484375
,,19.079999999999998,-0.19470977783203125
,,19.100000000000001,-0.1884002685546875
,,19.120000000000001,-0.18630218505859375
,,19.140000000000001,-0.1905059814453125
,,19.16,-0.17789459228515625
,,19.18,-0.17999267578125
,,19.199999999999999,-0.1715850830078125
,,19.219999999999999,-0.06859588623046875
,,19.239999999999998,0.11006927490234375
,,19.260000000000002,0.5514678955078125
,,19.280000000000001,1.1547164916992188
,,19.300000000000001,1.686492919921875
,,19.32,2.2014617919921875
,,19.34,2.7080154418945312
,,19.359999999999999,3.1788406372070312
,,19.379999999999999,3.6244430541992188
,,19.399999999999999,4.3180694580078125
,,19.420000000000002,5.2408065795898438
,,19.440000000000001,6.2055740356445312
,,19.460000000000001,7.0778656005859375
,,19.48,7.8366546630859375
,,19.5,8.5786209106445312
,,19.52,9.27435302734375
,,19.539999999999999,9.7661972045898438
,,19.559999999999999,9.944854736328125
,,19.579999999999998,10.033134460449219
,,19.600000000000001,10.003707885742188
,,19.620000000000001,9.8881072998046875
,,19.640000000000001,9.743072509765625
,,19.66,9.6379776000976562
,,19.68,9.608551025390625
,,19.699999999999999,9.5833282470703125
,,19.719999999999999,9.5286788940429688
,,19.739999999999998,9.5328826904296875
,,19.760000000000002,9.5370864868164062
,,19.780000000000001,9.5475997924804688
,,19.800000000000001,9.54339599609375
,,19.82,9.507659912109375
,,19.84,9.4866409301757812
,,19.859999999999999,9.5223770141601562
,,19.879999999999999,9.5854339599609375
,,19.899999999999999,9.5560073852539062
,,19.920000000000002,9.5118637084960938
,,19.940000000000001,9.4992523193359375
,,19.960000000000001,9.4803390502929688
,,19.98,9.5034561157226562
,,20,9.560211181640625
,,20.02,9.6232681274414062
,,20.039999999999999,9.6316757202148438
,,20.059999999999999,9.644287109375
,,20.079999999999998,9.6316757202148438
,,20.100000000000001,9.593841552734375
,,20.120000000000001,9.5518035888671875
,,20.140000000000001,9.52447509765625
,,20.16,9.5118637084960938
,,20.18,9.47613525390625
,,20.199999999999999,9.474029541015625
,,20.219999999999999,9.5370864868164062
,,20.239999999999998,9.5770263671875
,,20.260000000000002,9.5854339599609375
,,20.280000000000001,9.5959396362304688
,,20.300000000000001,9.6232681274414062
,,20.32,9.6379776000976562
,,20.34,9.6358795166015625
,,20.359999999999999,9.627471923828125
,,20.379999999999999,9.6148605346679688
,,20.399999999999999,9.6232681274414062
,,20.420000000000002,9.6337738037109375
,,20.440000000000001,9.6400833129882812
,,20.460000000000001,9.6253662109375
,,20.48,9.6358795166015625
,,20.5,9.6358795166015625
,,20.52,9.608551025390625
,,20.539999999999999,9.6022491455078125
,,20.559999999999999,9.6127548217773438
,,20.579999999999998,9.6295700073242188
,,20.600000000000001,9.6148605346679688
,,20.620000000000001,9.5896377563476562
,,20.640000000000001,9.574920654296875
,,20.66,9.55810546875
,,20.68,9.5791244506835938
,,20.699999999999999,9.6211624145507812
,,20.719999999999999,9.6253662109375
,,20.739999999999998,9.642181396484375
,,20.760000000000002,9.644287109375
,,20.780000000000001,9.6358795166015625
,,20.800000000000001,9.6064529418945312
,,20.82,9.608551025390625
,,20.84,9.6253662109375
,,20.859999999999999,9.6505889892578125
,,20.879999999999999,9.6674041748046875
,,20.899999999999999,9.6484909057617188
,,20.920000000000002,9.627471923828125
,,20.940000000000001,9.5980453491210938
,,20.960000000000001,9.593841552734375
,,20.98,9.6001434326171875
,,21,9.6043472290039062
,,21.02,9.6127548217773438
,,21.039999999999999,9.6253662109375
,,21.059999999999999,9.6253662109375
,,21.079999999999998,9.6232681274414062
,,21.100000000000001,9.6190643310546875
,,21.120000000000001,9.608551025390625
,,21.140000000000001,9.5896377563476562
,,21.16,9.608551025390625
,,21.18,9.627471923828125
,,21.199999999999999,9.6337738037109375
,,21.219999999999999,9.6400833129882812
,,21.239999999999998,9.6463851928710938
,,21.260000000000002,9.644287109375
,,21.280000000000001,9.6568984985351562
,,21.300000000000001,9.6526947021484375
,,21.32,9.6400833129882812
,,21.34,9.6316757202148438
,,21.359999999999999,9.6190643310546875
,,21.379999999999999,9.5980453491210938
,,21.399999999999999,9.5875320434570312
,,21.420000000000002,9.6064529418945312
,,21.440000000000001,9.627471923828125
,,21.460000000000001,9.6358795166015625
,,21.48,9.642181396484375
,,21.5,9.59173583984375
,,21.52,9.560211181640625
,,21.539999999999999,9.574920654296875
,,21.559999999999999,9.5707168579101562
,,21.579999999999998,9.5707168579101562
,,21.600000000000001,9.5496978759765625
,,21.620000000000001,9.526580810546875
,,21.640000000000001,9.5055618286132812
,,21.66,9.55810546875
,,21.68,9.6232681274414062
,,21.699999999999999,9.6253662109375
,,21.719999999999999,9.5728225708007812
,,21.739999999999998,9.507659912109375
,,21.760000000000002,9.5349884033203125
,,21.780000000000001,9.52447509765625
,,21.800000000000001,9.5139694213867188
,,21.82,9.5034561157226562
,,21.84,9.52447509765625
,,21.859999999999999,9.55810546875
,,21.879999999999999,9.5728225708007812
,,21.899999999999999,9.574920654296875
,,21.920000000000002,9.6148605346679688
,,21.940000000000001,9.6484909057617188
,,21.960000000000001,9.6674041748046875
,,21.98,9.6800155639648438
,,22,9.7031402587890625
,,22.02,9.7073440551757812
,,22.039999999999999,9.644287109375
,,22.059999999999999,9.608551025390625
,,22.079999999999998,9.608551025390625
,,22.100000000000001,9.6358795166015625
,,22.120000000000001,9.5980453491210938
,,22.140000000000001,9.5896377563476562
,,22.16,9.6358795166015625
,,22.18,9.6379776000976562
,,22.199999999999999,9.6379776000976562
,,22.219999999999999,9.6526947021484375
,,22.239999999999998,9.1860733032226562
,,22.260000000000002,8.3873519897460938
,,22.280000000000001,8.0510482788085938
,,22.300000000000001,7.9060134887695312
,,22.32,7.672698974609375
,,22.34,7.28594970703125
,,22.359999999999999,6.6343612670898438
,,22.379999999999999,5.7326507568359375
,,22.399999999999999,4.8414459228515625
,,22.420000000000002,4.0553359985351562
,,22.440000000000001,3.3280792236328125
,,22.460000000000001,2.6365509033203125
,,22.48,2.0038833618164062
,,22.5,1.4468765258789062
,,22.52,1.0096817016601562
,,22.539999999999999,0.6166229248046875
,,22.559999999999999,0.32656097412109375
,,22.579999999999998,0.14159393310546875
,,22.600000000000001,0.0133819580078125
,,22.620000000000001,-0.08541107177734375
,,22.640000000000001,-0.13585662841796875
,,22.66,-0.16107940673828125
,,22.68,-0.17578887939453125
,,22.699999999999999,-0.18419647216796875
,,22.719999999999999,-0.18419647216796875
,,22.739999999999998,-0.1884002685546875
,,22.760000000000002,-0.196807861328125
,,22.780000000000001,-0.1905059814453125
,,22.800000000000001,-0.19470977783203125
,,22.82,-0.1905059814453125
,,22.84,-0.1884002685546875
,,22.859999999999999,-0.1905059814453125
,,22.879999999999999,-0.196807861328125
,,22.899999999999999,-0.196807861328125
,,22.920000000000002,-0.19470977783203125
,,22.940000000000001,-0.1905059814453125
,,22.960000000000001,-0.19260406494140625
,,22.98,-0.1884002685546875
,,23,-0.18630218505859375
,,23.02,-0.196807861328125
,,23.039999999999999,-0.19891357421875
,,23.059999999999999,-0.1905059814453125
,,23.079999999999998,-0.1905059814453125
,,23.100000000000001,-0.18419647216796875
,,23.120000000000001,-0.19470977783203125
,,23.140000000000001,-0.19260406494140625
,,23.16,-0.20101165771484375
,,23.18,-0.1905059814453125
,,23.199999999999999,-0.19260406494140625
,,23.219999999999999,-0.196807861328125
,,23.239999999999998,-0.18630218505859375
,,23.260000000000002,-0.1884002685546875
,,23.280000000000001,-0.19891357421875
,,23.300000000000001,-0.1884002685546875
,,23.32,-0.19260406494140625
,,23.34,-0.182098388671875
,,23.359999999999999,-0.1884002685546875
,,23.379999999999999,-0.17789459228515625
,,23.399999999999999,-0.17789459228515625
,,23.420000000000002,-0.163177490234375
,,23.440000000000001,-0.1463623046875
,,23.460000000000001,-0.0559844970703125
,,23.48,0.34548187255859375
,,23.5,0.8015899658203125
,,23.52,1.1399993896484375
,,23.539999999999999,1.38592529296875
,,23.559999999999999,1.6928024291992188
,,23.579999999999998,2.1489105224609375
,,23.600000000000001,2.7710723876953125
,,23.620000000000001,3.3490982055664062
,,23.640000000000001,3.87457275390625
,,23.66,4.4567947387695312
,,23.68,5.1062850952148438
,,23.699999999999999,5.8587646484375
,,23.719999999999999,6.63226318359375
,,23.739999999999998,7.3258895874023438
,,23.760000000000002,8.0069046020507812
,,23.780000000000001,8.7236557006835938
,,23.800000000000001,9.4151763916015625
,,23.82,9.9154281616210938
,,23.84,10.104598999023438
,,23.859999999999999,10.106704711914062
,,23.879999999999999,10.045745849609375
,,23.899999999999999,9.9658737182617188
,,23.920000000000002,9.8418655395507812
,,23.940000000000001,9.6232681274414062
,,23.960000000000001,9.4866409301757812
,,23.98,9.4488067626953125
,,24,9.4614181518554688
,,24.02,9.5055618286132812
,,24.039999999999999,9.526580810546875
,,24.059999999999999,9.5644149780273438
,,24.079999999999998,9.5959396362304688
,,24.100000000000001,9.5875320434570312
,,24.120000000000001,9.6001434326171875
,,24.140000000000001,9.5980453491210938
,,24.16,9.5728225708007812
,,24.18,9.5475997924804688
,,24.199999999999999,9.5454940795898438
,,24.219999999999999,9.5454940795898438
,,24.239999999999998,9.5560073852539062
,,24.260000000000002,9.5791244506835938
,,24.280000000000001,9.5623092651367188
,,24.300000000000001,9.5623092651367188
,,24.32,9.5728225708007812
,,24.34,9.59173583984375
,,24.359999999999999,9.6169586181640625
,,24.379999999999999,9.6316757202148438
,,24.399999999999999,9.6337738037109375
,,24.420000000000002,9.6253662109375
,,24.440000000000001,9.6169586181640625
,,24.460000000000001,9.593841552734375
,,24.48,9.5833282470703125
,,24.5,9.5623092651367188
,,24.52,9.5539016723632812
,,24.539999999999999,9.5770263671875
,,24.559999999999999,9.5959396362304688
,,24.579999999999998,9.627471923828125
,,24.600000000000001,9.6505889892578125
,,24.620000000000001,9.6379776000976562
,,24.640000000000001,9.6232681274414062
,,24.66,9.6127548217773438
,,24.68,9.6022491455078125
,,24.699999999999999,9.5854339599609375
,,24.719999999999999,9.5812301635742188
,,24.739999999999998,9.6001434326171875
,,24.760000000000002,9.6190643310546875
,,24.780000000000001,9.6358795166015625
,,24.800000000000001,9.6337738037109375
,,24.82,9.6484909057617188
,,24.84,9.6463851928710938
,,24.859999999999999,9.6358795166015625
,,24.879999999999999,9.6295700073242188
,,24.899999999999999,9.6127548217773438
,,24.920000000000002,9.6148605346679688
,,24.940000000000001,9.6022491455078125
,,24.960000000000001,9.6337738037109375
,,24.98,9.6190643310546875
,,25,9.6253662109375
,,25.02,9.6295700073242188
,,25.039999999999999,9.6295700073242188
,,25.059999999999999,9.627471923828125
,,25.079999999999998,9.6211624145507812
,,25.100000000000001,9.644287109375
,,25.120000000000001,9.6737136840820312
,,25.140000000000001,9.6968307495117188
,,25.16,9.6674041748046875
,,25.18,9.6295700073242188
,,25.199999999999999,9.5959396362304688
,,25.219999999999999,9.5875320434570312
,,25.239999999999998,9.5959396362304688
,,25.260000000000002,9.61065673828125
,,25.280000000000001,9.6232681274414062
,,25.300000000000001,9.6316757202148438
,,25.32,9.6253662109375
,,25.34,9.6337738037109375
,,25.359999999999999,9.6505889892578125
,,25.379999999999999,9.6568984985351562
,,25.399999999999999,9.6316757202148438
,,25.420000000000002,9.5875320434570312
,,25.440000000000001,9.5875320434570312
,,25.460000000000001,9.5980453491210938
,,25.48,9.6169586181640625
,,25.5,9.6358795166015625
,,25.52,9.6505889892578125
,,25.539999999999999,9.627471923828125
,,25.559999999999999,9.6358795166015625
,,25.579999999999998,9.6505889892578125
,,25.600000000000001,9.6632003784179688
,,25.620000000000001,9.644287109375
,,25.640000000000001,9.6379776000976562
,,25.66,9.6337738037109375
,,25.68,9.627471923828125
,,25.699999999999999,9.627471923828125
,,25.719999999999999,9.6211624145507812
,,25.739999999999998,9.61065673828125
,,25.760000000000002,9.6232681274414062
,,25.780000000000001,9.61065673828125
,,25.800000000000001,9.6127548217773438
,,25.82,9.6022491455078125
,,25.84,9.6295700073242188
,,25.859999999999999,9.6484909057617188
,,25.879999999999999,9.6526947021484375
,,25.899999999999999,9.6653060913085938
,,25.920000000000002,9.6632003784179688
,,25.940000000000001,9.6568984985351562
,,25.960000000000001,9.6400833129882812
,,25.98,9.6400833129882812
,,26,9.6232681274414062
,,26.02,9.6043472290039062
,,26.039999999999999,9.5833282470703125
,,26.059999999999999,9.6148605346679688
,,26.079999999999998,9.6190643310546875
,,26.100000000000001,9.627471923828125
,,26.120000000000001,9.627471923828125
,,26.140000000000001,9.608551025390625
,,26.16,9.6043472290039062
,,26.18,9.5875320434570312
,,26.199999999999999,9.5770263671875
,,26.219999999999999,9.5896377563476562
,,26.239999999999998,9.6169586181640625
,,26.260000000000002,9.627471923828125
,,26.280000000000001,9.6253662109375
,,26.300000000000001,9.6232681274414062
,,26.32,9.5854339599609375
,,26.34,9.6022491455078125
,,26.359999999999999,9.6148605346679688
,,26.379999999999999,9.6211624145507812
,,26.399999999999999,9.6169586181640625
,,26.420000000000002,9.5980453491210938
,,26.440000000000001,9.6190643310546875
,,26.460000000000001,9.65899658203125
,,26.48,9.6632003784179688
,,26.5,9.6526947021484375
,,26.52,9.67791748046875
,,26.539999999999999,9.6800155639648438
,,26.559999999999999,9.6526947021484375
,,26.579999999999998,9.627471923828125
,,26.600000000000001,9.5875320434570312
,,26.620000000000001,9.560211181640625
,,26.640000000000001,9.5349884033203125
,,26.66,9.5013580322265625
,,26.68,9.4509124755859375
,,26.699999999999999,9.4151763916015625
,,26.719999999999999,9.4277877807617188
,,26.739999999999998,9.4509124755859375
,,26.760000000000002,9.4698257446289062
,,26.780000000000001,9.4719314575195312
,,26.800000000000001,9.4719314575195312
,,26.82,9.541290283203125
,,26.84,9.608551025390625
,,26.859999999999999,9.6905288696289062
,,26.879999999999999,9.761993408203125
,,26.899999999999999,9.7724990844726562
,,26.920000000000002,9.7052383422851562
,,26.940000000000001,9.6505889892578125
,,26.960000000000001,8.80352783203125
,,26.98,8.0867767333984375
,,27,7.7988204956054688
,,27.02,7.6853103637695312
,,27.039999999999999,7.3595199584960938
,,27.059999999999999,6.7268447875976562
,,27.079999999999998,5.8104171752929688
,,27.100000000000001,4.9654541015625
,,27.120000000000001,4.2970504760742188
,,27.140000000000001,3.6980133056640625
,,27.16,3.1283950805664062
,,27.18,2.5903091430664062
,,27.199999999999999,2.1699295043945312
,,27.219999999999999,1.806304931640625
,,27.239999999999998,1.4048385620117188
,,27.260000000000002,0.9907684326171875
,,27.280000000000001,0.57038116455078125
,,27.300000000000001,0.255096435546875
,,27.32,0.103759765625
,,27.34,0.01548004150390625
,,27.359999999999999,-0.05178070068359375
,,27.379999999999999,-0.114837646484375
,,27.399999999999999,-0.1547698974609375
,,27.420000000000002,-0.17578887939453125
,,27.440000000000001,-0.165283203125
,,27.460000000000001,-0.1715850830078125
,,27.48,-0.16948699951171875
,,27.5,-0.17578887939453125
,,27.52,-0.17999267578125
,,27.539999999999999,-0.18630218505859375
,,27.559999999999999,-0.18419647216796875
,,27.579999999999998,-0.1905059814453125
,,27.600000000000001,-0.1884002685546875
,,27.620000000000001,-0.17999267578125
,,27.640000000000001,-0.19470977783203125
,,27.66,-0.20311737060546875
,,27.68,-0.196807861328125
,,27.699999999999999,-0.19891357421875
,,27.719999999999999,-0.19470977783203125
,,27.739999999999998,-0.19260406494140625
,,27.760000000000002,-0.19891357421875
,,27.780000000000001,-0.1884002685546875
,,27.800000000000001,-0.19260406494140625
,,27.82,-0.19891357421875
,,27.84,-0.1905059814453125
,,27.859999999999999,-0.19260406494140625
,,27.879999999999999,-0.196807861328125
,,27.899999999999999,-0.1905059814453125
,,27.920000000000002,-0.196807861328125
,,27.940000000000001,-0.196807861328125
,,27.960000000000001,-0.19470977783203125
,,27.98,-0.19470977783203125
,,28,-0.17999267578125
,,28.02,-0.17578887939453125
,,28.039999999999999,-0.17789459228515625
,,28.059999999999999,-0.1715850830078125
,,28.079999999999998,-0.17578887939453125
,,28.100000000000001,-0.16948699951171875
,,28.120000000000001,-0.1547698974609375
,,28.140000000000001,-0.13165283203125
,,28.16,-0.05178070068359375
,,28.18,0.25299835205078125
,,28.199999999999999,0.7511444091796875
,,28.219999999999999,1.0727386474609375
,,28.239999999999998,1.25140380859375
,,28.260000000000002,1.5162429809570312
,,28.280000000000001,2.03961181640625
,,28.300000000000001,2.7857894897460938
,,28.32,3.5130462646484375
,,28.34,4.091064453125
,,28.359999999999999,4.5555877685546875
,,28.379999999999999,5.0537338256835938
,,28.399999999999999,5.6927108764648438
,,28.420000000000002,6.3821334838867188
,,28.440000000000001,6.9454421997070312
,,28.460000000000001,7.4435958862304688
,,28.48,7.9921951293945312
,,28.5,8.5891342163085938
,,28.52,9.1860733032226562
,,28.539999999999999,9.72625732421875
,,28.559999999999999,10.058357238769531
,,28.579999999999998,10.070968627929688
,,28.600000000000001,10.054153442382812
,,28.620000000000001,9.978485107421875
,,28.640000000000001,9.8187408447265625
,,28.66,9.6337738037109375
,,28.68,9.5770263671875
,,28.699999999999999,9.5328826904296875
,,28.719999999999999,9.526580810546875
,,28.739999999999998,9.5475997924804688
,,28.760000000000002,9.6211624145507812
,,28.780000000000001,9.6632003784179688
,,28.800000000000001,9.7073440551757812
,,28.82,9.7241592407226562
,,28.84,9.7073440551757812
,,28.859999999999999,9.6821212768554688
,,28.879999999999999,9.6821212768554688
,,28.899999999999999,9.61065673828125
,,28.920000000000002,9.507659912109375
,,28.940000000000001,9.4383010864257812
,,28.960000000000001,9.4193801879882812
,,28.98,9.4193801879882812
,,29,9.4488067626953125
,,29.02,9.4971542358398438
,,29.039999999999999,9.5307846069335938
,,29.059999999999999,9.5665130615234375
,,29.079999999999998,9.6169586181640625
,,29.100000000000001,9.6253662109375
,,29.120000000000001,9.6379776000976562
,,29.140000000000001,9.627471923828125
,,29.16,9.593841552734375
,,29.18,9.5644149780273438
,,29.199999999999999,9.5623092651367188
,,29.219999999999999,9.5686187744140625
,,29.239999999999998,9.6022491455078125
,,29.260000000000002,9.6337738037109375
,,29.280000000000001,9.6484909057617188
,,29.300000000000001,9.642181396484375
,,29.32,9.6253662109375
,,29.34,9.6211624145507812
,,29.359999999999999,9.6127548217773438
,,29.379999999999999,9.6316757202148438
,,29.399999999999999,9.644287109375
,,29.420000000000002,9.6463851928710938
,,29.440000000000001,9.6295700073242188
,,29.460000000000001,9.5896377563476562
,,29.48,9.6148605346679688
,,29.5,9.6022491455078125
,,29.52,9.6232681274414062
,,29.539999999999999,9.6232681274414062
,,29.559999999999999,9.61065673828125
,,29.579999999999998,9.6148605346679688
,,29.600000000000001,9.6127548217773438
,,29.620000000000001,9.608551025390625
,,29.640000000000001,9.5980453491210938
,,29.66,9.6253662109375
,,29.68,9.644287109375
,,29.699999999999999,9.6505889892578125
,,29.719999999999999,9.675811767578125
,,29.739999999999998,9.6989364624023438
,,29.760000000000002,9.7178497314453125
,,29.780000000000001,9.6737136840820312
,,29.800000000000001,9.6400833129882812
,,29.82,9.6232681274414062
,,29.84,9.59173583984375
,,29.859999999999999,9.5791244506835938
,,29.879999999999999,9.5833282470703125
,,29.899999999999999,9.593841552734375
,,29.920000000000002,9.6232681274414062
,,29.940000000000001,9.6295700073242188
,,29.960000000000001,9.67791748046875
,,29.98,9.709442138671875
,,30,9.6905288696289062
,,30.02,9.675811767578125
,,30.039999999999999,9.6400833129882812
,,30.059999999999999,9.6211624145507812
,,30.079999999999998,9.6190643310546875
,,30.100000000000001,9.6127548217773438
,,30.120000000000001,9.6232681274414062
,,30.140000000000001,9.608551025390625
,,30.16,9.6127548217773438
,,30.18,9.6337738037109375
,,30.199999999999999,9.6358795166015625
,,30.219999999999999,9.6505889892578125
,,30.239999999999998,9.65899658203125
,,30.260000000000002,9.6316757202148438
,,30.280000000000001,9.6064529418945312
,,30.300000000000001,9.6190643310546875
,,30.32,9.6295700073242188
,,30.34,9.6337738037109375
,,30.359999999999999,9.6337738037109375
,,30.379999999999999,9.6358795166015625
,,30.399999999999999,9.6526947021484375
,,30.420000000000002,9.6379776000976562
,,30.440000000000001,9.6169586181640625
,,30.460000000000001,9.6043472290039062
,,30.48,9.61065673828125
,,30.5,9.593841552734375
,,30.52,9.5707168579101562
,,30.539999999999999,9.5770263671875
,,30.559999999999999,9.6022491455078125
,,30.579999999999998,9.6148605346679688
,,30.600000000000001,9.6358795166015625
,,30.620000000000001,9.6653060913085938
,,30.640000000000001,9.65899658203125
,,30.66,9.608551025390625
,,30.68,9.5833282470703125
,,30.699999999999999,9.5686187744140625
,,30.719999999999999,9.5854339599609375
,,30.739999999999998,9.55810546875
,,30.760000000000002,9.5328826904296875
,,30.780000000000001,9.5539016723632812
,,30.800000000000001,9.5791244506835938
,,30.82,9.593841552734375
,,30.84,9.6001434326171875
,,30.859999999999999,9.6190643310546875
,,30.879999999999999,9.644287109375
,,30.899999999999999,9.6632003784179688
,,30.920000000000002,9.6358795166015625
,,30.940000000000001,9.6400833129882812
,,30.960000000000001,9.6337738037109375
,,30.98,9.608551025390625
,,31,9.593841552734375
,,31.02,9.5728225708007812
,,31.039999999999999,9.5791244506835938
,,31.059999999999999,9.5728225708007812
,,31.079999999999998,9.5623092651367188
,,31.100000000000001,9.5686187744140625
,,31.120000000000001,9.5707168579101562
,,31.140000000000001,9.5644149780273438
,,31.16,9.5391921997070312
,,31.18,9.5875320434570312
,,31.199999999999999,9.6463851928710938
,,31.219999999999999,9.6800155639648438
,,31.239999999999998,9.6632003784179688
,,31.260000000000002,8.9422531127929688
,,31.280000000000001,8.5639114379882812
,,31.300000000000001,8.4377975463867188
,,31.32,8.2948684692382812
,,31.34,7.9732742309570312
,,31.359999999999999,7.4120635986328125
,,31.379999999999999,6.7352523803710938
,,31.399999999999999,6.0710525512695312
,,31.420000000000002,5.42156982421875
,,31.440000000000001,4.7405548095703125
,,31.460000000000001,4.0132980346679688
,,31.48,3.3827285766601562
,,31.5,2.8341293334960938
,,31.52,2.378021240234375
,,31.539999999999999,2.0017776489257812
,,31.559999999999999,1.63604736328125
,,31.579999999999998,1.2934417724609375
,,31.600000000000001,0.93401336669921875
,,31.620000000000001,0.5745849609375
,,31.640000000000001,0.27191162109375
,,31.66,0.103759765625
,,31.68,0.004974365234375
,,31.699999999999999,-0.06018829345703125
,,31.719999999999999,-0.1064300537109375
,,31.739999999999998,-0.15056610107421875
,,31.760000000000002,-0.1715850830078125
,,31.780000000000001,-0.163177490234375
,,31.800000000000001,-0.16738128662109375
,,31.82,-0.17789459228515625
,,31.84,-0.1715850830078125
,,31.859999999999999,-0.17578887939453125
,,31.879999999999999,-0.17578887939453125
,,31.899999999999999,-0.1736907958984375
,,31.920000000000002,-0.17999267578125
,,31.940000000000001,-0.17789459228515625
,,31.960000000000001,-0.17578887939453125
,,31.98,-0.1736907958984375
,,32,-0.16948699951171875
,,32.020000000000003,-0.17999267578125
,,32.039999999999999,-0.19260406494140625
,,32.060000000000002,-0.19470977783203125
,,32.079999999999998,-0.1884002685546875
,,32.100000000000001,-0.196807861328125
,,32.119999999999997,-0.196807861328125
,,32.140000000000001,-0.20101165771484375
,,32.159999999999997,-0.18419647216796875
,,32.18,-0.18419647216796875
,,32.200000000000003,-0.1736907958984375
,,32.219999999999999,-0.17578887939453125
,,32.240000000000002,-0.17578887939453125
,,32.259999999999998,-0.17578887939453125
,,32.280000000000001,-0.17999267578125
,,32.299999999999997,-0.1736907958984375
,,32.32,-0.1715850830078125
,,32.340000000000003,-0.16738128662109375
,,32.359999999999999,-0.1736907958984375
,,32.380000000000003,-0.13375091552734375
,,32.399999999999999,-0.07700347900390625
,,32.420000000000002,0.0806427001953125
,,32.439999999999998,0.58089447021484375
,,32.460000000000001,1.0769424438476562
,,32.479999999999997,1.3922271728515625
,,32.5,1.5982131958007812
,,32.520000000000003,1.9092941284179688
,,32.539999999999999,2.46209716796875
,,32.560000000000002,3.1262969970703125
,,32.579999999999998,3.7085189819335938
,,32.600000000000001,4.1793441772460938
,,32.619999999999997,4.6859054565429688
,,32.640000000000001,5.404754638671875
,,32.659999999999997,6.2749404907226562
,,32.68,7.0610504150390625
,,32.700000000000003,7.7546768188476562
,,32.719999999999999,8.4924468994140625
,,32.740000000000002,9.24072265625
,,32.759999999999998,9.7325668334960938
,,32.780000000000001,9.8860015869140625
,,32.799999999999997,9.877593994140625
,,32.82,9.8733901977539062
,,32.840000000000003,9.8649826049804688
,,32.859999999999999,9.8229446411132812
,,32.880000000000003,9.72625732421875
,,32.899999999999999,9.6358795166015625
,,32.920000000000002,9.6022491455078125
,,32.939999999999998,9.5665130615234375
,,32.960000000000001,9.6064529418945312
,,32.979999999999997,9.5959396362304688
,,33,9.5980453491210938
,,33.020000000000003,9.5518035888671875
,,33.039999999999999,9.5055618286132812
,,33.060000000000002,9.4803390502929688
,,33.079999999999998,9.47613525390625
,,33.100000000000001,9.4824371337890625
,,33.119999999999997,9.5118637084960938
,,33.140000000000001,9.5202713012695312
,,33.159999999999997,9.5475997924804688
,,33.18,9.6064529418945312
,,33.200000000000003,9.6526947021484375
,,33.219999999999999,9.6463851928710938
,,33.240000000000002,9.6169586181640625
,,33.259999999999998,9.5980453491210938
,,33.280000000000001,9.5539016723632812
,,33.299999999999997,9.5034561157226562
,,33.32,9.47613525390625
,,33.340000000000003,9.4866409301757812
,,33.359999999999999,9.5370864868164062
,,33.380000000000003,9.5791244506835938
,,33.399999999999999,9.608551025390625
,,33.420000000000002,9.627471923828125
,,33.439999999999998,9.6337738037109375
,,33.460000000000001,9.6253662109375
,,33.479999999999997,9.644287109375
,,33.5,9.6463851928710938
,,33.520000000000003,9.6484909057617188
,,33.539999999999999,9.627471923828125
,,33.560000000000002,9.6253662109375
,,33.579999999999998,9.6127548217773438
,,33.600000000000001,9.6064529418945312
,,33.619999999999997,9.627471923828125
,,33.640000000000001,9.6148605346679688
,,33.659999999999997,9.6148605346679688
,,33.68,9.6043472290039062
,,33.700000000000003,9.6169586181640625
,,33.719999999999999,9.6064529418945312
,,33.740000000000002,9.6484909057617188
,,33.759999999999998,9.6737136840820312
,,33.780000000000001,9.6463851928710938
,,33.799999999999997,9.6653060913085938
,,33.82,9.642181396484375
,,33.840000000000003,9.6358795166015625
,,33.859999999999999,9.6190643310546875
,,33.880000000000003,9.59173583984375
,,33.899999999999999,9.6043472290039062
,,33.920000000000002,9.6232681274414062
,,33.939999999999998,9.6295700073242188
,,33.960000000000001,9.6295700073242188
,,33.979999999999997,9.6568984985351562
,,34,9.6674041748046875
,,34.020000000000003,9.6526947021484375
,,34.039999999999999,9.65899658203125
,,34.060000000000002,9.627471923828125
,,34.079999999999998,9.59173583984375
,,34.100000000000001,9.6001434326171875
,,34.119999999999997,9.6001434326171875
,,34.140000000000001,9.608551025390625
,,34.159999999999997,9.6211624145507812
,,34.18,9.6484909057617188
,,34.200000000000003,9.6400833129882812
,,34.219999999999999,9.6379776000976562
,,34.240000000000002,9.6190643310546875
,,34.259999999999998,9.5896377563476562
,,34.280000000000001,9.6253662109375
,,34.299999999999997,9.642181396484375
,,34.32,9.6463851928710938
,,34.340000000000003,9.6505889892578125
,,34.359999999999999,9.6526947021484375
,,34.380000000000003,9.644287109375
,,34.399999999999999,9.627471923828125
,,34.420000000000002,9.627471923828125
,,34.439999999999998,9.6295700073242188
,,34.460000000000001,9.6148605346679688
,,34.479999999999997,9.6127548217773438
,,34.5,9.6127548217773438
,,34.520000000000003,9.608551025390625
,,34.539999999999999,9.6043472290039062
,,34.560000000000002,9.6127548217773438
,,34.579999999999998,9.6253662109375
,,34.600000000000001,9.6526947021484375
,,34.619999999999997,9.6547927856445312
,,34.640000000000001,9.6295700073242188
,,34.659999999999997,9.6043472290039062
,,34.68,9.6148605346679688
,,34.700000000000003,9.61065673828125
,,34.719999999999999,9.6190643310546875
,,34.740000000000002,9.6127548217773438
,,34.759999999999998,9.6463851928710938
,,34.780000000000001,9.6526947021484375
,,34.799999999999997,9.6253662109375
,,34.82,9.6169586181640625
,,34.840000000000003,9.6169586181640625
,,34.859999999999999,9.6337738037109375
,,34.880000000000003,9.6169586181640625
,,34.899999999999999,9.61065673828125
,,34.920000000000002,9.6190643310546875
,,34.939999999999998,9.6148605346679688
,,34.960000000000001,9.6190643310546875
,,34.979999999999997,9.6211624145507812
,,35,9.6316757202148438
,,35.020000000000003,9.6695098876953125
,,35.039999999999999,9.6695098876953125
,,35.060000000000002,9.6484909057617188
,,35.079999999999998,9.6253662109375
,,35.100000000000001,9.6148605346679688
,,35.119999999999997,9.61065673828125
,,35.140000000000001,9.574920654296875
,,35.159999999999997,9.574920654296875
,,35.18,9.5791244506835938
,,35.200000000000003,9.593841552734375
,,35.219999999999999,9.6148605346679688
,,35.240000000000002,9.642181396484375
,,35.259999999999998,9.6505889892578125
,,35.280000000000001,9.6505889892578125
,,35.299999999999997,9.6484909057617188
,,35.32,9.627471923828125
,,35.340000000000003,9.6169586181640625
,,35.359999999999999,9.59173583984375
,,35.380000000000003,9.5539016723632812
,,35.399999999999999,9.507659912109375
,,35.420000000000002,9.5055618286132812
,,35.439999999999998,9.5623092651367188
,,35.460000000000001,9.6316757202148438
,,35.479999999999997,9.6695098876953125
,,35.5,9.6632003784179688
,,35.520000000000003,9.661102294921875
,,35.539999999999999,9.644287109375
,,35.560000000000002,9.644287109375
,,35.579999999999998,9.59173583984375
,,35.600000000000001,9.55810546875
,,35.619999999999997,9.526580810546875
,,35.640000000000001,9.4845428466796875
,,35.659999999999997,9.4551162719726562
,,35.68,9.4109725952148438
,,35.700000000000003,9.4467086791992188
,,35.719999999999999,9.4698257446289062
,,35.740000000000002,9.4425048828125
,,35.759999999999998,8.820343017578125
,,35.780000000000001,7.6369705200195312
,,35.799999999999997,7.067352294921875
,,35.82,6.8403472900390625
,,35.840000000000003,6.3737258911132812
,,35.859999999999999,5.48883056640625
,,35.880000000000003,4.3075637817382812
,,35.899999999999999,2.9854660034179688
,,35.920000000000002,1.8126068115234375
,,35.939999999999998,0.91930389404296875
,,35.960000000000001,0.34548187255859375
,,35.979999999999997,0.0638275146484375
,,36,-0.09171295166015625
,,36.020000000000003,-0.14215850830078125
,,36.039999999999999,-0.16738128662109375
,,36.060000000000002,-0.18630218505859375
,,36.079999999999998,-0.19470977783203125
,,36.100000000000001,-0.1884002685546875
,,36.119999999999997,-0.18630218505859375
,,36.140000000000001,-0.1905059814453125
,,36.159999999999997,-0.19260406494140625
,,36.18,-0.1884002685546875
,,36.200000000000003,-0.1884002685546875
,,36.219999999999999,-0.1884002685546875
,,36.240000000000002,-0.19470977783203125
,,36.259999999999998,-0.19470977783203125
,,36.280000000000001,-0.19260406494140625
,,36.299999999999997,-0.18419647216796875
,,36.32,-0.18630218505859375
,,36.340000000000003,-0.19260406494140625
,,36.359999999999999,-0.19470977783203125
,,36.380000000000003,-0.1884002685546875
,,36.399999999999999,-0.19260406494140625
,,36.420000000000002,-0.19260406494140625
,,36.439999999999998,-0.1905059814453125
,,36.460000000000001,-0.19470977783203125
,,36.479999999999997,-0.1884002685546875
,,36.5,-0.18630218505859375
,,36.520000000000003,-0.20101165771484375
,,36.539999999999999,-0.20101165771484375
,,36.560000000000002,-0.2052154541015625
,,36.579999999999998,-0.2052154541015625
,,36.600000000000001,-0.20101165771484375
,,36.619999999999997,-0.20101165771484375
,,36.640000000000001,-0.19891357421875
,,36.659999999999997,-0.20101165771484375
,,36.68,-0.2052154541015625
,,36.700000000000003,-0.196807861328125
,,36.719999999999999,-0.20101165771484375
,,36.740000000000002,-0.2073211669921875
,,36.759999999999998,-0.20311737060546875
,,36.780000000000001,-0.20101165771484375
,,36.799999999999997,-0.20101165771484375
,,36.82,-0.20311737060546875
,,36.840000000000003,-0.19891357421875
,,36.859999999999999,-0.19470977783203125
,,36.880000000000003,-0.196807861328125
,,36.899999999999999,-0.19470977783203125
,,36.920000000000002,-0.2052154541015625
,,36.939999999999998,-0.19891357421875
,,36.960000000000001,-0.196807861328125
,,36.979999999999997,-0.196807861328125
,,37,-0.1905059814453125
,,37.020000000000003,-0.20941925048828125
,,37.039999999999999,-0.20311737060546875
,,37.060000000000002,-0.20311737060546875
,,37.079999999999998,-0.20311737060546875
,,37.100000000000001,-0.20101165771484375
,,37.119999999999997,-0.196807861328125
,,37.140000000000001,-0.196807861328125
,,37.159999999999997,-0.196807861328125
,,37.18,-0.19260406494140625
