Data Set 1:Time(s),Data Set 1:Force(N)
0,-0.23464202880859375
0.02,-0.2409515380859375
0.040000000000000001,-0.25356292724609375
0.059999999999999998,-0.249359130859375
0.080000000000000002,-0.25145721435546875
0.10000000000000001,-0.2388458251953125
0.12,-0.2325439453125
0.14000000000000001,-0.2325439453125
0.16,-0.22834014892578125
0.17999999999999999,-0.22834014892578125
0.20000000000000001,-0.2241363525390625
0.22,-0.2220306396484375
0.23999999999999999,-0.2220306396484375
0.26000000000000001,-0.21993255615234375
0.28000000000000003,-0.215728759765625
0.29999999999999999,-0.21993255615234375
0.32000000000000001,-0.21782684326171875
0.34000000000000002,-0.2220306396484375
0.35999999999999999,-0.21782684326171875
0.38,-0.22834014892578125
0.40000000000000002,-0.21993255615234375
0.41999999999999998,-0.21993255615234375
0.44,-0.22834014892578125
0.46000000000000002,-0.2325439453125
0.47999999999999998,-0.215728759765625
0.5,-0.20101165771484375
0.52000000000000002,-0.19260406494140625
0.54000000000000004,-0.182098388671875
0.56000000000000005,-0.19470977783203125
0.57999999999999996,-0.18630218505859375
0.59999999999999998,-0.16948699951171875
0.62,-0.14426422119140625
0.64000000000000001,-0.1379547119140625
0.66000000000000003,-0.114837646484375
0.68000000000000005,-0.0980224609375
0.69999999999999996,-0.08541107177734375
0.71999999999999997,-0.07700347900390625
0.73999999999999999,-0.08330535888671875
0.76000000000000001,-0.0791015625
0.78000000000000003,-0.07700347900390625
0.80000000000000004,-0.08541107177734375
0.81999999999999995,-0.1064300537109375
0.83999999999999997,-0.09381866455078125
0.85999999999999999,-0.0875091552734375
0.88,-0.07489776611328125
0.90000000000000002,-0.05178070068359375
0.92000000000000004,-0.0391693115234375
0.93999999999999995,-0.04547119140625
0.95999999999999996,-0.028656005859375
0.97999999999999998,-0.03076171875
1,-0.013946533203125
1.02,-0.00974273681640625
1.04,0.0133819580078125
1.0600000000000001,0.0470123291015625
1.0800000000000001,0.0806427001953125
1.1000000000000001,0.07433319091796875
1.1200000000000001,0.0617218017578125
1.1399999999999999,0.04070281982421875
1.1599999999999999,0.00917816162109375
1.1799999999999999,0.00707244873046875
1.2,-0.00763702392578125
1.22,-0.02445220947265625
1.24,-0.01815032958984375
1.26,-0.01815032958984375
1.28,-0.0202484130859375
1.3,-0.0202484130859375
1.3200000000000001,-0.0055389404296875
1.3400000000000001,-0.0202484130859375
1.3600000000000001,-0.02445220947265625
1.3799999999999999,-0.03496551513671875
1.3999999999999999,-0.04547119140625
1.4199999999999999,-0.0559844970703125
1.4399999999999999,-0.062286376953125
1.46,-0.06859588623046875
1.48,-0.062286376953125
1.5,-0.0727996826171875
1.52,-0.07489776611328125
1.54,-0.0791015625
1.5600000000000001,-0.0896148681640625
1.5800000000000001,-0.09171295166015625
1.6000000000000001,-0.095916748046875
1.6200000000000001,-0.10012054443359375
1.6399999999999999,-0.11273193359375
1.6599999999999999,-0.11904144287109375
1.6799999999999999,-0.10852813720703125
1.7,-0.114837646484375
1.72,-0.11063385009765625
1.74,-0.11273193359375
1.76,-0.1064300537109375
1.78,-0.13375091552734375
1.8,-0.11904144287109375
1.8200000000000001,-0.114837646484375
1.8400000000000001,-0.13375091552734375
1.8600000000000001,-0.1400604248046875
1.8799999999999999,-0.14215850830078125
1.8999999999999999,-0.13165283203125
1.9199999999999999,-0.14426422119140625
1.9399999999999999,-0.1547698974609375
1.96,-0.15897369384765625
1.98,-0.15897369384765625
2,-0.1568756103515625
2.02,-0.1715850830078125
2.04,-0.1715850830078125
2.0600000000000001,-0.17999267578125
2.0800000000000001,-0.1736907958984375
2.1000000000000001,-0.16738128662109375
2.1200000000000001,-0.16948699951171875
2.1400000000000001,-0.16738128662109375
2.1600000000000001,-0.1736907958984375
2.1800000000000002,-0.15267181396484375
2.2000000000000002,-0.1547698974609375
2.2200000000000002,-0.16948699951171875
2.2400000000000002,-0.17789459228515625
2.2599999999999998,-0.215728759765625
2.2799999999999998,-0.24725341796875
2.2999999999999998,-0.2745819091796875
2.3199999999999998,-0.2913970947265625
2.3399999999999999,-0.297698974609375
2.3599999999999999,-0.30190277099609375
2.3799999999999999,-0.3082122802734375
2.3999999999999999,-0.29560089111328125
2.4199999999999999,-0.29560089111328125
2.4399999999999999,-0.28719329833984375
2.46,-0.29560089111328125
2.48,-0.29560089111328125
2.5,-0.2998046875
2.52,-0.31241607666015625
2.54,-0.297698974609375
2.5600000000000001,-0.30400848388671875
2.5800000000000001,-0.2998046875
2.6000000000000001,-0.3082122802734375
2.6200000000000001,-0.3061065673828125
2.6400000000000001,-0.31031036376953125
2.6600000000000001,-0.316619873046875
2.6800000000000002,-0.3229217529296875
2.7000000000000002,-0.33553314208984375
2.7200000000000002,-0.37757110595703125
2.7400000000000002,-0.4154052734375
2.7599999999999998,-0.451141357421875
2.7799999999999998,-0.47846221923828125
2.7999999999999998,-0.48686981201171875
2.8199999999999998,-0.484771728515625
2.8399999999999999,-0.49738311767578125
2.8599999999999999,-0.48897552490234375
2.8799999999999999,-0.4742584228515625
2.8999999999999999,-0.48686981201171875
2.9199999999999999,-0.5078887939453125
2.9399999999999999,-0.51209259033203125
2.96,-0.50368499755859375
2.98,-0.49527740478515625
3,-0.4910736083984375
3.02,-0.49738311767578125
3.04,-0.4931793212890625
3.0600000000000001,-0.484771728515625
3.0800000000000001,-0.48056793212890625
3.1000000000000001,-0.4742584228515625
3.1200000000000001,-0.48056793212890625
3.1400000000000001,-0.4910736083984375
3.1600000000000001,-0.48897552490234375
3.1800000000000002,-0.49738311767578125
3.2000000000000002,-0.5015869140625
3.2200000000000002,-0.4931793212890625
3.2400000000000002,-0.499481201171875
3.2599999999999998,-0.50368499755859375
3.2799999999999998,-0.5078887939453125
3.2999999999999998,-0.50368499755859375
3.3199999999999998,-0.5015869140625
3.3399999999999999,-0.5099945068359375
3.3599999999999999,-0.5078887939453125
3.3799999999999999,-0.50368499755859375
3.3999999999999999,-0.5078887939453125
3.4199999999999999,-0.51209259033203125
3.4399999999999999,-0.51209259033203125
3.46,-0.5078887939453125
3.48,-0.49527740478515625
3.5,-0.48897552490234375
3.52,-0.50368499755859375
3.54,-0.49527740478515625
3.5600000000000001,-0.484771728515625
3.5800000000000001,-0.48056793212890625
3.6000000000000001,-0.47216033935546875
3.6200000000000001,-0.49527740478515625
3.6400000000000001,-0.518402099609375
3.6600000000000001,-0.5099945068359375
3.6800000000000002,-0.518402099609375
3.7000000000000002,-0.5247039794921875
3.7200000000000002,-0.52050018310546875
3.7400000000000002,-0.52260589599609375
3.7599999999999998,-0.533111572265625
3.7799999999999998,-0.52260589599609375
3.7999999999999998,-0.52050018310546875
3.8199999999999998,-0.52050018310546875
3.8399999999999999,-0.5099945068359375
3.8599999999999999,-0.52050018310546875
3.8799999999999999,-0.533111572265625
3.8999999999999999,-0.53101348876953125
3.9199999999999999,-0.52050018310546875
3.9399999999999999,-0.5247039794921875
3.96,-0.52260589599609375
3.98,-0.5436248779296875
4,-0.51209259033203125
4.0199999999999996,-0.50579071044921875
4.04,-0.51209259033203125
4.0599999999999996,-0.51629638671875
4.0800000000000001,-0.5078887939453125
4.0999999999999996,-0.52050018310546875
4.1200000000000001,-0.53101348876953125
4.1399999999999997,-0.52890777587890625
4.1600000000000001,-0.51629638671875
4.1799999999999997,-0.51209259033203125
4.2000000000000002,-0.518402099609375
4.2199999999999998,-0.53521728515625
4.2400000000000002,-0.53101348876953125
4.2599999999999998,-0.53521728515625
4.2800000000000002,-0.52890777587890625
4.2999999999999998,-0.5247039794921875
4.3200000000000003,-0.52260589599609375
4.3399999999999999,-0.52050018310546875
4.3600000000000003,-0.51419830322265625
4.3799999999999999,-0.5099945068359375
4.4000000000000004,-0.52050018310546875
4.4199999999999999,-0.51629638671875
4.4400000000000004,-0.499481201171875
4.46,-0.49738311767578125
4.4800000000000004,-0.49738311767578125
4.5,-0.484771728515625
4.5199999999999996,-0.4910736083984375
4.54,-0.482666015625
4.5599999999999996,-0.482666015625
4.5800000000000001,-0.484771728515625
4.5999999999999996,-0.48897552490234375
4.6200000000000001,-0.4931793212890625
4.6399999999999997,-0.48686981201171875
4.6600000000000001,-0.499481201171875
4.6799999999999997,-0.499481201171875
4.7000000000000002,-0.5099945068359375
4.7199999999999998,-0.5099945068359375
4.7400000000000002,-0.5078887939453125
4.7599999999999998,-0.5078887939453125
4.7800000000000002,-0.49738311767578125
4.7999999999999998,-0.49738311767578125
4.8200000000000003,-0.482666015625
4.8399999999999999,-0.4931793212890625
4.8600000000000003,-0.4931793212890625
4.8799999999999999,-0.49527740478515625
4.9000000000000004,-0.49738311767578125
4.9199999999999999,-0.4931793212890625
4.9400000000000004,-0.48897552490234375
4.96,-0.48897552490234375
4.9800000000000004,-0.48686981201171875
5,-0.484771728515625
5.0199999999999996,-0.48686981201171875
5.04,-0.484771728515625
5.0599999999999996,-0.484771728515625
5.0800000000000001,-0.48897552490234375
5.0999999999999996,-0.5078887939453125
5.1200000000000001,-0.5078887939453125
5.1399999999999997,-0.49527740478515625
5.1600000000000001,-0.48897552490234375
5.1799999999999997,-0.4742584228515625
5.2000000000000002,-0.47216033935546875
5.2199999999999998,-0.451141357421875
5.2400000000000002,-0.451141357421875
5.2599999999999998,-0.4595489501953125
5.2800000000000002,-0.46164703369140625
5.2999999999999998,-0.4406280517578125
5.3200000000000003,-0.434326171875
5.3399999999999999,-0.434326171875
5.3600000000000003,-0.43852996826171875
5.3799999999999999,-0.44483184814453125
5.4000000000000004,-0.465850830078125
5.4199999999999999,-0.499481201171875
5.4400000000000004,-0.51209259033203125
5.46,-0.52260589599609375
5.4800000000000004,-0.5247039794921875
5.5,-0.53101348876953125
5.5199999999999996,-0.53942108154296875
5.54,-0.53942108154296875
5.5599999999999996,-0.5499267578125
5.5800000000000001,-0.52890777587890625
5.5999999999999996,-0.51629638671875
5.6200000000000001,-0.47846221923828125
5.6399999999999997,-0.37126922607421875
5.6600000000000001,-0.3229217529296875
5.6799999999999997,-0.264068603515625
5.7000000000000002,-0.114837646484375
5.7199999999999998,0.240386962890625
5.7400000000000002,0.6019134521484375
5.7599999999999998,0.79949188232421875
5.7800000000000002,0.8541412353515625
5.7999999999999998,0.9066925048828125
5.8200000000000003,0.97815704345703125
5.8399999999999999,1.04962158203125
5.8600000000000003,1.1463088989257812
5.8799999999999999,1.3081512451171875
5.9000000000000004,1.4994277954101562
5.9199999999999999,1.7264328002929688
5.9400000000000004,2.0690383911132812
5.96,2.4557876586914062
5.9800000000000004,2.863555908203125
6,3.218780517578125
6.0199999999999996,3.5824050903320312
6.04,4.0006866455078125
6.0599999999999996,4.4862213134765625
6.0800000000000001,4.9612503051757812
6.0999999999999996,5.4552001953125
6.1200000000000001,5.9071044921875
6.1399999999999997,6.27703857421875
6.1600000000000001,6.529266357421875
6.1799999999999997,6.7121353149414062
6.2000000000000002,7.7126388549804688
6.2199999999999998,8.6837158203125
6.2400000000000002,9.541290283203125
6.2599999999999998,10.121414184570312
6.2800000000000002,10.314788818359375
6.2999999999999998,10.342117309570312
6.3200000000000003,10.655296325683594
6.3399999999999999,11.109306335449219
6.3600000000000003,11.321601867675781
6.3799999999999999,11.237525939941406
6.4000000000000004,11.22491455078125
6.4199999999999999,11.233322143554688
6.4400000000000004,11.218605041503906
6.46,11.119819641113281
6.4800000000000004,11.031539916992188
6.5,11.067268371582031
6.5199999999999996,11.227012634277344
6.54,11.302680969238281
6.5599999999999996,11.264846801757812
6.5800000000000001,11.161857604980469
6.5999999999999996,11.063064575195312
6.6200000000000001,10.909629821777344
6.6399999999999997,10.674217224121094
6.6600000000000001,10.413581848144531
6.6799999999999997,10.190780639648438
6.7000000000000002,10.001609802246094
6.7199999999999998,9.9028167724609375
6.7400000000000002,9.8733901977539062
6.7599999999999998,9.9007186889648438
6.7800000000000002,9.92803955078125
6.7999999999999998,10.054153442382812
6.8200000000000003,10.159248352050781
6.8399999999999999,10.192878723144531
6.8600000000000003,10.358932495117188
6.8799999999999999,10.524978637695312
6.9000000000000004,10.6531982421875
6.9199999999999999,10.678421020507812
6.9400000000000004,10.712051391601562
6.96,10.815040588378906
6.9800000000000004,10.909629821777344
7,10.9033203125
7.0199999999999996,10.846572875976562
7.04,10.768798828125
7.0599999999999996,10.630073547363281
7.0800000000000001,10.411476135253906
7.0999999999999996,10.234916687011719
7.1200000000000001,10.173965454101562
7.1399999999999997,10.224411010742188
7.1600000000000001,10.243324279785156
7.1799999999999997,10.310585021972656
7.2000000000000002,10.405174255371094
7.2199999999999998,10.428291320800781
7.2400000000000002,10.403068542480469
7.2599999999999998,10.409378051757812
7.2800000000000002,10.46612548828125
7.2999999999999998,10.535491943359375
7.3200000000000003,10.5670166015625
7.3399999999999999,10.487144470214844
7.3600000000000003,10.361030578613281
7.3799999999999999,10.180267333984375
7.4000000000000004,10.01422119140625
7.4199999999999999,9.8712921142578125
7.4400000000000004,9.810333251953125
7.46,9.7514801025390625
7.4800000000000004,9.743072509765625
7.5,9.8523712158203125
7.5199999999999996,10.022628784179688
7.54,10.144538879394531
7.5599999999999996,10.190780639648438
7.5800000000000001,10.302177429199219
7.5999999999999996,10.514472961425781
7.6200000000000001,10.844467163085938
7.6399999999999997,11.065170288085938
7.6600000000000001,11.069374084472656
7.6799999999999997,10.943260192871094
7.7000000000000002,10.73516845703125
7.7199999999999998,10.581733703613281
7.7400000000000002,10.571220397949219
7.7599999999999998,10.638481140136719
7.7800000000000002,10.672111511230469
7.7999999999999998,10.636383056640625
7.8200000000000003,10.588035583496094
7.8399999999999999,10.596443176269531
7.8600000000000003,10.678421020507812
7.8799999999999999,10.745681762695312
7.9000000000000004,10.66790771484375
7.9199999999999999,9.6674041748046875
7.9400000000000004,8.9464569091796875
7.96,8.3453140258789062
7.9800000000000004,7.6306610107421875
8,7.0421295166015625
8.0199999999999996,6.5019454956054688
8.0399999999999991,5.8524551391601562
8.0600000000000005,5.0243072509765625
8.0800000000000001,4.1204910278320312
8.0999999999999996,3.2145767211914062
8.1199999999999992,2.3675079345703125
8.1400000000000006,1.6486587524414062
8.1600000000000001,1.1589202880859375
8.1799999999999997,0.8373260498046875
8.1999999999999993,0.5829925537109375
8.2200000000000006,0.2572021484375
8.2400000000000002,0.05121612548828125
8.2599999999999998,0.0133819580078125
8.2799999999999994,0.04280853271484375
8.3000000000000007,0.05121612548828125
8.3200000000000003,-0.01815032958984375
8.3399999999999999,-0.06649017333984375
8.3599999999999994,-0.0727996826171875
8.3800000000000008,-0.09381866455078125
8.4000000000000004,-0.114837646484375
8.4199999999999999,-0.10222625732421875
8.4399999999999995,-0.0896148681640625
8.4600000000000009,-0.04967498779296875
8.4800000000000004,-0.00974273681640625
8.5,0.0638275146484375
8.5199999999999996,0.18363189697265625
8.5399999999999991,0.324462890625
8.5600000000000005,0.51152801513671875
8.5800000000000001,0.76165771484375
8.5999999999999996,1.2051620483398438
8.6199999999999992,2.5861053466796875
8.6400000000000006,4.477813720703125
8.6600000000000001,6.2581253051757812
8.6799999999999997,7.725250244140625
8.6999999999999993,9.3605270385742188
8.7200000000000006,10.770904541015625
8.7400000000000002,11.367843627929688
8.7599999999999998,11.531791687011719
8.7799999999999994,11.546501159667969
8.8000000000000007,11.477142333984375
8.8200000000000003,11.411979675292969
8.8399999999999999,11.430900573730469
8.8599999999999994,11.395164489746094
8.8800000000000008,11.250137329101562
8.9000000000000004,10.930648803710938
8.9199999999999999,10.480842590332031
8.9399999999999995,10.152946472167969
8.9600000000000009,9.86077880859375
8.9800000000000004,9.65899658203125
9,9.6064529418945312
9.0199999999999996,9.6211624145507812
9.0399999999999991,9.541290283203125
9.0600000000000005,9.3332061767578125
9.0800000000000001,9.1734619140625
9.0999999999999996,9.1986846923828125
9.1199999999999992,9.4530105590820312
9.1400000000000006,9.7682952880859375
9.1600000000000001,9.911224365234375
9.1799999999999997,9.8944091796875
9.1999999999999993,9.9175338745117188
9.2200000000000006,10.052055358886719
9.2400000000000002,10.188674926757812
9.2599999999999998,10.285362243652344
9.2799999999999994,10.363136291503906
9.3000000000000007,10.514472961425781
9.3200000000000003,10.739372253417969
9.3399999999999999,10.968482971191406
9.3599999999999994,10.997909545898438
9.3800000000000008,10.932746887207031
9.4000000000000004,10.875999450683594
9.4199999999999999,10.8360595703125
9.4399999999999995,10.716255187988281
9.4600000000000009,10.512367248535156
9.4800000000000004,10.375747680664062
9.5,10.308486938476562
9.5199999999999996,10.287467956542969
9.5399999999999991,10.237022399902344
9.5600000000000005,10.134025573730469
9.5800000000000001,8.935943603515625
9.5999999999999996,7.523468017578125
9.6199999999999992,6.3148727416992188
9.6400000000000006,5.3795318603515625
9.6600000000000001,4.5513839721679688
9.6799999999999997,3.5718994140625
9.6999999999999993,2.6008224487304688
9.7200000000000006,1.8189163208007812
9.7400000000000002,1.2703170776367188
9.7599999999999998,0.90248870849609375
9.7799999999999994,0.6691741943359375
9.8000000000000007,0.34548187255859375
9.8200000000000003,0.04911041259765625
9.8399999999999999,-0.129547119140625
9.8599999999999994,-0.23674774169921875
9.8800000000000008,-0.27667999267578125
9.9000000000000004,-0.40069580078125
9.9199999999999999,-0.5099945068359375
9.9399999999999995,-0.552032470703125
9.9600000000000009,-0.5436248779296875
9.9800000000000004,-0.53731536865234375
10,-0.533111572265625
10.02,-0.5583343505859375
10.039999999999999,-0.57094573974609375
10.06,-0.566741943359375
10.08,-0.54782867431640625
10.1,-0.53101348876953125
10.119999999999999,-0.52050018310546875
10.140000000000001,-0.51629638671875
10.16,-0.49738311767578125
10.18,-0.46375274658203125
10.199999999999999,-0.38177490234375
10.220000000000001,-0.26617431640625
10.24,-0.013946533203125
10.26,0.0953521728515625
10.279999999999999,0.07643890380859375
10.300000000000001,0.1142730712890625
10.32,0.2824249267578125
10.34,0.52204132080078125
10.359999999999999,0.73853302001953125
10.380000000000001,1.1105728149414062
10.4,2.5840072631835938
10.42,4.3790283203125
10.44,5.856658935546875
10.460000000000001,7.3637237548828125
10.48,9.3332061767578125
10.5,10.762496948242188
10.52,11.271156311035156
10.539999999999999,11.075675964355469
10.56,10.911727905273438
10.58,10.932746887207031
10.6,10.9033203125
10.619999999999999,10.894912719726562
10.640000000000001,10.939056396484375
10.66,11.046249389648438
10.68,11.02313232421875
10.699999999999999,10.810836791992188
10.720000000000001,10.560714721679688
10.74,10.409378051757812
10.76,10.327400207519531
10.779999999999999,10.289566040039062
10.800000000000001,10.266448974609375
10.82,10.245429992675781
10.84,10.251731872558594
10.859999999999999,10.285362243652344
10.880000000000001,10.310585021972656
10.9,10.300079345703125
10.92,10.272750854492188
10.94,10.281158447265625
10.960000000000001,10.327400207519531
10.98,10.344215393066406
11,10.279060363769531
11.02,10.186576843261719
11.039999999999999,10.075172424316406
11.06,10.077278137207031
11.08,10.190780639648438
11.1,10.352622985839844
11.119999999999999,10.508163452148438
11.140000000000001,10.674217224121094
11.16,10.705741882324219
11.18,10.68682861328125
11.199999999999999,10.678421020507812
11.220000000000001,10.783515930175781
11.24,10.794021606445312
11.26,10.672111511230469
11.279999999999999,10.581733703613281
11.300000000000001,10.541793823242188
11.32,10.571220397949219
11.34,10.577529907226562
11.359999999999999,10.588035583496094
11.380000000000001,10.655296325683594
11.4,10.724662780761719
11.42,10.707847595214844
11.44,10.579627990722656
11.460000000000001,10.396766662597656
11.48,10.26434326171875
11.5,10.289566040039062
11.52,10.421989440917969
11.539999999999999,10.506065368652344
11.56,10.499755859375
11.58,10.457717895507812
11.6,10.476638793945312
11.619999999999999,10.48504638671875
11.640000000000001,10.449310302734375
11.66,10.409378051757812
11.68,10.419883728027344
11.699999999999999,10.449310302734375
11.720000000000001,10.510269165039062
11.74,10.554405212402344
11.76,10.594345092773438
11.779999999999999,10.613258361816406
11.800000000000001,10.644790649414062
11.82,10.663703918457031
11.84,10.642684936523438
11.859999999999999,10.577529907226562
11.880000000000001,10.497657775878906
11.9,10.46612548828125
11.92,10.543899536132812
11.94,10.661605834960938
11.960000000000001,10.739372253417969
11.98,10.808738708496094
12,10.760391235351562
12.02,10.661605834960938
12.039999999999999,10.598548889160156
12.06,10.611160278320312
12.08,10.663703918457031
12.1,10.678421020507812
12.119999999999999,10.63427734375
12.140000000000001,10.569122314453125
12.16,10.516571044921875
12.18,10.514472961425781
12.199999999999999,10.55230712890625
12.220000000000001,10.611160278320312
12.24,10.6531982421875
12.26,10.659500122070312
12.279999999999999,10.632179260253906
12.300000000000001,10.575424194335938
12.32,10.53338623046875
12.34,10.527084350585938
12.359999999999999,10.489250183105469
12.380000000000001,10.491348266601562
12.4,10.573326110839844
12.42,10.661605834960938
12.44,10.665809631347656
12.460000000000001,10.606956481933594
12.48,10.545997619628906
12.5,10.491348266601562
12.52,10.474533081054688
12.539999999999999,10.516571044921875
12.56,10.577529907226562
12.58,10.60064697265625
12.6,10.611160278320312
12.619999999999999,10.592239379882812
12.640000000000001,10.55230712890625
12.66,10.503959655761719
12.68,10.468231201171875
12.699999999999999,10.457717895507812
12.720000000000001,10.476638793945312
12.74,10.510269165039062
12.76,10.575424194335938
12.779999999999999,10.61956787109375
12.800000000000001,10.60064697265625
12.82,10.55230712890625
12.84,10.527084350585938
12.859999999999999,10.596443176269531
12.880000000000001,10.632179260253906
12.9,10.648994445800781
12.92,10.651092529296875
12.94,10.625869750976562
12.960000000000001,10.606956481933594
12.98,10.569122314453125
13,10.508163452148438
13.02,10.472434997558594
13.039999999999999,10.499755859375
13.06,10.545997619628906
13.08,10.577529907226562
13.1,10.571220397949219
13.119999999999999,10.506065368652344
13.140000000000001,10.472434997558594
13.16,10.497657775878906
13.18,10.541793823242188
13.199999999999999,10.560714721679688
13.220000000000001,10.564918518066406
13.24,10.621665954589844
13.26,10.680519104003906
13.279999999999999,10.68682861328125
13.300000000000001,10.625869750976562
13.32,10.543899536132812
13.34,10.531288146972656
13.359999999999999,10.569122314453125
13.380000000000001,10.61956787109375
13.4,10.665809631347656
13.42,10.691032409667969
13.44,10.68682861328125
13.460000000000001,10.638481140136719
13.48,10.550201416015625
13.5,10.562812805175781
13.52,10.66790771484375
13.539999999999999,10.697334289550781
13.56,10.636383056640625
13.58,10.554405212402344
13.6,10.522880554199219
13.619999999999999,10.543899536132812
13.640000000000001,10.539695739746094
13.66,10.493453979492188
13.68,10.449310302734375
13.699999999999999,10.451416015625
13.720000000000001,10.493453979492188
13.74,10.598548889160156
13.76,10.642684936523438
13.779999999999999,10.615364074707031
13.800000000000001,10.571220397949219
13.82,10.539695739746094
13.84,10.520774841308594
13.859999999999999,10.541793823242188
13.880000000000001,10.642684936523438
13.9,10.676315307617188
13.92,10.680519104003906
13.94,10.66790771484375
13.960000000000001,10.663703918457031
13.98,10.657402038574219
14,10.661605834960938
14.02,10.6531982421875
14.039999999999999,10.611160278320312
14.06,10.545997619628906
14.08,10.487144470214844
14.1,10.445106506347656
14.119999999999999,10.445106506347656
14.140000000000001,10.476638793945312
14.16,10.476638793945312
14.18,10.468231201171875
14.199999999999999,10.545997619628906
14.220000000000001,10.613258361816406
14.24,10.592239379882812
14.26,10.524978637695312
14.279999999999999,10.480842590332031
14.300000000000001,10.470329284667969
14.32,10.522880554199219
14.34,10.592239379882812
14.359999999999999,10.621665954589844
14.380000000000001,10.640586853027344
14.4,10.621665954589844
14.42,10.571220397949219
14.44,10.522880554199219
14.460000000000001,10.541793823242188
14.48,10.588035583496094
14.5,10.592239379882812
14.52,10.609054565429688
14.539999999999999,10.636383056640625
14.56,10.621665954589844
14.58,10.562812805175781
14.6,10.472434997558594
14.619999999999999,10.428291320800781
14.640000000000001,10.413581848144531
14.66,10.438804626464844
14.68,10.514472961425781
14.699999999999999,10.581733703613281
14.720000000000001,10.550201416015625
14.74,10.5670166015625
14.76,10.627975463867188
14.779999999999999,10.680519104003906
14.800000000000001,10.7015380859375
14.82,10.691032409667969
14.84,10.707847595214844
14.859999999999999,10.712051391601562
14.880000000000001,10.678421020507812
14.9,10.60064697265625
14.92,10.508163452148438
14.94,10.409378051757812
14.960000000000001,10.39886474609375
14.98,10.506065368652344
15,10.630073547363281
15.02,10.648994445800781
15.039999999999999,10.602752685546875
15.06,10.569122314453125
15.08,10.609054565429688
15.1,10.621665954589844
15.119999999999999,10.625869750976562
15.140000000000001,10.609054565429688
15.16,10.627975463867188
15.18,10.61956787109375
15.199999999999999,10.598548889160156
15.220000000000001,10.611160278320312
15.24,10.625869750976562
15.26,10.571220397949219
15.279999999999999,10.543899536132812
15.300000000000001,10.579627990722656
15.32,10.623771667480469
15.34,10.581733703613281
15.359999999999999,10.543899536132812
15.380000000000001,10.529182434082031
15.4,10.524978637695312
15.42,10.48504638671875
15.44,10.482940673828125
15.460000000000001,10.529182434082031
15.48,10.550201416015625
15.5,10.571220397949219
15.52,10.611160278320312
15.539999999999999,10.659500122070312
15.56,10.63427734375
15.58,10.571220397949219
15.6,10.556510925292969
15.619999999999999,10.590141296386719
15.640000000000001,10.609054565429688
15.66,10.588035583496094
15.68,10.609054565429688
15.699999999999999,10.66790771484375
15.720000000000001,10.663703918457031
15.74,10.581733703613281
15.76,10.535491943359375
15.779999999999999,10.524978637695312
15.800000000000001,10.508163452148438
15.82,10.495552062988281
15.84,10.491348266601562
15.859999999999999,10.516571044921875
15.880000000000001,10.543899536132812
15.9,10.5670166015625
15.92,10.579627990722656
15.94,10.577529907226562
15.960000000000001,10.548103332519531
15.98,10.524978637695312
16,10.560714721679688
16.02,10.623771667480469
16.039999999999999,10.63427734375
16.059999999999999,10.594345092773438
16.079999999999998,10.588035583496094
16.100000000000001,10.594345092773438
16.120000000000001,10.562812805175781
16.140000000000001,10.562812805175781
16.16,10.577529907226562
16.18,10.609054565429688
16.199999999999999,10.579627990722656
16.219999999999999,10.558609008789062
16.239999999999998,10.611160278320312
16.260000000000002,10.6531982421875
16.280000000000001,10.611160278320312
16.300000000000001,10.573326110839844
16.32,10.548103332519531
16.34,10.529182434082031
16.359999999999999,10.497657775878906
16.379999999999999,10.453514099121094
16.399999999999999,10.434600830078125
16.420000000000002,10.464027404785156
16.440000000000001,10.508163452148438
16.460000000000001,10.569122314453125
16.48,10.579627990722656
16.5,10.571220397949219
16.52,10.571220397949219
16.539999999999999,10.558609008789062
16.559999999999999,10.535491943359375
16.579999999999998,10.543899536132812
16.600000000000001,10.564918518066406
16.620000000000001,10.596443176269531
16.640000000000001,10.596443176269531
16.66,10.613258361816406
16.68,10.665809631347656
16.699999999999999,10.712051391601562
16.719999999999999,10.726760864257812
16.739999999999998,10.745681762695312
16.760000000000002,10.7015380859375
16.780000000000001,10.630073547363281
16.800000000000001,10.596443176269531
16.82,10.579627990722656
16.84,10.564918518066406
16.859999999999999,10.53338623046875
16.879999999999999,10.512367248535156
16.899999999999999,10.489250183105469
16.920000000000002,10.474533081054688
16.940000000000001,10.543899536132812
16.960000000000001,10.613258361816406
16.98,10.581733703613281
17,10.512367248535156
17.02,10.520774841308594
17.039999999999999,10.543899536132812
17.059999999999999,10.541793823242188
17.079999999999998,10.548103332519531
17.100000000000001,10.575424194335938
17.120000000000001,10.621665954589844
17.140000000000001,10.670013427734375
17.16,10.7015380859375
17.18,10.659500122070312
17.199999999999999,10.529182434082031
17.219999999999999,10.451416015625
17.239999999999998,10.529182434082031
17.260000000000002,10.655296325683594
17.280000000000001,10.680519104003906
17.300000000000001,10.651092529296875
17.32,10.651092529296875
17.34,10.655296325683594
17.359999999999999,10.623771667480469
17.379999999999999,10.569122314453125
17.399999999999999,10.53338623046875
17.420000000000002,10.503959655761719
17.440000000000001,10.453514099121094
17.460000000000001,10.382049560546875
17.48,10.379951477050781
17.5,10.440902709960938
17.52,10.512367248535156
17.539999999999999,10.577529907226562
17.559999999999999,10.621665954589844
17.579999999999998,10.617462158203125
17.600000000000001,10.5670166015625
17.620000000000001,10.541793823242188
17.640000000000001,10.588035583496094
17.66,10.659500122070312
17.68,10.678421020507812
17.699999999999999,10.691032409667969
17.719999999999999,10.564918518066406
17.739999999999998,10.478736877441406
17.760000000000002,10.527084350585938
17.780000000000001,10.604850769042969
17.800000000000001,10.621665954589844
17.82,10.5859375
17.84,10.5670166015625
17.859999999999999,10.548103332519531
17.879999999999999,10.510269165039062
17.899999999999999,10.468231201171875
17.920000000000002,10.487144470214844
17.940000000000001,10.503959655761719
17.960000000000001,10.474533081054688
17.98,10.453514099121094
18,10.487144470214844
18.02,10.514472961425781
18.039999999999999,10.573326110839844
18.059999999999999,10.632179260253906
18.079999999999998,10.66790771484375
18.100000000000001,10.680519104003906
18.120000000000001,10.695236206054688
18.140000000000001,10.678421020507812
18.16,10.613258361816406
18.18,10.543899536132812
18.199999999999999,10.524978637695312
18.219999999999999,10.524978637695312
18.239999999999998,10.564918518066406
18.260000000000002,10.569122314453125
18.280000000000001,10.598548889160156
18.300000000000001,10.617462158203125
18.32,10.594345092773438
18.34,10.537590026855469
18.359999999999999,10.501861572265625
18.379999999999999,10.531288146972656
18.399999999999999,10.579627990722656
18.420000000000002,10.592239379882812
18.440000000000001,10.545997619628906
18.460000000000001,10.514472961425781
18.48,10.510269165039062
18.5,10.516571044921875
18.52,10.476638793945312
18.539999999999999,10.4324951171875
18.559999999999999,10.348419189453125
18.579999999999998,10.26434326171875
18.600000000000001,10.255935668945312
18.620000000000001,10.306381225585938
18.640000000000001,10.354728698730469
18.66,10.497657775878906
18.68,10.682624816894531
18.699999999999999,10.737274169921875
18.719999999999999,10.688926696777344
18.739999999999998,10.60064697265625
18.760000000000002,10.503959655761719
18.780000000000001,10.440902709960938
18.800000000000001,10.356826782226562
18.82,10.237022399902344
18.84,10.19708251953125
18.859999999999999,10.245429992675781
18.879999999999999,10.358932495117188
18.899999999999999,10.48504638671875
18.920000000000002,10.611160278320312
18.940000000000001,10.777206420898438
18.960000000000001,10.890708923339844
18.98,10.924339294433594
19,10.901222229003906
19.02,10.770904541015625
19.039999999999999,10.558609008789062
19.059999999999999,10.329505920410156
19.079999999999998,10.171859741210938
19.100000000000001,10.178169250488281
19.120000000000001,10.178169250488281
19.140000000000001,10.14874267578125
19.16,9.6295700073242188
19.18,9.20709228515625
19.199999999999999,8.6605987548828125
19.219999999999999,8.5239715576171875
19.239999999999998,8.53448486328125
19.260000000000002,8.2591323852539062
19.280000000000001,7.6516799926757812
19.300000000000001,6.8928985595703125
19.32,6.0563430786132812
19.34,5.3122711181640625
19.359999999999999,4.59552001953125
19.379999999999999,3.8031082153320312
19.399999999999999,2.983367919921875
19.420000000000002,2.209869384765625
19.440000000000001,1.537261962890625
19.460000000000001,1.0706405639648438
19.48,0.8015899658203125
19.5,0.593505859375
19.52,0.33917236328125
19.539999999999999,0.00077056884765625
19.559999999999999,-0.1715850830078125
19.579999999999998,-0.2409515380859375
19.600000000000001,-0.2913970947265625
19.620000000000001,-0.28719329833984375
19.640000000000001,-0.2998046875
19.66,-0.297698974609375
19.68,-0.31451416015625
19.699999999999999,-0.4259185791015625
19.719999999999999,-0.51209259033203125
19.739999999999998,-0.54782867431640625
19.760000000000002,-0.53942108154296875
19.780000000000001,-0.58145904541015625
19.800000000000001,-0.73699951171875
19.82,-0.8462982177734375
19.84,-0.9534912109375
19.859999999999999,-1.0943222045898438
19.879999999999999,-1.172088623046875
19.899999999999999,-1.2015151977539062
19.920000000000002,-1.172088623046875
19.940000000000001,-1.0690994262695312
19.960000000000001,-0.95769500732421875
19.98,-0.85050201416015625
20,-0.73279571533203125
20.02,-0.6087799072265625
20.039999999999999,-0.51419830322265625
20.059999999999999,-0.40069580078125
20.079999999999998,-0.297698974609375
20.100000000000001,-0.27667999267578125
20.120000000000001,-0.3229217529296875
20.140000000000001,-0.350250244140625
20.16,-0.32923126220703125
20.18,-0.30400848388671875
20.199999999999999,-0.25356292724609375
20.219999999999999,-0.0980224609375
20.239999999999998,0.03440093994140625
20.260000000000002,0.1479034423828125
20.280000000000001,0.22357177734375
20.300000000000001,0.322357177734375
20.32,0.33917236328125
20.34,0.3328704833984375
20.359999999999999,0.34337615966796875
20.379999999999999,0.3917236328125
20.399999999999999,0.40433502197265625
20.420000000000002,0.40433502197265625
20.440000000000001,0.35388946533203125
20.460000000000001,0.2298736572265625
20.48,0.00917816162109375
20.5,-0.22834014892578125
20.52,-0.43852996826171875
20.539999999999999,-0.383880615234375
20.559999999999999,-0.566741943359375
20.579999999999998,-0.87361907958984375
20.600000000000001,-1.123748779296875
20.620000000000001,-1.1657867431640625
20.640000000000001,-1.0354690551757812
20.66,-0.86521148681640625
20.68,-0.71387481689453125
20.699999999999999,-0.61508941650390625
20.719999999999999,-0.6760406494140625
20.739999999999998,-0.7958526611328125
20.760000000000002,-0.85260009765625
20.780000000000001,-0.84839630126953125
20.800000000000001,-0.7937469482421875
20.82,-0.63820648193359375
20.84,-0.44483184814453125
20.859999999999999,-0.31241607666015625
20.879999999999999,-0.22623443603515625
20.899999999999999,-0.2388458251953125
20.920000000000002,-0.30400848388671875
20.940000000000001,-0.3418426513671875
20.960000000000001,-0.316619873046875
20.98,-0.30400848388671875
21,-0.29560089111328125
21.02,-0.33343505859375
21.039999999999999,-0.35445404052734375
21.059999999999999,-0.3397369384765625
21.079999999999998,-0.32712554931640625
21.100000000000001,-0.3397369384765625
21.120000000000001,-0.38808441162109375
21.140000000000001,-0.43642425537109375
21.16,-0.48897552490234375
21.18,-0.484771728515625
21.199999999999999,-0.3901824951171875
21.219999999999999,-0.25356292724609375
21.239999999999998,-0.165283203125
21.260000000000002,-0.114837646484375
21.280000000000001,-0.11063385009765625
21.300000000000001,-0.16948699951171875
21.32,-0.2998046875
21.34,-0.40279388427734375
21.359999999999999,-0.46795654296875
21.379999999999999,-0.499481201171875
21.399999999999999,-0.54572296142578125
21.420000000000002,-0.64661407470703125
21.440000000000001,-0.8294830322265625
21.460000000000001,-1.0606918334960938
21.48,-1.2540664672851562
21.5,-1.2498626708984375
21.52,-1.191009521484375
21.539999999999999,-1.1153411865234375
21.559999999999999,-0.972412109375
21.579999999999998,-0.802154541015625
21.600000000000001,-0.59616851806640625
21.620000000000001,-0.4259185791015625
21.640000000000001,-0.30400848388671875
21.66,-0.2388458251953125
21.68,-0.20101165771484375
21.699999999999999,-0.17578887939453125
21.719999999999999,-0.2325439453125
21.739999999999998,-0.28508758544921875
21.760000000000002,-0.2892913818359375
21.780000000000001,-0.32082366943359375
21.800000000000001,-0.3418426513671875
21.82,-0.24515533447265625
21.84,-0.14426422119140625
21.859999999999999,-0.13375091552734375
21.879999999999999,-0.297698974609375
21.899999999999999,-0.4931793212890625
21.920000000000002,-0.59827423095703125
21.940000000000001,-0.59827423095703125
21.960000000000001,-0.48686981201171875
21.98,-0.28719329833984375
22,-0.21152496337890625
22.02,-0.09381866455078125
22.039999999999999,0.02178955078125
22.059999999999999,0.0280914306640625
22.079999999999998,0.187835693359375
22.100000000000001,0.51363372802734375
22.120000000000001,0.79949188232421875
22.140000000000001,0.86464691162109375
22.16,0.78897857666015625
22.18,0.69439697265625
22.199999999999999,0.49261474609375
22.219999999999999,0.27822113037109375
22.239999999999998,0.187835693359375
22.260000000000002,0.1479034423828125
22.280000000000001,0.09325408935546875
22.300000000000001,-0.03285980224609375
22.32,-0.2409515380859375
22.34,-0.350250244140625
22.359999999999999,-0.3082122802734375
22.379999999999999,-0.19470977783203125
22.399999999999999,-0.16738128662109375
22.420000000000002,-0.17999267578125
22.440000000000001,-0.16738128662109375
22.460000000000001,-0.03285980224609375
22.48,0.1794281005859375
22.5,0.07433319091796875
22.52,-0.17578887939453125
22.539999999999999,-0.2724761962890625
22.559999999999999,0.04070281982421875
22.579999999999998,0.47369384765625
22.600000000000001,0.72802734375
22.620000000000001,0.82891845703125
22.640000000000001,0.67967987060546875
22.66,0.591400146484375
22.68,0.7175140380859375
22.699999999999999,1.3039474487304688
22.719999999999999,1.7264328002929688
22.739999999999998,1.5940093994140625
22.760000000000002,1.2598114013671875
22.780000000000001,1.013885498046875
22.800000000000001,0.77216339111328125
22.82,0.52204132080078125
22.84,0.29503631591796875
22.859999999999999,0.2992401123046875
22.879999999999999,0.408538818359375
22.899999999999999,0.44637298583984375
22.920000000000002,0.509429931640625
22.940000000000001,0.51152801513671875
22.960000000000001,-0.12534332275390625
22.98,-0.5772552490234375
23,-0.64871978759765625
23.02,-0.5247039794921875
23.039999999999999,-0.24725341796875
23.059999999999999,-0.0223541259765625
23.079999999999998,0.05751800537109375
23.100000000000001,-0.129547119140625
23.120000000000001,-0.24725341796875
23.140000000000001,-0.27037811279296875
23.16,-0.2808837890625
23.18,-0.30190277099609375
23.199999999999999,-0.297698974609375
23.219999999999999,-0.31451416015625
23.239999999999998,-0.3082122802734375
23.260000000000002,-0.3082122802734375
23.280000000000001,-0.2998046875
23.300000000000001,-0.282989501953125
23.32,-0.27667999267578125
23.34,-0.2745819091796875
23.359999999999999,-0.2724761962890625
23.379999999999999,-0.26827239990234375
23.399999999999999,-0.26617431640625
23.420000000000002,-0.26827239990234375
23.440000000000001,-0.2556610107421875
23.460000000000001,-0.2724761962890625
23.48,-0.26197052001953125
23.5,-0.2808837890625
23.52,-0.27037811279296875
23.539999999999999,-0.282989501953125
23.559999999999999,-0.31871795654296875
23.579999999999998,-0.331329345703125
23.600000000000001,-0.33343505859375
23.620000000000001,-0.32923126220703125
23.640000000000001,-0.34394073486328125
23.66,-0.36916351318359375
23.68,-0.37126922607421875
23.699999999999999,-0.3586578369140625
23.719999999999999,-0.33553314208984375
23.739999999999998,-0.27878570556640625
23.760000000000002,-0.2388458251953125
23.780000000000001,-0.1905059814453125
23.800000000000001,-0.148468017578125
23.82,-0.10012054443359375
23.84,-0.0896148681640625
23.859999999999999,-0.0706939697265625
23.879999999999999,-0.06859588623046875
23.899999999999999,-0.06439208984375
23.920000000000002,-0.0559844970703125
23.940000000000001,-0.05808258056640625
23.960000000000001,-0.0538787841796875
23.98,-0.04126739501953125
24,-0.04547119140625
24.02,-0.05178070068359375
24.039999999999999,-0.06018829345703125
24.059999999999999,-0.0791015625
24.079999999999998,-0.0980224609375
24.100000000000001,-0.10222625732421875
24.120000000000001,-0.11273193359375
24.140000000000001,-0.14426422119140625
24.16,-0.1736907958984375
24.18,-0.213623046875
24.199999999999999,-0.21993255615234375
24.219999999999999,-0.215728759765625
24.239999999999998,-0.18630218505859375
24.260000000000002,-0.14215850830078125
24.280000000000001,-0.10852813720703125
24.300000000000001,-0.09381866455078125
24.32,-0.0896148681640625
24.34,-0.081207275390625
24.359999999999999,-0.07700347900390625
24.379999999999999,-0.0875091552734375
24.399999999999999,-0.0875091552734375
24.420000000000002,-0.0791015625
24.440000000000001,-0.10012054443359375
24.460000000000001,-0.1232452392578125
24.48,-0.12534332275390625
24.5,-0.148468017578125
24.52,-0.148468017578125
24.539999999999999,-0.14215850830078125
24.559999999999999,-0.13165283203125
24.579999999999998,-0.129547119140625
24.600000000000001,-0.11063385009765625
24.620000000000001,-0.0980224609375
24.640000000000001,-0.09171295166015625
24.66,-0.0980224609375
24.68,-0.11904144287109375
24.699999999999999,-0.13165283203125
24.719999999999999,-0.14215850830078125
24.739999999999998,-0.15267181396484375
24.760000000000002,-0.14215850830078125
24.780000000000001,-0.12534332275390625
24.800000000000001,-0.12534332275390625
24.82,-0.13165283203125
24.84,-0.1400604248046875
24.859999999999999,-0.1547698974609375
24.879999999999999,-0.1463623046875
24.899999999999999,-0.1463623046875
24.920000000000002,-0.13165283203125
24.940000000000001,-0.14215850830078125
24.960000000000001,-0.13165283203125
24.98,-0.1379547119140625
25,-0.1379547119140625
25.02,-0.13165283203125
25.039999999999999,-0.13585662841796875
25.059999999999999,-0.15267181396484375
25.079999999999998,-0.1568756103515625
25.100000000000001,-0.148468017578125
25.120000000000001,-0.1379547119140625
25.140000000000001,-0.13375091552734375
25.16,-0.1379547119140625
25.18,-0.1400604248046875
25.199999999999999,-0.14426422119140625
25.219999999999999,-0.1400604248046875
25.239999999999998,-0.148468017578125
25.260000000000002,-0.1715850830078125
25.280000000000001,-0.16948699951171875
25.300000000000001,-0.1547698974609375
25.32,-0.148468017578125
25.34,-0.1463623046875
25.359999999999999,-0.15267181396484375
25.379999999999999,-0.165283203125
25.399999999999999,-0.165283203125
25.420000000000002,-0.15897369384765625
25.440000000000001,-0.148468017578125
25.460000000000001,-0.1379547119140625
25.48,-0.15267181396484375
25.5,-0.15056610107421875
25.52,-0.1379547119140625
25.539999999999999,-0.1463623046875
25.559999999999999,-0.15897369384765625
25.579999999999998,-0.1715850830078125
25.600000000000001,-0.17789459228515625
25.620000000000001,-0.18419647216796875
25.640000000000001,-0.17999267578125
25.66,-0.17999267578125
25.68,-0.17789459228515625
25.699999999999999,-0.17999267578125
25.719999999999999,-0.1905059814453125
25.739999999999998,-0.1884002685546875
25.760000000000002,-0.19260406494140625
25.780000000000001,-0.196807861328125
25.800000000000001,-0.21152496337890625
25.82,-0.21152496337890625
25.84,-0.196807861328125
25.859999999999999,-0.20101165771484375
25.879999999999999,-0.213623046875
25.899999999999999,-0.2241363525390625
25.920000000000002,-0.24304962158203125
25.940000000000001,-0.26827239990234375
25.960000000000001,-0.3082122802734375
25.98,-0.32923126220703125
26,-0.3250274658203125
26.02,-0.3250274658203125
26.039999999999999,-0.3250274658203125
26.059999999999999,-0.31031036376953125
26.079999999999998,-0.29349517822265625
26.100000000000001,-0.2745819091796875
26.120000000000001,-0.24304962158203125
26.140000000000001,-0.22623443603515625
26.16,-0.196807861328125
26.18,-0.16738128662109375
26.199999999999999,-0.148468017578125
26.219999999999999,-0.13585662841796875
26.239999999999998,-0.1232452392578125
26.260000000000002,-0.0896148681640625
26.280000000000001,-0.06859588623046875
26.300000000000001,-0.07700347900390625
26.32,-0.09171295166015625
26.34,-0.10222625732421875
26.359999999999999,-0.07489776611328125
26.379999999999999,-0.0391693115234375
26.399999999999999,-0.0370635986328125
26.420000000000002,-0.028656005859375
26.440000000000001,-0.06859588623046875
26.460000000000001,-0.095916748046875
26.48,-0.14215850830078125
26.5,-0.19891357421875
26.52,-0.249359130859375
26.539999999999999,-0.25986480712890625
26.559999999999999,-0.19891357421875
26.579999999999998,-0.15056610107421875
26.600000000000001,-0.11063385009765625
26.620000000000001,-0.09171295166015625
26.640000000000001,-0.04967498779296875
26.66,-0.04547119140625
26.68,-0.114837646484375
26.699999999999999,-0.24304962158203125
26.719999999999999,-0.33553314208984375
26.739999999999998,-0.37757110595703125
26.760000000000002,-0.36075592041015625
26.780000000000001,-0.34604644775390625
26.800000000000001,-0.331329345703125
26.82,-0.32082366943359375
26.84,-0.316619873046875
26.859999999999999,-0.34604644775390625
26.879999999999999,-0.350250244140625
26.899999999999999,-0.331329345703125
26.920000000000002,-0.27878570556640625
26.940000000000001,-0.2409515380859375
26.960000000000001,-0.2325439453125
26.98,-0.20941925048828125
27,-0.16738128662109375
27.02,-0.20101165771484375
27.039999999999999,-0.3061065673828125
27.059999999999999,-0.34394073486328125
27.079999999999998,-0.34604644775390625
27.100000000000001,-0.34604644775390625
27.120000000000001,-0.31031036376953125
27.140000000000001,-0.2325439453125
27.16,-0.12534332275390625
27.18,-0.028656005859375
27.199999999999999,0.07012939453125
27.219999999999999,0.120574951171875
27.239999999999998,0.16892242431640625
27.260000000000002,0.20885467529296875
27.280000000000001,0.2151641845703125
27.300000000000001,0.1710205078125
27.32,0.13318634033203125
27.34,0.08905029296875
27.359999999999999,0.0280914306640625
27.379999999999999,-0.0202484130859375
27.399999999999999,-0.06859588623046875
27.420000000000002,-0.1463623046875
27.440000000000001,-0.19260406494140625
27.460000000000001,-0.21152496337890625
27.48,-0.2052154541015625
27.5,-0.19470977783203125
27.52,-0.2052154541015625
27.539999999999999,-0.23674774169921875
27.559999999999999,-0.27037811279296875
27.579999999999998,-0.3082122802734375
27.600000000000001,-0.264068603515625
27.620000000000001,-0.1736907958984375
27.640000000000001,-0.129547119140625
27.66,-0.114837646484375
27.68,-0.095916748046875
27.699999999999999,-0.08541107177734375
27.719999999999999,-0.0980224609375
27.739999999999998,-0.1400604248046875
27.760000000000002,-0.18630218505859375
27.780000000000001,-0.21993255615234375
27.800000000000001,-0.20311737060546875
27.82,-0.1736907958984375
27.84,-0.1736907958984375
27.859999999999999,-0.25145721435546875
27.879999999999999,-0.2745819091796875
27.899999999999999,-0.2808837890625
27.920000000000002,-0.2577667236328125
27.940000000000001,-0.1905059814453125
27.960000000000001,-0.148468017578125
27.98,-0.09381866455078125
28,-0.04967498779296875
28.02,-0.02445220947265625
28.039999999999999,0.0112762451171875
28.059999999999999,0.05121612548828125
28.079999999999998,0.03440093994140625
28.100000000000001,-0.00974273681640625
28.120000000000001,-0.04967498779296875
28.140000000000001,-0.06649017333984375
28.16,-0.0980224609375
28.18,-0.14426422119140625
28.199999999999999,-0.19891357421875
28.219999999999999,-0.18630218505859375
28.239999999999998,-0.1736907958984375
28.260000000000002,-0.25356292724609375
28.280000000000001,-0.3061065673828125
28.300000000000001,-0.282989501953125
28.32,-0.17578887939453125
28.34,-0.07489776611328125
28.359999999999999,-0.0391693115234375
28.379999999999999,-0.04337310791015625
28.399999999999999,-0.02655792236328125
28.420000000000002,0.055419921875
28.440000000000001,0.154205322265625
28.460000000000001,0.2635040283203125
28.48,0.30344390869140625
28.5,0.32025909423828125
28.52,0.3160552978515625
28.539999999999999,0.2971343994140625
28.559999999999999,0.17522430419921875
28.579999999999998,0.0785369873046875
28.600000000000001,0.01758575439453125
28.620000000000001,-0.00133514404296875
28.640000000000001,-0.03285980224609375
28.66,-0.0391693115234375
28.68,-0.06439208984375
28.699999999999999,-0.10222625732421875
28.719999999999999,-0.182098388671875
28.739999999999998,-0.28719329833984375
28.760000000000002,-0.40069580078125
28.780000000000001,-0.5919647216796875
28.800000000000001,-0.76642608642578125
28.82,-0.7454071044921875
28.84,-0.71598052978515625
28.859999999999999,-0.787445068359375
28.879999999999999,-0.99343109130859375
28.899999999999999,-1.123748779296875
28.920000000000002,-1.1762924194335938
28.940000000000001,-1.1868057250976562
28.960000000000001,-1.1636810302734375
28.98,-1.1510696411132812
29,-1.0859146118164062
29.02,-1.123748779296875
29.039999999999999,-1.2372512817382812
29.059999999999999,-1.3486480712890625
29.079999999999998,-1.3885879516601562
29.100000000000001,-1.3171234130859375
29.120000000000001,-1.2792892456054688
29.140000000000001,-1.241455078125
29.16,-1.2624740600585938
29.18,-1.4117050170898438
29.199999999999999,-1.4180145263671875
29.219999999999999,-1.3780746459960938
29.239999999999998,-1.42431640625
29.260000000000002,-1.474761962890625
29.280000000000001,-1.5062942504882812
29.300000000000001,-1.5903701782226562
29.32,-1.5147018432617188
29.34,-1.4726638793945312
29.359999999999999,-1.1363601684570312
29.379999999999999,-0.8105621337890625
29.399999999999999,-0.9534912109375
29.420000000000002,-0.75801849365234375
29.440000000000001,-0.34814453125
29.460000000000001,-0.06859588623046875
29.48,-0.00133514404296875
29.5,0.03229522705078125
29.52,0.18994140625
29.539999999999999,0.3475799560546875
29.559999999999999,0.5682830810546875
29.579999999999998,0.77216339111328125
29.600000000000001,0.83942413330078125
29.620000000000001,0.74273681640625
29.640000000000001,0.6019134521484375
29.66,0.456878662109375
29.68,0.26770782470703125
29.699999999999999,0.173126220703125
29.719999999999999,0.09955596923828125
29.739999999999998,0.04070281982421875
29.760000000000002,-0.01604461669921875
29.780000000000001,-0.06859588623046875
29.800000000000001,-0.04547119140625
29.82,0.07012939453125
29.84,0.173126220703125
29.859999999999999,0.2151641845703125
29.879999999999999,0.18994140625
29.899999999999999,0.16681671142578125
29.920000000000002,0.12688446044921875
29.940000000000001,0.04280853271484375
29.960000000000001,-0.1232452392578125
29.98,-0.29349517822265625
30,-0.38597869873046875
30.02,-0.45534515380859375
30.039999999999999,-0.4910736083984375
30.059999999999999,-0.4910736083984375
30.079999999999998,-0.55623626708984375
30.100000000000001,-0.62349700927734375
30.120000000000001,-0.667633056640625
30.140000000000001,-0.6361083984375
30.16,-0.5604400634765625
30.18,-0.40069580078125
30.199999999999999,-0.33553314208984375
30.219999999999999,-0.3754730224609375
30.239999999999998,-0.48056793212890625
30.260000000000002,-0.533111572265625
30.280000000000001,-0.57305145263671875
30.300000000000001,-0.5772552490234375
30.32,-0.52890777587890625
30.34,-0.47846221923828125
30.359999999999999,-0.40489959716796875
30.379999999999999,-0.3061065673828125
30.399999999999999,-0.20311737060546875
30.420000000000002,-0.12534332275390625
30.440000000000001,-0.0791015625
30.460000000000001,-0.12744903564453125
30.48,-0.19891357421875
30.5,-0.42801666259765625
30.52,-0.768524169921875
30.539999999999999,-0.96610260009765625
30.559999999999999,-1.0501785278320312
30.579999999999998,-1.1552734375
30.600000000000001,-1.2624740600585938
30.620000000000001,-1.2666778564453125
30.640000000000001,-1.2939987182617188
30.66,-1.2624740600585938
30.68,-1.0312652587890625
30.699999999999999,-0.72228240966796875
30.719999999999999,-0.5940704345703125
30.739999999999998,-0.56464385986328125
30.760000000000002,-0.58145904541015625
30.780000000000001,-0.61508941650390625
30.800000000000001,-0.84839630126953125
30.82,-1.2456588745117188
30.84,-1.3633651733398438
30.859999999999999,-1.1741943359375
30.879999999999999,-0.93457794189453125
30.899999999999999,-0.7706298828125
30.920000000000002,-0.734893798828125
30.940000000000001,-0.95980072021484375
30.960000000000001,-1.39068603515625
30.98,-1.9182662963867188
31,-2.2692794799804688
31.02,-2.2083282470703125
31.039999999999999,-1.710174560546875
31.059999999999999,-1.2771835327148438
31.079999999999998,-1.0838088989257812
31.100000000000001,-1.0102462768554688
31.120000000000001,-1.037567138671875
31.140000000000001,-1.0775070190429688
31.16,-1.123748779296875
31.18,-1.138458251953125
31.199999999999999,-1.1510696411132812
31.219999999999999,-1.1510696411132812
31.239999999999998,-1.1489715576171875
31.260000000000002,-1.191009521484375
31.280000000000001,-1.3108139038085938
31.300000000000001,-1.3486480712890625
31.32,-1.2120285034179688
31.34,-0.9787139892578125
31.359999999999999,-0.79795074462890625
31.379999999999999,-0.6255950927734375
31.399999999999999,-0.499481201171875
31.420000000000002,-0.46164703369140625
31.440000000000001,-0.4910736083984375
31.460000000000001,-0.50579071044921875
31.48,-0.47005462646484375
31.5,-0.34814453125
31.52,-0.2241363525390625
31.539999999999999,-0.20101165771484375
31.559999999999999,-0.2220306396484375
31.579999999999998,-0.31871795654296875
31.600000000000001,-0.482666015625
31.620000000000001,-0.60668182373046875
31.640000000000001,-0.66973876953125
31.66,-0.71598052978515625
31.68,-0.6928558349609375
31.699999999999999,-0.62979888916015625
31.719999999999999,-0.5751495361328125
31.739999999999998,-0.5772552490234375
31.760000000000002,-0.61508941650390625
31.780000000000001,-0.65081787109375
31.800000000000001,-0.69075775146484375
31.82,-0.67394256591796875
31.84,-0.652923583984375
31.859999999999999,-0.6171875
31.879999999999999,-0.5919647216796875
31.899999999999999,-0.5919647216796875
31.920000000000002,-0.6108856201171875
31.940000000000001,-0.667633056640625
31.960000000000001,-0.82317352294921875
31.98,-0.970306396484375
32,-1.0859146118164062
32.020000000000003,-1.1132354736328125
32.039999999999999,-1.1552734375
32.060000000000002,-1.2792892456054688
32.079999999999998,-1.2939987182617188
32.100000000000001,-1.3213272094726562
32.119999999999997,-1.3696670532226562
32.140000000000001,-1.392791748046875
32.159999999999997,-1.306610107421875
32.18,-1.2036209106445312
32.200000000000003,-1.1804962158203125
32.219999999999999,-1.1531753540039062
32.240000000000002,-1.1027297973632812
32.259999999999998,-1.0291595458984375
32.280000000000001,-0.97661590576171875
32.299999999999997,-0.90935516357421875
32.32,-0.835784912109375
32.340000000000003,-0.6760406494140625
32.359999999999999,-0.5499267578125
32.380000000000003,-0.42171478271484375
32.399999999999999,-0.33343505859375
32.420000000000002,-0.31031036376953125
32.439999999999998,-0.30400848388671875
32.460000000000001,-0.2325439453125
32.479999999999997,-0.264068603515625
32.5,-0.43852996826171875
32.520000000000003,-0.5247039794921875
32.539999999999999,-0.53942108154296875
32.560000000000002,-0.57094573974609375
32.579999999999998,-0.59827423095703125
32.600000000000001,-0.63820648193359375
32.619999999999997,-0.64031219482421875
32.640000000000001,-0.8462982177734375
32.659999999999997,-0.921966552734375
32.68,-0.8294830322265625
32.700000000000003,-0.77272796630859375
32.719999999999999,-0.7769317626953125
32.740000000000002,-0.8126678466796875
32.759999999999998,-0.8189697265625
32.780000000000001,-0.80005645751953125
32.799999999999997,-0.76642608642578125
32.82,-0.71598052978515625
32.840000000000003,-0.7285919189453125
32.859999999999999,-0.7454071044921875
32.880000000000003,-0.76432037353515625
32.899999999999999,-0.787445068359375
32.920000000000002,-0.80005645751953125
32.939999999999998,-0.8126678466796875
32.960000000000001,-0.8189697265625
32.979999999999997,-0.802154541015625
33,-0.78324127197265625
33.020000000000003,-0.73279571533203125
33.039999999999999,-0.60457611083984375
33.060000000000002,-0.47216033935546875
33.079999999999998,-0.3565521240234375
33.100000000000001,-0.3733673095703125
33.119999999999997,-0.432220458984375
33.140000000000001,-0.49527740478515625
33.159999999999997,-0.5268096923828125
33.18,-0.51209259033203125
33.200000000000003,-0.49527740478515625
33.219999999999999,-0.4910736083984375
33.240000000000002,-0.43852996826171875
33.259999999999998,-0.37126922607421875
33.280000000000001,-0.297698974609375
33.299999999999997,-0.3061065673828125
33.32,-0.33343505859375
33.340000000000003,-0.39438629150390625
33.359999999999999,-0.44693756103515625
33.380000000000003,-0.4427337646484375
33.399999999999999,-0.40069580078125
33.420000000000002,-0.350250244140625
33.439999999999998,-0.32712554931640625
33.460000000000001,-0.31241607666015625
33.479999999999997,-0.33343505859375
33.5,-0.350250244140625
33.520000000000003,-0.364959716796875
33.539999999999999,-0.36286163330078125
33.560000000000002,-0.350250244140625
33.579999999999998,-0.3397369384765625
33.600000000000001,-0.32082366943359375
33.619999999999997,-0.32923126220703125
33.640000000000001,-0.32923126220703125
33.659999999999997,-0.331329345703125
33.68,-0.3418426513671875
33.700000000000003,-0.350250244140625
33.719999999999999,-0.33343505859375
33.740000000000002,-0.30400848388671875
33.759999999999998,-0.26827239990234375
33.780000000000001,-0.2388458251953125
33.799999999999997,-0.2241363525390625
33.82,-0.2073211669921875
33.840000000000003,-0.2325439453125
33.859999999999999,-0.2556610107421875
33.880000000000003,-0.264068603515625
33.899999999999999,-0.26827239990234375
33.920000000000002,-0.282989501953125
33.939999999999998,-0.29560089111328125
33.960000000000001,-0.30190277099609375
33.979999999999997,-0.32082366943359375
34,-0.31451416015625
34.020000000000003,-0.31241607666015625
34.039999999999999,-0.32082366943359375
34.060000000000002,-0.31871795654296875
34.079999999999998,-0.31451416015625
34.100000000000001,-0.31031036376953125
34.119999999999997,-0.3082122802734375
34.140000000000001,-0.2913970947265625
34.159999999999997,-0.30190277099609375
34.18,-0.30190277099609375
34.200000000000003,-0.30400848388671875
34.219999999999999,-0.31451416015625
34.240000000000002,-0.31871795654296875
34.259999999999998,-0.331329345703125
34.280000000000001,-0.32923126220703125
34.299999999999997,-0.3250274658203125
34.32,-0.331329345703125
34.340000000000003,-0.32923126220703125
34.359999999999999,-0.3250274658203125
34.380000000000003,-0.31241607666015625
34.399999999999999,-0.3061065673828125
34.420000000000002,-0.31241607666015625
34.439999999999998,-0.3250274658203125
34.460000000000001,-0.31871795654296875
34.479999999999997,-0.3250274658203125
34.5,-0.316619873046875
34.520000000000003,-0.31031036376953125
34.539999999999999,-0.30400848388671875
34.560000000000002,-0.31451416015625
34.579999999999998,-0.30190277099609375
34.600000000000001,-0.3082122802734375
34.619999999999997,-0.31241607666015625
34.640000000000001,-0.3229217529296875
34.659999999999997,-0.32082366943359375
34.68,-0.31031036376953125
34.700000000000003,-0.3082122802734375
34.719999999999999,-0.30190277099609375
34.740000000000002,-0.3061065673828125
34.759999999999998,-0.30190277099609375
34.780000000000001,-0.31241607666015625
34.799999999999997,-0.3082122802734375
34.82,-0.3061065673828125
34.840000000000003,-0.31031036376953125
34.859999999999999,-0.31451416015625
34.880000000000003,-0.30400848388671875
34.899999999999999,-0.30190277099609375
34.920000000000002,-0.30400848388671875
34.939999999999998,-0.3082122802734375
34.960000000000001,-0.30190277099609375
34.979999999999997,-0.30400848388671875
35,-0.297698974609375
35.020000000000003,-0.3061065673828125
35.039999999999999,-0.30400848388671875
35.060000000000002,-0.3061065673828125
35.079999999999998,-0.31241607666015625
35.100000000000001,-0.32082366943359375
35.119999999999997,-0.316619873046875
35.140000000000001,-0.32082366943359375
35.159999999999997,-0.37757110595703125
35.18,-0.499481201171875
35.200000000000003,-0.5919647216796875
35.219999999999999,-0.667633056640625
35.240000000000002,-0.703369140625
35.259999999999998,-0.7454071044921875
35.280000000000001,-0.79164886474609375
35.299999999999997,-0.821075439453125
35.32,-0.7433013916015625
35.340000000000003,-0.63190460205078125
35.359999999999999,-0.51209259033203125
35.380000000000003,-0.47846221923828125
35.399999999999999,-0.47005462646484375
35.420000000000002,-0.44693756103515625
35.439999999999998,-0.40279388427734375
35.460000000000001,-0.34604644775390625
35.479999999999997,-0.30190277099609375
35.5,-0.2913970947265625
35.520000000000003,-0.2808837890625
35.539999999999999,-0.28719329833984375
35.560000000000002,-0.30190277099609375
35.579999999999998,-0.30190277099609375
35.600000000000001,-0.2577667236328125
35.619999999999997,0.21096038818359375
35.640000000000001,0.76586151123046875
35.659999999999997,1.1505126953125
35.68,1.6633758544921875
35.700000000000003,2.0669403076171875
35.719999999999999,2.546173095703125
35.740000000000002,3.0905609130859375
35.759999999999998,3.8304290771484375
35.780000000000001,4.7615737915039062
35.799999999999997,5.9218215942382812
35.82,7.2418136596679688
35.840000000000003,8.5281753540039062
35.859999999999999,9.79351806640625
35.880000000000003,10.724662780761719
35.899999999999999,11.245933532714844
35.920000000000002,11.828155517578125
35.939999999999998,12.532295227050781
35.960000000000001,13.097702026367188
35.979999999999997,13.337318420410156
36,12.948471069335938
36.020000000000003,12.160255432128906
36.039999999999999,11.557014465332031
36.060000000000002,11.390960693359375
36.079999999999998,11.088287353515625
36.100000000000001,10.678421020507812
36.119999999999997,10.375747680664062
36.140000000000001,10.131927490234375
36.159999999999997,9.8187408447265625
36.18,9.61065673828125
36.200000000000003,9.5518035888671875
36.219999999999999,9.4908447265625
36.240000000000002,9.4109725952148438
36.259999999999998,9.425689697265625
36.280000000000001,9.54339599609375
36.299999999999997,9.61065673828125
36.32,9.5202713012695312
36.340000000000003,9.52447509765625
36.359999999999999,9.6968307495117188
36.380000000000003,10.064666748046875
36.399999999999999,10.369438171386719
36.420000000000002,10.451416015625
36.439999999999998,10.501861572265625
36.460000000000001,10.613258361816406
36.479999999999997,10.785614013671875
36.5,10.867591857910156
36.520000000000003,10.751983642578125
36.539999999999999,10.522880554199219
36.560000000000002,10.323196411132812
36.579999999999998,10.281158447265625
36.600000000000001,10.371543884277344
36.619999999999997,10.455619812011719
36.640000000000001,10.470329284667969
36.659999999999997,10.3841552734375
36.68,10.251731872558594
36.700000000000003,10.243324279785156
36.719999999999999,10.407272338867188
36.740000000000002,10.558609008789062
36.759999999999998,10.680519104003906
36.780000000000001,10.798225402832031
36.799999999999997,10.918037414550781
36.82,10.848670959472656
36.840000000000003,10.705741882324219
36.859999999999999,10.539695739746094
36.880000000000003,10.382049560546875
36.899999999999999,10.194984436035156
36.920000000000002,10.043647766113281
36.939999999999998,10.018424987792969
36.960000000000001,10.033134460449219
36.979999999999997,9.9364471435546875
37,9.7367706298828125
37.020000000000003,9.6295700073242188
37.039999999999999,9.6484909057617188
37.060000000000002,9.8082351684570312
37.079999999999998,9.9574661254882812
37.100000000000001,10.020523071289062
37.119999999999997,10.113006591796875
37.140000000000001,10.306381225585938
37.159999999999997,10.503959655761719
37.18,10.638481140136719
37.200000000000003,10.728866577148438
37.219999999999999,10.773002624511719
37.240000000000002,10.817146301269531
37.259999999999998,10.770904541015625
37.280000000000001,10.699440002441406
37.299999999999997,10.663703918457031
37.32,10.5670166015625
37.340000000000003,10.438804626464844
37.359999999999999,10.28326416015625
37.380000000000003,10.119316101074219
37.399999999999999,10.01422119140625
37.420000000000002,10.100395202636719
37.439999999999998,10.285362243652344
37.460000000000001,10.371543884277344
37.479999999999997,10.459823608398438
37.5,10.663703918457031
37.520000000000003,10.783515930175781
37.539999999999999,10.714149475097656
37.560000000000002,8.9107208251953125
37.579999999999998,7.7630844116210938
37.600000000000001,6.3569107055664062
37.619999999999997,5.6864089965820312
37.640000000000001,5.4678115844726562
37.659999999999997,5.01800537109375
37.68,4.25921630859375
37.700000000000003,3.4310684204101562
37.719999999999999,2.6386566162109375
37.740000000000002,1.9975738525390625
37.759999999999998,1.470001220703125
37.780000000000001,1.0643310546875
37.799999999999997,0.759552001953125
37.82,0.456878662109375
37.840000000000003,0.1142730712890625
37.859999999999999,-0.13375091552734375
37.880000000000003,-0.2409515380859375
37.899999999999999,-0.26827239990234375
37.920000000000002,-0.2745819091796875
37.939999999999998,-0.37967681884765625
37.960000000000001,-0.46795654296875
37.979999999999997,-0.5078887939453125
38,-0.5247039794921875
38.020000000000003,-0.5099945068359375
38.039999999999999,-0.4574432373046875
38.060000000000002,-0.3922882080078125
38.079999999999998,-0.34814453125
38.100000000000001,-0.33553314208984375
38.119999999999997,-0.3229217529296875
38.140000000000001,-0.3250274658203125
38.159999999999997,-0.31241607666015625
38.18,-0.29349517822265625
38.200000000000003,-0.264068603515625
38.219999999999999,-0.24515533447265625
38.240000000000002,-0.15267181396484375
38.259999999999998,-0.028656005859375
38.280000000000001,0.1479034423828125
38.299999999999997,0.389617919921875
38.32,0.76586151123046875
38.340000000000003,1.5435638427734375
38.359999999999999,2.5377655029296875
38.380000000000003,3.2650222778320312
38.399999999999999,3.8598556518554688
38.420000000000002,4.5513839721679688
38.439999999999998,5.5939254760742188
38.460000000000001,6.9748687744140625
38.479999999999997,8.1372222900390625
38.5,9.204986572265625
38.520000000000003,10.508163452148438
38.539999999999999,11.620071411132812
38.560000000000002,12.105606079101562
38.579999999999998,12.135032653808594
38.600000000000001,12.179176330566406
38.619999999999997,12.202293395996094
38.640000000000001,11.859687805175781
38.659999999999997,11.311088562011719
38.68,10.808738708496094
38.700000000000003,10.424087524414062
38.719999999999999,10.165557861328125
38.740000000000002,10.075172424316406
38.759999999999998,10.100395202636719
38.780000000000001,9.9700775146484375
38.799999999999997,9.7577896118164062
38.82,9.608551025390625
38.840000000000003,9.52447509765625
38.859999999999999,9.4551162719726562
38.880000000000003,9.4467086791992188
38.899999999999999,9.4635238647460938
38.920000000000002,9.4656219482421875
38.939999999999998,9.526580810546875
38.960000000000001,9.6337738037109375
38.979999999999997,9.7872161865234375
39,9.963775634765625
39.020000000000003,10.209693908691406
39.039999999999999,10.464027404785156
39.060000000000002,10.575424194335938
39.079999999999998,10.646888732910156
39.100000000000001,10.800331115722656
39.119999999999997,10.951667785644531
39.140000000000001,10.985298156738281
39.159999999999997,10.882301330566406
39.18,10.810836791992188
39.200000000000003,10.804534912109375
39.219999999999999,10.810836791992188
39.240000000000002,10.733070373535156
39.259999999999998,10.655296325683594
39.280000000000001,10.581733703613281
39.299999999999997,10.493453979492188
39.32,10.464027404785156
39.340000000000003,10.482940673828125
39.359999999999999,10.543899536132812
39.380000000000003,10.592239379882812
39.399999999999999,10.627975463867188
39.420000000000002,10.60064697265625
39.439999999999998,10.510269165039062
39.460000000000001,10.468231201171875
39.479999999999997,10.476638793945312
39.5,10.434600830078125
39.520000000000003,10.396766662597656
39.539999999999999,10.409378051757812
39.560000000000002,10.470329284667969
39.579999999999998,10.495552062988281
39.600000000000001,10.508163452148438
39.619999999999997,10.516571044921875
39.640000000000001,10.506065368652344
39.659999999999997,10.501861572265625
39.68,10.501861572265625
39.700000000000003,10.510269165039062
39.719999999999999,10.535491943359375
39.740000000000002,10.556510925292969
39.759999999999998,10.590141296386719
39.780000000000001,10.632179260253906
39.799999999999997,10.680519104003906
39.82,10.7015380859375
39.840000000000003,10.75408935546875
39.859999999999999,10.798225402832031
39.880000000000003,10.764595031738281
39.899999999999999,10.63427734375
39.920000000000002,10.493453979492188
39.939999999999998,10.405174255371094
39.960000000000001,10.382049560546875
39.979999999999997,10.371543884277344
40,10.396766662597656
40.020000000000003,10.428291320800781
40.039999999999999,10.46612548828125
40.060000000000002,10.516571044921875
40.079999999999998,10.564918518066406
40.100000000000001,10.598548889160156
40.119999999999997,10.592239379882812
40.140000000000001,10.556510925292969
40.159999999999997,10.562812805175781
40.18,10.573326110839844
40.200000000000003,10.556510925292969
40.219999999999999,10.487144470214844
40.240000000000002,10.472434997558594
40.259999999999998,10.491348266601562
40.280000000000001,10.539695739746094
40.299999999999997,10.514472961425781
40.32,10.474533081054688
40.340000000000003,10.451416015625
40.359999999999999,10.493453979492188
40.380000000000003,10.548103332519531
40.399999999999999,10.577529907226562
40.420000000000002,10.61956787109375
40.439999999999998,10.66790771484375
40.460000000000001,10.638481140136719
40.479999999999997,10.590141296386719
40.5,10.604850769042969
40.520000000000003,10.644790649414062
40.539999999999999,10.684722900390625
40.560000000000002,10.680519104003906
40.579999999999998,10.672111511230469
40.600000000000001,10.676315307617188
40.619999999999997,10.680519104003906
40.640000000000001,10.7015380859375
40.659999999999997,10.688926696777344
40.68,10.581733703613281
40.700000000000003,10.470329284667969
40.719999999999999,10.407272338867188
40.740000000000002,10.419883728027344
40.759999999999998,10.449310302734375
40.780000000000001,10.459823608398438
40.799999999999997,10.464027404785156
40.82,10.407272338867188
40.840000000000003,10.295875549316406
40.859999999999999,10.192878723144531
40.880000000000003,10.138229370117188
40.899999999999999,10.110908508300781
40.920000000000002,10.098297119140625
40.939999999999998,10.171859741210938
40.960000000000001,10.243324279785156
40.979999999999997,10.220207214355469
41,10.255935668945312
41.020000000000003,10.369438171386719
41.039999999999999,10.487144470214844
41.060000000000002,10.564918518066406
41.079999999999998,10.61956787109375
41.100000000000001,10.672111511230469
41.119999999999997,10.638481140136719
41.140000000000001,10.512367248535156
41.159999999999997,10.388359069824219
41.18,10.279060363769531
41.200000000000003,10.234916687011719
41.219999999999999,10.222305297851562
41.240000000000002,10.234916687011719
41.259999999999998,10.272750854492188
41.280000000000001,10.369438171386719
41.299999999999997,10.447212219238281
41.32,10.53338623046875
41.340000000000003,10.588035583496094
41.359999999999999,10.609054565429688
41.380000000000003,10.558609008789062
41.399999999999999,10.539695739746094
41.420000000000002,10.560714721679688
41.439999999999998,9.9995040893554688
41.460000000000001,8.8960113525390625
41.479999999999997,7.538177490234375
41.5,6.7583770751953125
41.520000000000003,6.3064651489257812
41.539999999999999,5.7494659423828125
41.560000000000002,5.0222091674804688
41.579999999999998,4.0994720458984375
41.600000000000001,3.2103729248046875
41.619999999999997,2.3548965454101562
41.640000000000001,1.5729904174804688
41.659999999999997,1.0117874145507812
41.68,0.63134002685546875
41.700000000000003,0.20044708251953125
41.719999999999999,-0.0896148681640625
41.740000000000002,-0.21993255615234375
41.759999999999998,-0.331329345703125
41.780000000000001,-0.46795654296875
41.799999999999997,-0.51419830322265625
41.82,-0.5268096923828125
41.840000000000003,-0.53731536865234375
41.859999999999999,-0.52260589599609375
41.880000000000003,-0.5436248779296875
41.899999999999999,-0.5436248779296875
41.920000000000002,-0.54572296142578125
41.939999999999998,-0.51629638671875
41.960000000000001,-0.48897552490234375
41.979999999999997,-0.44693756103515625
42,-0.364959716796875
42.020000000000003,-0.3229217529296875
42.039999999999999,-0.28508758544921875
42.060000000000002,-0.16948699951171875
42.079999999999998,0.36229705810546875
42.100000000000001,0.8184051513671875
42.119999999999997,1.4826126098632812
42.140000000000001,3.11578369140625
42.159999999999997,4.9066009521484375
42.18,6.5671005249023438
42.200000000000003,7.6537857055664062
42.219999999999999,8.4041671752929688
42.240000000000002,9.0809783935546875
42.259999999999998,9.6505889892578125
42.280000000000001,10.108802795410156
42.299999999999997,10.527084350585938
42.32,10.981094360351562
42.340000000000003,11.248031616210938
42.359999999999999,11.229118347167969
42.380000000000003,11.119819641113281
42.399999999999999,11.008415222167969
42.420000000000002,10.857078552246094
42.439999999999998,10.791923522949219
42.460000000000001,10.831855773925781
42.479999999999997,10.810836791992188
42.5,10.7877197265625
42.520000000000003,10.695236206054688
42.539999999999999,10.558609008789062
42.560000000000002,10.461921691894531
42.579999999999998,10.447212219238281
42.600000000000001,10.392562866210938
42.619999999999997,10.237022399902344
42.640000000000001,10.079376220703125
42.659999999999997,10.031036376953125
42.68,10.010017395019531
42.700000000000003,9.9721832275390625
42.719999999999999,10.012115478515625
42.740000000000002,10.070968627929688
42.759999999999998,10.125617980957031
42.780000000000001,10.228614807128906
42.799999999999997,10.375747680664062
42.82,10.424087524414062
42.840000000000003,10.394660949707031
42.859999999999999,10.344215393066406
42.880000000000003,10.287467956542969
42.899999999999999,10.318992614746094
42.920000000000002,10.478736877441406
42.939999999999998,10.699440002441406
42.960000000000001,10.785614013671875
42.979999999999997,10.68682861328125
43,10.594345092773438
43.020000000000003,10.627975463867188
43.039999999999999,10.726760864257812
43.060000000000002,10.810836791992188
43.079999999999998,10.819244384765625
43.100000000000001,10.791923522949219
43.119999999999997,10.724662780761719
43.140000000000001,10.674217224121094
43.159999999999997,10.575424194335938
43.18,10.497657775878906
43.200000000000003,10.470329284667969
43.219999999999999,10.472434997558594
43.240000000000002,10.476638793945312
43.259999999999998,10.451416015625
43.280000000000001,10.434600830078125
43.299999999999997,10.434600830078125
43.32,10.430397033691406
43.340000000000003,10.415679931640625
43.359999999999999,10.394660949707031
43.380000000000003,10.396766662597656
43.399999999999999,10.482940673828125
43.420000000000002,10.594345092773438
43.439999999999998,10.644790649414062
43.460000000000001,10.644790649414062
43.479999999999997,10.60064697265625
43.5,10.541793823242188
43.520000000000003,10.503959655761719
43.539999999999999,10.464027404785156
43.560000000000002,10.470329284667969
43.579999999999998,10.522880554199219
43.600000000000001,10.613258361816406
43.619999999999997,10.688926696777344
43.640000000000001,10.7015380859375
43.659999999999997,10.688926696777344
43.68,10.688926696777344
43.700000000000003,10.640586853027344
43.719999999999999,10.522880554199219
43.740000000000002,10.438804626464844
43.759999999999998,10.472434997558594
43.780000000000001,10.558609008789062
43.799999999999997,10.5670166015625
43.82,10.512367248535156
43.840000000000003,10.464027404785156
43.859999999999999,10.455619812011719
43.880000000000003,10.482940673828125
43.899999999999999,10.522880554199219
43.920000000000002,10.592239379882812
43.939999999999998,10.697334289550781
43.960000000000001,10.745681762695312
43.979999999999997,10.712051391601562
44,10.598548889160156
44.020000000000003,10.497657775878906
44.039999999999999,10.461921691894531
44.060000000000002,10.489250183105469
44.079999999999998,10.503959655761719
44.100000000000001,10.506065368652344
44.119999999999997,10.556510925292969
44.140000000000001,10.5670166015625
44.159999999999997,10.535491943359375
44.18,10.497657775878906
44.200000000000003,10.478736877441406
44.219999999999999,10.499755859375
44.240000000000002,10.545997619628906
44.259999999999998,10.543899536132812
44.280000000000001,10.529182434082031
44.299999999999997,10.53338623046875
44.32,10.575424194335938
44.340000000000003,10.655296325683594
44.359999999999999,10.663703918457031
44.380000000000003,10.577529907226562
44.399999999999999,10.478736877441406
44.420000000000002,10.46612548828125
44.439999999999998,10.489250183105469
44.460000000000001,10.535491943359375
44.479999999999997,10.571220397949219
44.5,10.594345092773438
44.520000000000003,10.583831787109375
44.539999999999999,10.579627990722656
44.560000000000002,10.571220397949219
44.579999999999998,10.613258361816406
44.600000000000001,10.661605834960938
44.619999999999997,10.621665954589844
44.640000000000001,10.522880554199219
44.659999999999997,10.48504638671875
44.68,10.550201416015625
44.700000000000003,10.621665954589844
44.719999999999999,10.648994445800781
44.740000000000002,10.61956787109375
44.759999999999998,10.571220397949219
44.780000000000001,10.548103332519531
44.799999999999997,10.499755859375
44.82,10.487144470214844
44.840000000000003,10.512367248535156
44.859999999999999,10.482940673828125
44.880000000000003,10.461921691894531
44.899999999999999,10.459823608398438
44.920000000000002,10.522880554199219
44.939999999999998,10.594345092773438
44.960000000000001,10.621665954589844
44.979999999999997,10.581733703613281
45,10.503959655761719
45.020000000000003,10.499755859375
45.039999999999999,10.531288146972656
45.060000000000002,10.577529907226562
45.079999999999998,10.606956481933594
45.100000000000001,10.63427734375
45.119999999999997,10.627975463867188
45.140000000000001,10.588035583496094
45.159999999999997,10.590141296386719
45.18,10.613258361816406
45.200000000000003,10.630073547363281
45.219999999999999,10.594345092773438
45.240000000000002,10.535491943359375
45.259999999999998,10.571220397949219
45.280000000000001,10.602752685546875
45.299999999999997,10.615364074707031
45.32,10.575424194335938
45.340000000000003,10.524978637695312
45.359999999999999,10.512367248535156
45.380000000000003,10.529182434082031
45.399999999999999,10.55230712890625
45.420000000000002,10.562812805175781
45.439999999999998,10.535491943359375
45.460000000000001,10.48504638671875
45.479999999999997,10.445106506347656
45.5,10.470329284667969
45.520000000000003,10.550201416015625
45.539999999999999,10.644790649414062
45.560000000000002,10.657402038574219
45.579999999999998,10.596443176269531
45.600000000000001,10.537590026855469
45.619999999999997,10.480842590332031
45.640000000000001,10.4324951171875
45.659999999999997,10.421989440917969
45.68,10.447212219238281
45.700000000000003,10.491348266601562
45.719999999999999,10.55230712890625
45.740000000000002,10.596443176269531
45.759999999999998,10.674217224121094
45.780000000000001,10.720458984375
45.799999999999997,10.699440002441406
45.82,10.61956787109375
45.840000000000003,10.558609008789062
45.859999999999999,10.503959655761719
45.880000000000003,10.451416015625
45.899999999999999,10.428291320800781
45.920000000000002,10.461921691894531
45.939999999999998,10.529182434082031
45.960000000000001,10.562812805175781
45.979999999999997,10.571220397949219
46,10.573326110839844
46.020000000000003,10.564918518066406
46.039999999999999,10.562812805175781
46.060000000000002,10.550201416015625
46.079999999999998,10.5186767578125
46.100000000000001,10.497657775878906
46.119999999999997,10.535491943359375
46.140000000000001,10.606956481933594
46.159999999999997,10.693130493164062
46.18,10.707847595214844
46.200000000000003,10.691032409667969
46.219999999999999,10.659500122070312
46.240000000000002,10.672111511230469
46.259999999999998,10.705741882324219
46.280000000000001,10.73516845703125
46.299999999999997,10.703643798828125
46.32,10.5859375
46.340000000000003,10.489250183105469
46.359999999999999,10.443008422851562
46.380000000000003,10.464027404785156
46.399999999999999,10.529182434082031
46.420000000000002,10.543899536132812
46.439999999999998,10.543899536132812
46.460000000000001,10.529182434082031
46.479999999999997,10.468231201171875
46.5,10.377845764160156
46.520000000000003,10.323196411132812
46.539999999999999,10.289566040039062
46.560000000000002,10.371543884277344
46.579999999999998,10.478736877441406
46.600000000000001,10.5670166015625
46.619999999999997,10.550201416015625
46.640000000000001,10.5859375
46.659999999999997,10.680519104003906
46.68,10.722557067871094
46.700000000000003,10.680519104003906
46.719999999999999,10.598548889160156
46.740000000000002,10.564918518066406
46.759999999999998,10.617462158203125
46.780000000000001,10.655296325683594
46.799999999999997,10.695236206054688
46.82,10.697334289550781
46.840000000000003,10.632179260253906
46.859999999999999,10.575424194335938
46.880000000000003,10.558609008789062
46.899999999999999,10.569122314453125
46.920000000000002,10.545997619628906
46.939999999999998,10.489250183105469
46.960000000000001,10.449310302734375
46.979999999999997,10.503959655761719
47,10.550201416015625
47.020000000000003,10.524978637695312
47.039999999999999,10.480842590332031
47.060000000000002,10.48504638671875
47.079999999999998,10.451416015625
47.100000000000001,10.434600830078125
47.119999999999997,10.443008422851562
47.140000000000001,10.468231201171875
47.159999999999997,10.531288146972656
47.18,10.543899536132812
47.200000000000003,10.569122314453125
47.219999999999999,10.598548889160156
47.240000000000002,10.63427734375
47.259999999999998,10.680519104003906
47.280000000000001,10.699440002441406
47.299999999999997,10.728866577148438
47.32,10.720458984375
47.340000000000003,10.640586853027344
47.359999999999999,10.562812805175781
47.380000000000003,10.602752685546875
47.399999999999999,10.651092529296875
47.420000000000002,10.651092529296875
47.439999999999998,10.63427734375
47.460000000000001,10.5859375
47.479999999999997,10.514472961425781
47.5,10.478736877441406
47.520000000000003,10.443008422851562
47.539999999999999,10.405174255371094
47.560000000000002,10.352622985839844
47.579999999999998,10.304283142089844
47.600000000000001,10.31689453125
47.619999999999997,10.392562866210938
47.640000000000001,10.503959655761719
47.659999999999997,10.594345092773438
47.68,10.648994445800781
47.700000000000003,10.678421020507812
47.719999999999999,10.657402038574219
47.740000000000002,10.680519104003906
47.759999999999998,10.688926696777344
47.780000000000001,10.691032409667969
47.799999999999997,10.716255187988281
47.82,10.724662780761719
47.840000000000003,10.699440002441406
47.859999999999999,10.676315307617188
47.880000000000003,10.644790649414062
47.899999999999999,10.609054565429688
47.920000000000002,10.537590026855469
47.939999999999998,10.449310302734375
47.960000000000001,10.354728698730469
47.979999999999997,10.302177429199219
48,10.33160400390625
48.020000000000003,10.409378051757812
48.039999999999999,10.524978637695312
48.060000000000002,10.609054565429688
48.079999999999998,10.577529907226562
48.100000000000001,10.474533081054688
48.119999999999997,10.445106506347656
48.140000000000001,10.464027404785156
48.159999999999997,10.520774841308594
48.18,10.527084350585938
48.200000000000003,10.455619812011719
48.219999999999999,10.413581848144531
48.240000000000002,10.421989440917969
48.259999999999998,10.478736877441406
48.280000000000001,10.537590026855469
48.299999999999997,10.590141296386719
48.32,10.615364074707031
48.340000000000003,10.613258361816406
48.359999999999999,10.644790649414062
48.380000000000003,10.730964660644531
48.399999999999999,10.812942504882812
48.420000000000002,10.783515930175781
48.439999999999998,10.695236206054688
48.460000000000001,10.53338623046875
48.479999999999997,10.377845764160156
48.5,10.304283142089844
48.520000000000003,10.295875549316406
48.539999999999999,10.279060363769531
48.560000000000002,10.279060363769531
48.579999999999998,10.300079345703125
48.600000000000001,10.325302124023438
48.619999999999997,10.333709716796875
48.640000000000001,10.306381225585938
48.659999999999997,10.321098327636719
48.68,10.39886474609375
48.700000000000003,10.451416015625
48.719999999999999,10.457717895507812
48.740000000000002,10.470329284667969
48.759999999999998,10.53338623046875
48.780000000000001,10.615364074707031
48.799999999999997,10.651092529296875
48.82,10.678421020507812
48.840000000000003,10.684722900390625
48.859999999999999,10.722557067871094
48.880000000000003,10.716255187988281
48.899999999999999,10.657402038574219
48.920000000000002,10.506065368652344
48.939999999999998,10.46612548828125
48.960000000000001,10.474533081054688
48.979999999999997,10.426193237304688
49,10.327400207519531
49.020000000000003,10.241226196289062
49.039999999999999,10.125617980957031
49.060000000000002,9.492950439453125
49.079999999999998,9.0977935791015625
49.100000000000001,8.6732101440429688
49.119999999999997,8.397857666015625
49.140000000000001,8.1918716430664062
49.159999999999997,7.672698974609375
49.18,6.8781814575195312
49.200000000000003,5.8671722412109375
49.219999999999999,4.833038330078125
49.240000000000002,3.8640594482421875
49.259999999999998,2.9686508178710938
49.280000000000001,2.1615219116210938
49.299999999999997,1.45318603515625
49.32,0.93401336669921875
49.340000000000003,0.58089447021484375
49.359999999999999,0.18994140625
49.380000000000003,-0.06649017333984375
49.399999999999999,-0.20311737060546875
49.420000000000002,-0.2724761962890625
49.439999999999998,-0.2808837890625
49.460000000000001,-0.30400848388671875
49.479999999999997,-0.45534515380859375
49.5,-0.5247039794921875
49.520000000000003,-0.55413055419921875
49.539999999999999,-0.56253814697265625
49.560000000000002,-0.57094573974609375
49.579999999999998,-0.566741943359375
49.600000000000001,-0.5751495361328125
49.619999999999997,-0.57305145263671875
49.640000000000001,-0.57094573974609375
49.659999999999997,-0.56464385986328125
49.68,-0.5604400634765625
49.700000000000003,-0.56464385986328125
49.719999999999999,-0.5751495361328125
49.740000000000002,-0.566741943359375
49.759999999999998,-0.57094573974609375
49.780000000000001,-0.57305145263671875
49.799999999999997,-0.5751495361328125
49.82,-0.57305145263671875
49.840000000000003,-0.57305145263671875
49.859999999999999,-0.57305145263671875
49.880000000000003,-0.56884765625
49.899999999999999,-0.56464385986328125
49.920000000000002,-0.5583343505859375
49.939999999999998,-0.5583343505859375
49.960000000000001,-0.55413055419921875
49.979999999999997,-0.56253814697265625
50,-0.55623626708984375
50.020000000000003,-0.5499267578125
50.039999999999999,-0.54572296142578125
50.060000000000002,-0.53942108154296875
50.079999999999998,-0.53942108154296875
