-5863,2.72,-10517,3.07,652,3,2741,16_46_18_10_03_2025,0.05,9.69,0.09,0.54,0.32,1.04
-5647,2.70,-10448,3.06,651,3,3073,16_46_18_10_03_2025,0.06,9.70,0.07,0.01,-0.01,-0.01
-5560,2.69,-10584,3.07,651,3,3111,16_46_19_10_03_2025,0.06,9.69,0.06,0.01,-0.01,-0.01
-5634,2.70,-10519,3.07,651,3,3149,16_46_19_10_03_2025,0.06,9.70,0.07,0.00,-0.01,-0.01
-5719,2.71,-10493,3.07,651,3,3186,16_46_19_10_03_2025,0.06,9.69,0.07,0.00,-0.01,-0.01
-5622,2.70,-10536,3.07,651,3,3224,16_46_19_10_03_2025,0.06,9.70,0.08,0.00,-0.01,-0.01
-5627,2.70,-10502,3.07,651,3,3265,16_46_19_10_03_2025,0.06,9.70,0.07,0.01,-0.01,-0.01
-5663,2.70,-10390,3.06,651,3,3302,16_46_19_10_03_2025,0.06,9.70,0.08,0.01,-0.01,-0.01
-5711,2.71,-10569,3.07,651,3,3339,16_46_19_10_03_2025,0.07,9.68,0.06,0.01,-0.01,-0.01
-5674,2.70,-10454,3.06,651,3,3377,16_46_19_10_03_2025,0.06,9.70,0.07,0.01,-0.01,-0.01
-5583,2.70,-10384,3.06,651,3,3415,16_46_19_10_03_2025,0.06,9.71,0.07,0.00,-0.01,-0.01
-5678,2.70,-10479,3.07,651,3,3453,16_46_19_10_03_2025,0.06,9.69,0.08,0.01,-0.01,-0.01
-5733,2.71,-10496,3.07,651,3,3501,16_46_19_10_03_2025,0.06,9.71,0.08,0.00,-0.01,-0.01
-5589,2.70,-10568,3.07,651,3,3541,16_46_19_10_03_2025,0.06,9.69,0.08,0.00,-0.01,-0.01
-5739,2.71,-10487,3.07,651,3,3580,16_46_19_10_03_2025,0.06,9.70,0.08,0.01,-0.01,-0.01
-5594,2.70,-10426,3.06,651,3,3620,16_46_19_10_03_2025,0.06,9.70,0.08,0.01,-0.01,-0.01
-5831,2.71,-10418,3.06,650,3,3659,16_46_19_10_03_2025,0.05,9.71,0.08,0.01,-0.01,-0.01
-5620,2.70,-10289,3.05,651,3,3699,16_46_19_10_03_2025,0.06,9.70,0.08,0.00,-0.01,-0.01
-5503,2.69,-10196,3.05,651,3,3742,16_46_19_10_03_2025,0.06,9.70,0.08,0.00,-0.01,-0.01
-5704,2.70,-10385,3.06,651,3,3781,16_46_19_10_03_2025,0.06,9.70,0.08,0.01,-0.01,-0.01
-5492,2.69,-10338,3.06,650,3,3820,16_46_19_10_03_2025,0.06,9.70,0.08,0.01,-0.01,-0.01
-5650,2.70,-10424,3.06,651,3,3861,16_46_19_10_03_2025,0.07,9.69,0.08,0.00,-0.01,-0.01
-5625,2.70,-10532,3.07,651,3,3900,16_46_19_10_03_2025,0.06,9.70,0.09,0.01,-0.01,-0.01
-5580,2.70,-10519,3.07,652,3,3939,16_46_19_10_03_2025,0.06,9.71,0.09,0.00,-0.01,-0.01
-5687,2.70,-10386,3.06,651,3,3989,16_46_19_10_03_2025,0.06,9.69,0.08,0.01,-0.01,-0.01
-5704,2.70,-10302,3.05,651,3,4029,16_46_19_10_03_2025,0.06,9.71,0.07,0.00,-0.01,-0.01
-5567,2.69,-10324,3.05,650,3,4069,16_46_19_10_03_2025,0.06,9.69,0.08,0.00,-0.01,-0.01
-5567,2.69,-10462,3.07,651,3,4109,16_46_20_10_03_2025,0.06,9.69,0.08,0.00,-0.01,-0.01
-5687,2.70,-10437,3.06,651,3,4151,16_46_20_10_03_2025,0.06,9.70,0.09,0.01,-0.01,-0.01
-5630,2.70,-10144,3.04,651,3,4191,16_46_20_10_03_2025,0.06,9.70,0.08,0.00,-0.01,-0.01
-5743,2.71,-10525,3.07,651,3,4233,16_46_20_10_03_2025,0.05,9.69,0.09,0.01,-0.01,-0.01
-5761,2.71,-10224,3.05,652,3,4273,16_46_20_10_03_2025,0.05,9.71,0.07,0.00,-0.01,-0.01
-5768,2.71,-10129,3.04,651,3,4313,16_46_20_10_03_2025,0.06,9.70,0.09,0.00,-0.01,-0.01
-5635,2.70,-10358,3.06,652,3,4353,16_46_20_10_03_2025,0.07,9.70,0.07,0.00,-0.01,-0.01
-5708,2.71,-10329,3.06,651,3,4392,16_46_20_10_03_2025,0.06,9.70,0.08,0.01,-0.01,-0.01
-5641,2.70,-10348,3.06,651,3,4432,16_46_20_10_03_2025,0.06,9.71,0.08,0.00,-0.01,-0.01
-5824,2.71,-10229,3.05,651,3,4482,16_46_20_10_03_2025,0.06,9.70,0.08,0.01,-0.01,-0.01
-5698,2.70,-10464,3.07,651,3,4523,16_46_20_10_03_2025,0.05,9.70,0.08,0.00,-0.01,-0.01
-5693,2.70,-10401,3.06,651,3,4562,16_46_20_10_03_2025,0.05,9.71,0.08,0.01,-0.01,-0.01
-5601,2.70,-10180,3.04,651,3,4601,16_46_20_10_03_2025,0.06,9.71,0.08,0.01,-0.01,-0.01
-5516,2.69,-10085,3.04,651,3,4642,16_46_20_10_03_2025,0.06,9.70,0.08,0.01,-0.01,-0.01
-5620,2.70,-10463,3.07,651,3,4686,16_46_20_10_03_2025,0.06,9.71,0.09,0.01,-0.01,-0.01
-5631,2.70,-10301,3.05,651,3,4729,16_46_20_10_03_2025,0.05,9.71,0.07,0.01,-0.01,-0.01
-5859,2.72,-10234,3.05,651,3,4769,16_46_20_10_03_2025,0.05,9.68,0.09,0.00,-0.01,-0.01
-5619,2.70,-10355,3.06,651,3,4808,16_46_20_10_03_2025,0.06,9.70,0.08,0.01,-0.01,-0.01
-5626,2.70,-10183,3.04,651,3,4849,16_46_20_10_03_2025,0.05,9.72,0.08,0.01,-0.01,-0.01
-5705,2.70,-10397,3.06,651,3,4889,16_46_20_10_03_2025,0.06,9.70,0.09,0.00,-0.01,-0.01
-5549,2.69,-10291,3.05,652,3,4929,16_46_20_10_03_2025,0.05,9.69,0.07,0.01,-0.01,-0.01
-5789,2.71,-10276,3.05,651,3,4979,16_46_20_10_03_2025,0.06,9.71,0.08,0.01,-0.01,-0.01
-5751,2.71,-10284,3.05,651,3,5019,16_46_20_10_03_2025,0.06,9.69,0.09,0.00,-0.01,-0.01
-5721,2.71,-10258,3.05,652,3,5059,16_46_20_10_03_2025,0.06,9.70,0.09,0.00,-0.01,-0.01
-5671,2.70,-10447,3.06,651,3,5099,16_46_21_10_03_2025,0.06,9.71,0.08,0.01,-0.01,-0.01
-5494,2.69,-10343,3.06,651,3,5139,16_46_21_10_03_2025,0.07,9.69,0.08,0.01,-0.01,-0.01
-5700,2.70,-10286,3.05,651,3,5182,16_46_21_10_03_2025,0.06,9.70,0.09,0.01,-0.01,-0.01
-5533,2.69,-10496,3.07,651,3,5221,16_46_21_10_03_2025,0.06,9.70,0.08,0.01,-0.01,-0.01
-5545,2.69,-10333,3.06,651,3,5262,16_46_21_10_03_2025,0.06,9.70,0.09,0.01,-0.01,-0.01
-5678,2.70,-10288,3.05,652,3,5303,16_46_21_10_03_2025,0.05,9.69,0.09,0.00,-0.01,-0.01
-5588,2.70,-10206,3.05,651,3,5342,16_46_21_10_03_2025,0.06,9.71,0.08,0.00,-0.01,-0.01
-5656,2.70,-10237,3.05,651,3,5381,16_46_21_10_03_2025,0.05,9.70,0.08,0.00,-0.01,-0.01
-5772,2.71,-10274,3.05,651,3,5432,16_46_21_10_03_2025,0.06,9.70,0.08,0.00,-0.01,-0.01
-5686,2.70,-10363,3.06,652,3,5472,16_46_21_10_03_2025,0.06,9.69,0.08,0.01,-0.01,-0.01
-5655,2.70,-10170,3.04,651,3,5512,16_46_21_10_03_2025,0.06,9.70,0.08,0.00,-0.01,-0.01
-5810,2.71,-10205,3.05,651,3,5551,16_46_21_10_03_2025,0.06,9.69,0.08,0.00,-0.01,-0.01
-5611,2.70,-10313,3.05,651,3,5591,16_46_21_10_03_2025,0.06,9.69,0.09,0.01,-0.01,-0.01
-5666,2.70,-10361,3.06,651,3,5632,16_46_21_10_03_2025,0.06,9.70,0.08,0.00,-0.01,-0.01
-5705,2.70,-10269,3.05,650,3,5675,16_46_21_10_03_2025,0.06,9.69,0.09,0.00,-0.01,-0.01
-5660,2.70,-10341,3.06,651,3,5715,16_46_21_10_03_2025,0.07,9.71,0.10,0.01,-0.01,-0.01
-5754,2.71,-10371,3.06,651,3,5756,16_46_21_10_03_2025,0.06,9.70,0.08,0.01,-0.01,-0.01
-5515,2.69,-10250,3.05,651,3,5796,16_46_21_10_03_2025,0.06,9.70,0.08,0.01,-0.01,-0.01
-5603,2.70,-10228,3.05,651,3,5837,16_46_21_10_03_2025,0.06,9.71,0.09,0.01,-0.01,-0.01
-5544,2.69,-10383,3.06,651,3,5878,16_46_21_10_03_2025,0.06,9.69,0.08,0.00,-0.01,-0.01
-5563,2.69,-10480,3.07,651,3,5930,16_46_21_10_03_2025,0.05,9.70,0.09,0.00,-0.01,-0.01
-5567,2.69,-10372,3.06,651,3,5970,16_46_21_10_03_2025,0.06,9.70,0.08,0.01,-0.01,-0.01
-5690,2.70,-10351,3.06,651,3,6010,16_46_21_10_03_2025,0.06,9.71,0.09,0.01,-0.01,-0.01
-5602,2.70,-10350,3.06,651,3,6051,16_46_21_10_03_2025,0.05,9.71,0.08,0.01,-0.01,-0.01
-5644,2.70,-10314,3.05,651,3,6091,16_46_22_10_03_2025,0.06,9.68,0.08,0.01,-0.01,-0.01
-5604,2.70,-10270,3.05,650,3,6131,16_46_22_10_03_2025,0.05,9.70,0.09,0.00,-0.01,-0.01
-5661,2.70,-10270,3.05,651,3,6174,16_46_22_10_03_2025,0.06,9.71,0.08,0.00,-0.01,-0.01
-5750,2.71,-10187,3.04,651,3,6215,16_46_22_10_03_2025,0.06,9.69,0.09,0.01,-0.01,-0.01
-5594,2.70,-10293,3.05,651,3,6255,16_46_22_10_03_2025,0.05,9.70,0.09,0.01,-0.01,-0.01
-5576,2.70,-10400,3.06,650,3,6296,16_46_22_10_03_2025,0.05,9.71,0.08,0.00,-0.01,-0.01
-5530,2.69,-10293,3.05,649,3,6336,16_46_22_10_03_2025,0.07,9.69,0.08,0.01,-0.01,-0.01
-5679,2.70,-10259,3.05,651,3,6378,16_46_22_10_03_2025,0.06,9.71,0.09,0.00,-0.01,-0.01
-5588,2.70,-10282,3.05,651,3,6429,16_46_22_10_03_2025,0.06,9.69,0.08,0.01,-0.01,-0.01
-5609,2.70,-10323,3.05,652,3,6470,16_46_22_10_03_2025,0.06,9.69,0.08,0.00,-0.01,-0.01
-5594,2.70,-10081,3.04,651,3,6510,16_46_22_10_03_2025,0.05,9.71,0.08,0.01,-0.01,-0.01
-5600,2.70,-10324,3.05,651,3,6550,16_46_22_10_03_2025,0.06,9.70,0.09,0.01,-0.01,-0.01
-5596,2.70,-10312,3.05,651,3,6591,16_46_22_10_03_2025,0.06,9.70,0.09,0.00,-0.01,-0.01
-5587,2.70,-10277,3.05,651,3,6631,16_46_22_10_03_2025,0.06,9.70,0.08,0.01,-0.01,-0.01
-5671,2.70,-10402,3.06,651,3,6673,16_46_22_10_03_2025,0.06,9.70,0.08,0.00,-0.01,-0.01
-5443,2.69,-10182,3.04,651,3,6715,16_46_22_10_03_2025,0.05,9.70,0.07,0.01,-0.01,-0.01
-5704,2.70,-10257,3.05,651,3,6754,16_46_22_10_03_2025,0.06,9.71,0.08,0.00,-0.01,-0.01
-5587,2.70,-10118,3.04,651,3,6795,16_46_22_10_03_2025,0.06,9.71,0.08,0.00,-0.01,-0.01
-5701,2.70,-10364,3.06,651,3,6835,16_46_22_10_03_2025,0.05,9.70,0.09,0.01,-0.01,-0.00
-5625,2.70,-10217,3.05,651,3,6875,16_46_22_10_03_2025,0.06,9.70,0.08,0.00,-0.01,-0.01
-5652,2.70,-10241,3.05,651,3,6927,16_46_22_10_03_2025,0.06,9.70,0.07,0.01,-0.01,-0.01
-5637,2.70,-10207,3.05,651,3,6966,16_46_22_10_03_2025,0.06,9.70,0.08,0.00,-0.01,-0.01
-5585,2.70,-10279,3.05,651,3,7008,16_46_22_10_03_2025,0.05,9.70,0.09,0.00,-0.01,-0.01
-5787,2.71,-10166,3.04,651,3,7048,16_46_22_10_03_2025,0.06,9.70,0.08,0.01,-0.01,-0.01
-5556,2.69,-10141,3.04,651,3,7088,16_46_23_10_03_2025,0.06,9.70,0.08,0.00,-0.01,-0.01
-5708,2.71,-10251,3.05,651,3,7129,16_46_23_10_03_2025,0.05,9.70,0.09,0.00,-0.01,-0.01
-5614,2.70,-10412,3.06,650,3,7172,16_46_23_10_03_2025,0.06,9.71,0.09,0.00,-0.01,-0.01
-5431,2.68,-10180,3.04,651,3,7212,16_46_23_10_03_2025,0.06,9.70,0.08,0.00,-0.01,-0.01
-5603,2.70,-10330,3.06,651,3,7252,16_46_23_10_03_2025,0.06,9.71,0.09,0.01,-0.01,-0.01
-5641,2.70,-10384,3.06,651,3,7292,16_46_23_10_03_2025,0.06,9.70,0.08,0.00,-0.01,-0.01
-5576,2.70,-10301,3.05,651,3,7332,16_46_23_10_03_2025,0.06,9.70,0.08,0.01,-0.01,-0.01
-5465,2.69,-10214,3.05,652,3,7383,16_46_23_10_03_2025,0.07,9.69,0.09,0.01,-0.01,-0.01
-5798,2.71,-10313,3.05,651,3,7424,16_46_23_10_03_2025,0.06,9.71,0.09,0.00,-0.01,-0.01
-5514,2.69,-10362,3.06,651,3,7465,16_46_23_10_03_2025,0.05,9.70,0.08,0.01,-0.01,-0.01
-5645,2.70,-10420,3.06,651,3,7505,16_46_23_10_03_2025,0.05,9.69,0.08,0.00,-0.01,-0.01
-5528,2.69,-10325,3.05,651,3,7546,16_46_23_10_03_2025,0.06,9.70,0.09,0.00,-0.01,-0.01
-5605,2.70,-10256,3.05,651,3,7586,16_46_23_10_03_2025,0.05,9.70,0.09,0.00,-0.01,-0.01
-5526,2.69,-10410,3.06,651,3,7629,16_46_23_10_03_2025,0.07,9.69,0.09,0.01,-0.01,-0.01
-5488,2.69,-10210,3.05,651,3,7670,16_46_23_10_03_2025,0.05,9.70,0.10,0.01,-0.01,-0.01
-5758,2.71,-10194,3.05,651,3,7710,16_46_23_10_03_2025,0.06,9.70,0.09,0.00,-0.01,-0.01
-5660,2.70,-10412,3.06,651,3,7750,16_46_23_10_03_2025,0.06,9.69,0.08,0.01,-0.01,-0.01
-5630,2.70,-10238,3.05,651,3,7791,16_46_23_10_03_2025,0.06,9.70,0.09,0.01,-0.01,-0.01
-5561,2.69,-10369,3.06,651,3,7831,16_46_23_10_03_2025,0.06,9.70,0.09,0.01,-0.01,-0.01
-5526,2.69,-10200,3.05,651,3,7882,16_46_23_10_03_2025,0.06,9.69,0.09,0.00,-0.01,-0.01
-5502,2.69,-10219,3.05,651,3,7922,16_46_23_10_03_2025,0.06,9.71,0.08,0.01,-0.01,-0.01
-5685,2.70,-10203,3.05,651,3,7962,16_46_23_10_03_2025,0.06,9.71,0.08,0.01,-0.01,-0.01
-5597,2.70,-10138,3.04,651,3,8003,16_46_23_10_03_2025,0.06,9.70,0.08,0.01,-0.01,-0.01
-5637,2.70,-10326,3.06,651,3,8043,16_46_23_10_03_2025,0.06,9.70,0.09,0.01,-0.01,-0.01
-5525,2.69,-10398,3.06,650,3,8082,16_46_24_10_03_2025,0.06,9.70,0.10,0.01,-0.01,-0.01
-5678,2.70,-10337,3.06,651,3,8126,16_46_24_10_03_2025,0.06,9.70,0.08,0.01,-0.01,-0.01
-5542,2.69,-10281,3.05,652,3,8166,16_46_24_10_03_2025,0.05,9.70,0.09,0.01,-0.01,-0.01
-5572,2.69,-10272,3.05,651,3,8207,16_46_24_10_03_2025,0.06,9.70,0.08,0.01,-0.01,-0.01
-5504,2.69,-10099,3.04,651,3,8247,16_46_24_10_03_2025,0.06,9.70,0.09,0.00,-0.01,-0.01
-5653,2.70,-10449,3.06,651,3,8288,16_46_24_10_03_2025,0.06,9.70,0.09,0.00,-0.01,-0.01
-5549,2.69,-10202,3.05,650,3,8329,16_46_24_10_03_2025,0.05,9.71,0.08,0.00,-0.01,-0.01
-5484,2.69,-10075,3.04,651,3,8379,16_46_24_10_03_2025,0.06,9.70,0.09,0.01,-0.01,-0.01
-5613,2.70,-10338,3.06,651,3,8420,16_46_24_10_03_2025,0.05,9.70,0.09,0.00,-0.01,-0.01
-5587,2.70,-10117,3.04,651,3,8460,16_46_24_10_03_2025,0.06,9.71,0.09,0.01,-0.01,-0.01
-5485,2.69,-10155,3.04,651,3,8500,16_46_24_10_03_2025,0.06,9.69,0.08,0.01,-0.01,-0.01
-5585,2.70,-10185,3.04,651,3,8543,16_46_24_10_03_2025,0.06,9.70,0.09,0.01,-0.01,-0.01
-5728,2.71,-10276,3.05,651,3,8583,16_46_24_10_03_2025,0.06,9.69,0.09,0.01,-0.01,-0.01
-5583,2.70,-10110,3.04,651,3,8626,16_46_24_10_03_2025,0.06,9.70,0.09,0.00,-0.01,-0.01
-5626,2.70,-10134,3.04,650,3,8667,16_46_24_10_03_2025,0.06,9.70,0.08,0.01,-0.01,-0.01
-5506,2.69,-10297,3.05,651,3,8707,16_46_24_10_03_2025,0.06,9.71,0.09,0.00,-0.01,-0.01
-5547,2.69,-10208,3.05,651,3,8747,16_46_24_10_03_2025,0.06,9.71,0.09,0.00,-0.01,-0.01
-5570,2.69,-10183,3.04,651,3,8789,16_46_24_10_03_2025,0.06,9.69,0.09,0.00,-0.01,-0.01
-5725,2.71,-10375,3.06,651,3,8828,16_46_24_10_03_2025,0.05,9.70,0.09,0.00,-0.01,-0.01
-5484,2.69,-10207,3.05,651,3,8880,16_46_24_10_03_2025,0.05,9.71,0.08,0.00,-0.01,-0.01
-5732,2.71,-10187,3.04,651,3,8920,16_46_24_10_03_2025,0.05,9.71,0.10,0.01,-0.01,-0.01
-5530,2.69,-10229,3.05,652,3,8961,16_46_24_10_03_2025,0.06,9.69,0.08,0.00,-0.01,-0.01
-5491,2.69,-10344,3.06,651,3,9001,16_46_24_10_03_2025,0.06,9.70,0.10,0.01,-0.01,-0.01
-5521,2.69,-10431,3.06,651,3,9040,16_46_24_10_03_2025,0.05,9.70,0.09,0.01,-0.01,-0.01
-5467,2.69,-10069,3.04,651,3,9082,16_46_25_10_03_2025,0.06,9.70,0.09,0.00,-0.01,-0.01
-5486,2.69,-10321,3.05,651,3,9124,16_46_25_10_03_2025,0.06,9.70,0.10,0.00,-0.01,-0.01
-5615,2.70,-10266,3.05,651,3,9164,16_46_25_10_03_2025,0.06,9.70,0.09,0.00,-0.01,-0.01
-5537,2.69,-10233,3.05,650,3,9205,16_46_25_10_03_2025,0.06,9.70,0.09,0.01,-0.01,-0.01
-5566,2.69,-10226,3.05,651,3,9245,16_46_25_10_03_2025,0.06,9.69,0.09,0.01,-0.01,-0.01
-5722,2.71,-10274,3.05,651,3,9286,16_46_25_10_03_2025,0.06,9.70,0.09,0.00,-0.01,-0.01
-5625,2.70,-10075,3.04,651,3,9326,16_46_25_10_03_2025,0.06,9.69,0.08,0.01,-0.01,-0.01
-5597,2.70,-10275,3.05,651,3,9378,16_46_25_10_03_2025,0.06,9.70,0.09,0.01,-0.01,-0.01
-5875,2.72,-10266,3.05,651,3,9419,16_46_25_10_03_2025,0.05,9.70,0.09,0.00,-0.01,-0.01
-5581,2.70,-10273,3.05,651,3,9459,16_46_25_10_03_2025,0.06,9.69,0.09,0.01,-0.01,-0.01
-5634,2.70,-10313,3.05,650,3,9499,16_46_25_10_03_2025,0.05,9.70,0.08,0.01,-0.01,-0.01
-5453,2.69,-10174,3.04,651,3,9540,16_46_25_10_03_2025,0.06,9.70,0.10,0.00,-0.01,-0.01
-5564,2.69,-10229,3.05,651,3,9582,16_46_25_10_03_2025,0.06,9.69,0.09,0.01,-0.01,-0.01
-5657,2.70,-10270,3.05,651,3,9623,16_46_25_10_03_2025,0.05,9.69,0.09,0.00,-0.01,-0.01
-5625,2.70,-10340,3.06,651,3,9666,16_46_25_10_03_2025,0.06,9.70,0.09,0.00,-0.01,-0.01
-5535,2.69,-10351,3.06,651,3,9707,16_46_25_10_03_2025,0.06,9.70,0.09,0.01,-0.01,-0.01
-5507,2.69,-10357,3.06,651,3,9747,16_46_25_10_03_2025,0.05,9.71,0.08,0.00,-0.01,-0.01
-5598,2.70,-10094,3.04,651,3,9787,16_46_25_10_03_2025,0.06,9.70,0.09,0.00,-0.01,-0.01
-5692,2.70,-10362,3.06,651,3,9838,16_46_25_10_03_2025,0.05,9.69,0.08,0.01,-0.01,-0.01
-5599,2.70,-10162,3.04,651,3,9878,16_46_25_10_03_2025,0.06,9.71,0.09,0.00,-0.01,-0.01
-5696,2.70,-10306,3.05,651,3,9919,16_46_25_10_03_2025,0.06,9.70,0.09,0.01,-0.01,-0.01
-5582,2.70,-10227,3.05,650,3,9959,16_46_25_10_03_2025,0.05,9.71,0.09,0.00,-0.01,-0.01
-5630,2.70,-10343,3.06,651,3,9999,16_46_25_10_03_2025,0.06,9.70,0.08,0.01,-0.01,-0.01
-5613,2.70,-10221,3.05,651,3,10040,16_46_25_10_03_2025,0.06,9.71,0.09,0.00,-0.01,-0.01
-5538,2.69,-10360,3.06,652,3,10082,16_46_26_10_03_2025,0.06,9.72,0.07,0.01,-0.01,-0.01
-5542,2.69,-10320,3.05,651,3,10123,16_46_26_10_03_2025,0.05,9.70,0.08,0.00,-0.01,-0.01
-5593,2.70,-10180,3.04,651,3,10164,16_46_26_10_03_2025,0.06,9.69,0.08,0.01,-0.01,-0.01
-5663,2.70,-10260,3.05,651,3,10204,16_46_26_10_03_2025,0.05,9.71,0.10,0.00,-0.01,-0.01
-5648,2.70,-10339,3.06,651,3,10243,16_46_26_10_03_2025,0.06,9.71,0.08,0.01,-0.01,-0.01
-5647,2.70,-10133,3.04,652,3,10284,16_46_26_10_03_2025,0.05,9.69,0.08,0.01,-0.01,-0.01
-5631,2.70,-10345,3.06,651,3,10335,16_46_26_10_03_2025,0.06,9.70,0.09,0.00,-0.01,-0.01
-5463,2.69,-10317,3.05,651,3,10376,16_46_26_10_03_2025,0.06,9.71,0.09,0.00,-0.01,-0.01
-5528,2.69,-10341,3.06,651,3,10416,16_46_26_10_03_2025,0.05,9.70,0.08,0.00,-0.01,-0.01
-5656,2.70,-10228,3.05,651,3,10457,16_46_26_10_03_2025,0.06,9.70,0.08,0.01,-0.01,-0.01
-5657,2.70,-10410,3.06,651,3,10498,16_46_26_10_03_2025,0.07,9.70,0.08,0.01,-0.01,-0.01
-5601,2.70,-10281,3.05,651,3,10538,16_46_26_10_03_2025,0.06,9.70,0.09,0.01,-0.01,-0.01
-5382,2.68,-10278,3.05,651,3,10581,16_46_26_10_03_2025,0.06,9.70,0.08,0.00,-0.01,-0.01
-5555,2.69,-10233,3.05,650,3,10621,16_46_26_10_03_2025,0.06,9.70,0.10,0.00,-0.01,-0.01
-5597,2.70,-10287,3.05,651,3,10662,16_46_26_10_03_2025,0.06,9.69,0.09,0.01,-0.01,-0.01
-5542,2.69,-10308,3.05,651,3,10703,16_46_26_10_03_2025,0.06,9.71,0.08,0.01,-0.01,-0.01
-5603,2.70,-10308,3.05,651,3,10742,16_46_26_10_03_2025,0.06,9.71,0.09,0.00,-0.01,-0.01
-5612,2.70,-10261,3.05,651,3,10784,16_46_26_10_03_2025,0.06,9.67,0.10,0.00,-0.01,-0.01
-5685,2.70,-10334,3.06,650,3,10835,16_46_26_10_03_2025,0.06,9.72,0.08,0.01,-0.01,-0.01
-5586,2.70,-10167,3.04,651,3,10875,16_46_26_10_03_2025,0.06,9.69,0.08,0.01,-0.01,-0.01
-5468,2.69,-10294,3.05,651,3,10916,16_46_26_10_03_2025,0.06,9.69,0.08,0.00,-0.01,-0.01
-5435,2.68,-10197,3.05,651,3,10956,16_46_26_10_03_2025,0.05,9.71,0.09,0.01,-0.01,-0.01
-5636,2.70,-10328,3.06,651,3,10997,16_46_26_10_03_2025,0.06,9.70,0.09,0.01,-0.01,-0.01
-5699,2.70,-10164,3.04,651,3,11040,16_46_26_10_03_2025,0.07,9.70,0.09,0.00,-0.01,-0.01
-5547,2.69,-10084,3.04,651,3,11080,16_46_27_10_03_2025,0.05,9.71,0.09,0.00,-0.01,-0.01
-5583,2.70,-10198,3.05,651,3,11120,16_46_27_10_03_2025,0.06,9.70,0.09,0.01,-0.01,-0.01
-5511,2.69,-10295,3.05,651,3,11160,16_46_27_10_03_2025,0.05,9.70,0.08,0.01,-0.01,-0.01
-5521,2.69,-10375,3.06,651,3,11200,16_46_27_10_03_2025,0.05,9.71,0.08,0.01,-0.01,-0.01
-5588,2.70,-10236,3.05,651,3,11241,16_46_27_10_03_2025,0.06,9.68,0.09,0.00,-0.01,-0.01
-5713,2.71,-10308,3.05,651,3,11291,16_46_27_10_03_2025,0.06,9.70,0.08,0.00,-0.01,-0.01
-5693,2.70,-10063,3.04,651,3,11332,16_46_27_10_03_2025,0.05,9.70,0.09,0.00,-0.01,-0.01
-5585,2.70,-10292,3.05,651,3,11372,16_46_27_10_03_2025,0.06,9.69,0.09,0.00,-0.01,-0.01
-5580,2.70,-10407,3.06,651,3,11412,16_46_27_10_03_2025,0.06,9.71,0.09,0.01,-0.01,-0.01
-5710,2.71,-10148,3.04,651,3,11453,16_46_27_10_03_2025,0.06,9.71,0.09,0.01,-0.01,-0.01
-5578,2.70,-10249,3.05,651,3,11492,16_46_27_10_03_2025,0.06,9.68,0.09,0.00,-0.01,-0.01
-5545,2.69,-10274,3.05,652,3,11536,16_46_27_10_03_2025,0.06,9.69,0.09,0.00,-0.01,-0.01
-5648,2.70,-10241,3.05,651,3,11576,16_46_27_10_03_2025,0.06,9.71,0.08,0.01,-0.01,-0.01
-5524,2.69,-10163,3.04,651,3,11617,16_46_27_10_03_2025,0.07,9.69,0.09,0.01,-0.01,-0.01
-5603,2.70,-10298,3.05,651,3,11657,16_46_27_10_03_2025,0.06,9.70,0.09,0.01,-0.01,-0.01
-5672,2.70,-10331,3.06,650,3,11698,16_46_27_10_03_2025,0.06,9.70,0.09,0.01,-0.01,-0.01
-5554,2.69,-10218,3.05,651,3,11739,16_46_27_10_03_2025,0.06,9.69,0.09,0.01,-0.01,-0.01
-5601,2.70,-10194,3.05,650,3,11790,16_46_27_10_03_2025,0.06,9.70,0.09,0.00,-0.01,-0.01
-5503,2.69,-10285,3.05,651,3,11837,16_46_27_10_03_2025,0.06,9.71,0.09,0.00,-0.01,-0.01
-5762,2.71,-10248,3.05,650,3,11878,16_46_27_10_03_2025,0.05,9.70,0.08,0.00,-0.01,-0.01
-5597,2.70,-10340,3.06,651,3,11944,16_46_27_10_03_2025,0.06,9.71,0.08,0.00,-0.01,-0.01
-5587,2.70,-10133,3.04,651,3,12035,16_46_27_10_03_2025,0.06,9.69,0.09,0.00,-0.01,-0.01
-5514,2.69,-10183,3.04,651,3,12076,16_46_27_10_03_2025,0.06,9.70,0.08,0.01,-0.01,-0.01
-5483,2.69,-9955,3.03,651,3,12140,16_46_28_10_03_2025,0.06,9.69,0.10,0.01,-0.01,-0.01
-5545,2.69,-10483,3.07,651,3,12180,16_46_28_10_03_2025,0.05,9.70,0.08,0.01,-0.01,-0.01
-5618,2.70,-10155,3.04,651,3,12246,16_46_28_10_03_2025,0.06,9.70,0.08,0.01,-0.01,-0.01
-5515,2.69,-10092,3.04,651,3,12336,16_46_28_10_03_2025,0.06,9.72,0.08,0.01,-0.01,-0.01
-5677,2.70,-10396,3.06,651,3,12377,16_46_28_10_03_2025,0.06,9.70,0.08,0.00,-0.01,-0.01
-5584,2.70,-10256,3.05,651,3,12442,16_46_28_10_03_2025,0.06,9.71,0.09,0.00,-0.01,-0.01
-5574,2.69,-10032,3.03,650,3,12532,16_46_28_10_03_2025,0.05,9.68,0.08,0.01,-0.01,-0.01
-5477,2.69,-10199,3.05,651,3,12572,16_46_28_10_03_2025,0.06,9.72,0.08,0.01,-0.01,-0.01
-5628,2.70,-10248,3.05,651,3,12638,16_46_28_10_03_2025,0.06,9.69,0.09,0.00,-0.01,-0.01
-5584,2.70,-10317,3.05,651,3,12728,16_46_28_10_03_2025,0.06,9.71,0.08,0.01,-0.01,-0.01
-5418,2.68,-10131,3.04,651,3,12769,16_46_28_10_03_2025,0.06,9.70,0.09,0.00,-0.01,-0.01
-5689,2.70,-10213,3.05,651,3,12834,16_46_28_10_03_2025,0.05,9.71,0.09,0.01,-0.01,-0.01
-5588,2.70,-10207,3.05,651,3,12924,16_46_28_10_03_2025,0.06,9.69,0.09,0.01,-0.01,-0.01
-5449,2.69,-10255,3.05,651,3,12964,16_46_28_10_03_2025,0.06,9.70,0.09,0.01,-0.01,-0.01
-5480,2.69,-10152,3.04,651,3,13031,16_46_28_10_03_2025,0.06,9.70,0.08,0.01,-0.01,-0.01
-5413,2.68,-10099,3.04,651,3,13120,16_46_28_10_03_2025,0.06,9.70,0.09,0.00,-0.01,-0.01
-5438,2.68,-10231,3.05,651,3,13161,16_46_29_10_03_2025,0.06,9.72,0.09,0.00,-0.01,-0.01
-5651,2.70,-10333,3.06,651,3,13227,16_46_29_10_03_2025,0.06,9.71,0.09,0.00,-0.01,-0.01
-5516,2.69,-10158,3.04,651,3,13318,16_46_29_10_03_2025,0.05,9.70,0.09,0.01,-0.01,-0.01
-5483,2.69,-10382,3.06,651,3,13358,16_46_29_10_03_2025,0.06,9.70,0.09,0.00,-0.01,-0.01
-5540,2.69,-10383,3.06,651,3,13423,16_46_29_10_03_2025,0.06,9.70,0.08,0.01,-0.01,-0.01
-5626,2.70,-10246,3.05,651,3,13464,16_46_29_10_03_2025,0.06,9.70,0.09,0.00,-0.01,-0.01
-5532,2.69,-10037,3.03,651,3,13529,16_46_29_10_03_2025,0.06,9.71,0.09,0.01,-0.01,-0.01
-5329,2.68,-10113,3.04,650,3,13619,16_46_29_10_03_2025,0.06,9.69,0.08,0.00,-0.01,-0.01
-5517,2.69,-10431,3.06,651,3,13659,16_46_29_10_03_2025,0.07,9.70,0.09,0.01,-0.01,-0.01
-5521,2.69,-10131,3.04,650,3,13725,16_46_29_10_03_2025,0.06,9.70,0.09,0.00,-0.01,-0.01
-5512,2.69,-10259,3.05,650,3,13815,16_46_29_10_03_2025,0.06,9.70,0.10,0.01,-0.01,-0.01
-5655,2.70,-10165,3.04,651,3,13856,16_46_29_10_03_2025,0.06,9.69,0.08,0.00,-0.01,-0.01
-5516,2.69,-10249,3.05,651,3,13922,16_46_29_10_03_2025,0.06,9.70,0.08,0.00,-0.01,-0.01
-5574,2.69,-10201,3.05,651,3,14012,16_46_29_10_03_2025,0.06,9.70,0.09,0.00,-0.01,-0.01
-5738,2.71,-10275,3.05,651,3,14051,16_46_29_10_03_2025,0.06,9.70,0.08,0.00,-0.01,-0.01
-5473,2.69,-10178,3.04,651,3,14120,16_46_30_10_03_2025,0.07,9.69,0.10,0.00,-0.01,-0.01
-5633,2.70,-10350,3.06,650,3,14208,16_46_30_10_03_2025,0.06,9.71,0.09,0.01,-0.01,-0.01
-5470,2.69,-10257,3.05,651,3,14249,16_46_30_10_03_2025,0.05,9.70,0.08,0.01,-0.01,-0.01
-5537,2.69,-10272,3.05,651,3,14313,16_46_30_10_03_2025,0.06,9.71,0.08,0.01,-0.01,-0.01
-5476,2.69,-10231,3.05,650,3,14403,16_46_30_10_03_2025,0.06,9.70,0.09,0.01,-0.01,-0.01
-5575,2.70,-10402,3.06,651,3,14443,16_46_30_10_03_2025,0.05,9.73,0.09,0.01,-0.01,-0.01
-5645,2.70,-10316,3.05,651,3,14511,16_46_30_10_03_2025,0.05,9.70,0.07,0.01,-0.01,-0.01
-5598,2.70,-10143,3.04,651,3,14601,16_46_30_10_03_2025,0.06,9.71,0.10,0.01,-0.01,-0.01
-5617,2.70,-10441,3.06,651,3,14641,16_46_30_10_03_2025,0.08,9.74,0.16,0.00,-0.01,-0.01
-5578,2.70,-10187,3.04,651,3,14705,16_46_30_10_03_2025,0.06,9.56,0.08,0.00,-0.01,-0.01
-5665,2.70,-10234,3.05,651,3,14746,16_46_30_10_03_2025,0.06,9.71,0.09,0.00,-0.01,-0.01
-5655,2.70,-10245,3.05,651,3,14813,16_46_30_10_03_2025,0.05,9.71,0.09,0.00,-0.01,-0.01
-5657,2.70,-10361,3.06,651,3,14902,16_46_30_10_03_2025,0.06,9.68,0.09,0.00,-0.01,-0.01
-5498,2.69,-10252,3.05,650,3,14942,16_46_30_10_03_2025,0.06,9.72,0.09,0.01,-0.01,-0.01
-5370,2.68,-10206,3.05,651,3,15009,16_46_30_10_03_2025,-0.01,9.74,0.01,0.02,-0.01,-0.01
-5755,2.71,-10219,3.05,651,3,15098,16_46_30_10_03_2025,0.05,9.62,0.11,0.00,-0.01,-0.01
-5602,2.70,-10278,3.05,651,3,15139,16_46_31_10_03_2025,0.06,9.70,0.09,0.01,-0.01,-0.01
-5556,2.69,-10179,3.04,651,3,15206,16_46_31_10_03_2025,0.05,9.70,0.08,0.01,-0.01,-0.01
-5569,2.69,-10259,3.05,651,3,15294,16_46_31_10_03_2025,0.06,9.72,0.09,0.00,-0.01,-0.01
-5458,2.69,-10359,3.06,651,3,15334,16_46_31_10_03_2025,0.06,9.69,0.09,0.00,-0.01,-0.01
-5565,2.69,-10248,3.05,651,3,15401,16_46_31_10_03_2025,0.05,9.69,0.08,0.00,-0.01,-0.01
-5613,2.70,-10273,3.05,651,3,15491,16_46_31_10_03_2025,0.06,9.68,0.09,0.01,-0.01,-0.01
-5504,2.69,-9887,3.02,651,3,15532,16_46_31_10_03_2025,0.05,9.68,0.09,0.00,-0.01,-0.01
-5491,2.69,-10165,3.04,651,3,15597,16_46_31_10_03_2025,0.06,9.67,0.09,0.00,-0.01,-0.01
-5650,2.70,-10208,3.05,650,3,15687,16_46_31_10_03_2025,0.06,9.72,0.09,0.01,-0.01,-0.01
-5143,2.66,-10511,3.07,650,3,15727,16_46_31_10_03_2025,0.06,9.71,0.08,0.00,-0.01,-0.01
-4900,2.64,-10134,3.04,651,3,15792,16_46_31_10_03_2025,0.07,9.68,0.10,0.01,-0.01,-0.01
-5426,2.68,-10560,3.07,651,3,15885,16_46_31_10_03_2025,0.06,9.69,0.09,0.01,-0.01,-0.01
-6675,2.78,-10248,3.05,650,3,15926,16_46_31_10_03_2025,0.06,9.70,0.09,0.01,-0.01,-0.01
-6572,2.77,-10269,3.05,651,3,15989,16_46_31_10_03_2025,0.06,9.71,0.08,0.01,-0.01,-0.01
-6936,2.80,-10006,3.03,651,3,16029,16_46_31_10_03_2025,0.06,9.69,0.08,0.00,-0.01,-0.01
-7102,2.81,-10031,3.03,651,3,16095,16_46_31_10_03_2025,0.06,9.68,0.10,0.00,-0.01,-0.01
-5460,2.69,-10132,3.04,651,3,16186,16_46_32_10_03_2025,0.05,9.70,0.09,0.00,-0.01,-0.01
-5061,2.66,-10222,3.05,651,3,16237,16_46_32_10_03_2025,0.06,9.71,0.09,0.00,-0.01,-0.01
-5169,2.66,-10538,3.07,651,3,16291,16_46_32_10_03_2025,0.06,9.71,0.08,0.01,-0.01,-0.01
-5148,2.66,-9844,3.02,651,3,16381,16_46_32_10_03_2025,0.07,9.71,0.08,0.00,-0.01,-0.01
-5489,2.69,-9426,2.99,651,3,16421,16_46_32_10_03_2025,0.05,9.71,0.10,0.00,-0.01,-0.01
-5496,2.69,-9737,3.01,652,3,16489,16_46_32_10_03_2025,0.05,9.66,0.09,0.00,-0.01,-0.01
-4389,2.61,-9071,2.96,651,3,16578,16_46_32_10_03_2025,0.06,9.70,0.08,0.00,-0.01,-0.01
-2140,2.43,-9540,3.00,651,3,16621,16_46_32_10_03_2025,0.05,9.69,0.11,0.00,-0.01,-0.01
-4003,2.58,-9488,2.99,651,3,16684,16_46_32_10_03_2025,0.06,9.70,0.09,0.00,-0.01,-0.01
-3707,2.55,-8963,2.95,651,3,16774,16_46_32_10_03_2025,0.05,9.71,0.09,0.01,-0.01,-0.01
-3694,2.55,-8999,2.95,651,3,16813,16_46_32_10_03_2025,0.07,9.70,0.08,0.01,-0.01,-0.01
-3111,2.51,-8940,2.95,650,3,16881,16_46_32_10_03_2025,0.06,9.70,0.10,0.00,-0.01,-0.01
-1673,2.40,-9396,2.98,651,3,16970,16_46_32_10_03_2025,0.06,9.69,0.09,0.00,-0.01,-0.01
4148,1.96,-9668,3.01,651,3,17010,16_46_32_10_03_2025,0.06,9.71,0.09,0.00,-0.01,-0.01
3542,2.00,-9993,3.03,651,3,17075,16_46_32_10_03_2025,0.06,9.71,0.09,0.01,-0.01,-0.01
-596,2.32,-9772,3.01,651,3,17167,16_46_33_10_03_2025,0.06,9.71,0.10,0.01,-0.01,-0.01
-10554,3.07,-10086,3.04,650,3,17208,16_46_33_10_03_2025,0.06,9.68,0.08,-0.00,-0.00,-0.01
-12295,3.20,-9793,3.01,651,3,17273,16_46_33_10_03_2025,0.06,9.72,0.08,-0.00,-0.00,-0.01
-8662,2.93,-9709,3.01,651,3,17316,16_46_33_10_03_2025,0.04,9.67,0.14,0.00,-0.01,-0.01
-8609,2.92,-9255,2.97,651,3,17378,16_46_33_10_03_2025,0.05,9.70,0.11,0.01,-0.01,-0.01
-8695,2.93,-9281,2.98,651,3,17469,16_46_33_10_03_2025,0.06,9.70,0.11,0.00,-0.01,-0.01
-6351,2.75,-8948,2.95,651,3,17509,16_46_33_10_03_2025,0.05,9.69,0.10,0.00,-0.01,-0.01
-6414,2.76,-8960,2.95,651,3,17575,16_46_33_10_03_2025,0.06,9.69,0.11,0.01,-0.01,-0.01
-6862,2.79,-9249,2.97,651,3,17665,16_46_33_10_03_2025,0.05,9.70,0.11,0.00,-0.01,-0.01
-2082,2.43,-9249,2.97,651,3,17716,16_46_33_10_03_2025,0.05,9.70,0.10,0.00,-0.01,-0.01
6685,1.77,-9055,2.96,651,3,17770,16_46_33_10_03_2025,0.04,9.70,0.11,0.01,-0.01,-0.01
15729,1.08,-9069,2.96,651,3,17861,16_46_33_10_03_2025,0.05,9.69,0.09,0.00,-0.01,-0.01
53326,-1.77,-8967,2.95,650,3,17903,16_46_33_10_03_2025,0.05,9.69,0.11,-0.00,-0.00,-0.01
75127,-3.42,-8628,2.93,651,3,17970,16_46_33_10_03_2025,0.06,9.69,0.10,0.01,-0.01,-0.01
93160,-4.78,-8923,2.95,651,3,18061,16_46_33_10_03_2025,0.05,9.71,0.10,0.01,-0.01,-0.01
117825,-6.65,-8921,2.95,651,3,18105,16_46_34_10_03_2025,0.05,9.69,0.11,0.00,-0.00,-0.01
126151,-7.28,-9000,2.95,651,3,18170,16_46_34_10_03_2025,0.04,9.68,0.12,0.00,-0.00,-0.01
130238,-7.59,-9136,2.96,651,3,18261,16_46_34_10_03_2025,0.05,9.72,0.12,0.01,-0.01,-0.01
70335,-3.06,-8968,2.95,651,3,18352,16_46_34_10_03_2025,0.06,9.72,0.11,0.01,-0.01,-0.01
9688,1.54,-9244,2.97,651,3,18392,16_46_34_10_03_2025,0.06,9.69,0.10,0.01,-0.01,-0.00
22,2.27,-9731,3.01,650,3,18458,16_46_34_10_03_2025,0.06,9.70,0.10,0.01,-0.01,-0.01
-6117,2.74,-9077,2.96,651,3,18549,16_46_34_10_03_2025,0.05,9.71,0.09,0.01,-0.01,-0.01
-5246,2.67,-9568,3.00,651,3,18590,16_46_34_10_03_2025,0.05,9.70,0.10,0.01,-0.01,-0.01
-5326,2.68,-9847,3.02,651,3,18654,16_46_34_10_03_2025,0.06,9.69,0.09,0.01,-0.01,-0.01
-5394,2.68,-9625,3.00,650,3,18694,16_46_34_10_03_2025,0.05,9.70,0.11,0.01,-0.01,-0.01
-4463,2.61,-9446,2.99,651,3,18760,16_46_34_10_03_2025,0.06,9.70,0.09,0.01,-0.01,-0.01
-3400,2.53,-9745,3.01,650,3,18850,16_46_34_10_03_2025,0.06,9.71,0.11,0.00,-0.01,-0.01
-331,2.30,-9894,3.02,651,3,18893,16_46_34_10_03_2025,0.06,9.71,0.09,0.01,-0.01,-0.01
-1993,2.42,-9829,3.02,651,3,18957,16_46_34_10_03_2025,0.06,9.69,0.10,0.01,-0.01,-0.01
-4930,2.65,-9000,2.95,651,3,19047,16_46_34_10_03_2025,0.06,9.73,0.11,0.01,-0.01,-0.01
-5468,2.69,-9242,2.97,651,3,19087,16_46_35_10_03_2025,0.05,9.70,0.10,0.01,-0.01,-0.01
-5369,2.68,-9375,2.98,651,3,19153,16_46_35_10_03_2025,0.05,9.69,0.08,0.00,-0.01,-0.01
-5253,2.67,-9271,2.98,651,3,19243,16_46_35_10_03_2025,0.05,9.69,0.09,0.00,-0.01,-0.01
-3852,2.56,-8940,2.95,651,3,19293,16_46_35_10_03_2025,0.06,9.67,0.10,0.01,-0.01,-0.01
2003,2.12,-9452,2.99,651,3,19348,16_46_35_10_03_2025,0.04,9.69,0.10,0.00,-0.01,-0.01
-899,2.34,-8879,2.95,651,3,19439,16_46_35_10_03_2025,0.07,9.72,0.09,0.01,-0.01,-0.00
-3452,2.53,-8749,2.94,651,3,19479,16_46_35_10_03_2025,0.05,9.69,0.09,0.00,-0.01,-0.01
-4902,2.64,-8626,2.93,651,3,19544,16_46_35_10_03_2025,0.05,9.71,0.09,0.00,-0.01,-0.01
-4886,2.64,-8544,2.92,650,3,19635,16_46_35_10_03_2025,0.06,9.71,0.09,0.00,-0.01,-0.01
-2778,2.48,-8722,2.93,651,3,19678,16_46_35_10_03_2025,0.05,9.70,0.10,0.00,-0.01,-0.01
-3298,2.52,-8623,2.93,651,3,19741,16_46_35_10_03_2025,0.05,9.70,0.08,0.00,-0.01,-0.01
-3233,2.52,-8606,2.92,651,3,19832,16_46_35_10_03_2025,0.06,9.71,0.09,0.00,-0.01,-0.01
-3714,2.55,-9106,2.96,651,3,19872,16_46_35_10_03_2025,0.05,9.69,0.09,0.00,-0.01,-0.01
-4034,2.58,-9089,2.96,651,3,19938,16_46_35_10_03_2025,0.06,9.70,0.08,0.01,-0.01,-0.01
-624,2.32,-8582,2.92,651,3,19979,16_46_35_10_03_2025,0.06,9.70,0.09,0.00,-0.01,-0.01
988,2.20,-8960,2.95,651,3,20043,16_46_35_10_03_2025,0.07,9.71,0.10,0.00,-0.00,-0.01
4836,1.91,-8572,2.92,651,3,20133,16_46_36_10_03_2025,0.03,9.66,0.10,-0.01,-0.00,-0.01
16752,1.00,-8439,2.91,651,3,20173,16_46_36_10_03_2025,0.06,9.70,0.10,0.00,-0.01,-0.01
23045,0.53,-8435,2.91,651,3,20240,16_46_36_10_03_2025,0.05,9.70,0.11,0.00,-0.01,-0.01
43000,-0.98,-7994,2.88,651,3,20331,16_46_36_10_03_2025,0.05,9.70,0.11,0.00,-0.01,-0.01
77388,-3.59,-9101,2.96,651,3,20376,16_46_36_10_03_2025,0.04,9.66,0.10,-0.00,-0.00,-0.01
90477,-4.58,-9274,2.98,651,3,20439,16_46_36_10_03_2025,0.05,9.71,0.11,-0.00,-0.00,-0.01
95938,-5.00,-8937,2.95,651,3,20530,16_46_36_10_03_2025,0.06,9.71,0.10,0.00,-0.00,-0.01
109967,-6.06,-8475,2.91,651,3,20622,16_46_36_10_03_2025,0.05,9.68,0.12,0.01,-0.01,-0.01
86148,-4.25,-8960,2.95,651,3,20664,16_46_36_10_03_2025,0.04,9.69,0.11,0.01,-0.01,-0.01
53938,-1.81,-9031,2.96,651,3,20730,16_46_36_10_03_2025,0.05,9.70,0.12,0.01,-0.01,-0.01
1465,2.16,-8476,2.91,651,3,20820,16_46_36_10_03_2025,0.05,9.71,0.10,0.00,-0.01,-0.01
-4977,2.65,-9027,2.96,651,3,20860,16_46_36_10_03_2025,0.06,9.70,0.11,0.00,-0.01,-0.01
-5776,2.71,-9040,2.96,651,3,20927,16_46_36_10_03_2025,0.05,9.70,0.10,0.01,-0.01,-0.01
-5665,2.70,-9106,2.96,651,3,21017,16_46_36_10_03_2025,0.06,9.70,0.10,0.01,-0.01,-0.01
-980,2.35,-8762,2.94,651,3,21057,16_46_36_10_03_2025,0.06,9.71,0.11,0.01,-0.01,-0.01
3015,2.04,-8606,2.92,651,3,21122,16_46_37_10_03_2025,0.05,9.69,0.11,0.00,-0.01,-0.01
24920,0.38,-8902,2.95,651,3,21213,16_46_37_10_03_2025,0.05,9.69,0.11,0.00,-0.01,-0.01
74556,-3.38,-8540,2.92,651,3,21255,16_46_37_10_03_2025,0.06,9.72,0.12,0.00,-0.01,-0.01
94269,-4.87,-9076,2.96,651,3,21322,16_46_37_10_03_2025,0.05,9.72,0.11,0.00,-0.01,-0.01
103778,-5.59,-9373,2.98,651,3,21412,16_46_37_10_03_2025,0.05,9.71,0.11,-0.00,-0.00,-0.01
107463,-5.87,-8719,2.93,651,3,21453,16_46_37_10_03_2025,0.07,9.71,0.10,0.01,-0.01,-0.01
111413,-6.17,-8590,2.92,651,3,21521,16_46_37_10_03_2025,0.05,9.69,0.11,0.01,-0.01,-0.01
73351,-3.28,-9096,2.96,651,3,21613,16_46_37_10_03_2025,0.06,9.70,0.10,0.01,-0.01,-0.01
11814,1.38,-8519,2.92,651,3,21654,16_46_37_10_03_2025,0.05,9.70,0.10,0.01,-0.01,-0.00
3589,2.00,-8432,2.91,650,3,21719,16_46_37_10_03_2025,0.05,9.70,0.10,0.01,-0.01,-0.01
-4540,2.62,-8672,2.93,651,3,21809,16_46_37_10_03_2025,0.04,9.70,0.11,0.01,-0.01,-0.01
-5645,2.70,-8768,2.94,651,3,21849,16_46_37_10_03_2025,0.04,9.69,0.11,0.00,-0.01,-0.01
-5388,2.68,-8854,2.94,651,3,21915,16_46_37_10_03_2025,0.06,9.70,0.11,0.01,-0.01,-0.01
-4417,2.61,-8894,2.95,651,3,22005,16_46_37_10_03_2025,0.05,9.70,0.12,0.00,-0.01,-0.01
1017,2.20,-8492,2.92,651,3,22046,16_46_37_10_03_2025,0.05,9.70,0.10,0.00,-0.00,-0.01
7869,1.68,-8420,2.91,651,3,22111,16_46_38_10_03_2025,0.05,9.68,0.10,0.00,-0.01,-0.01
32699,-0.20,-8499,2.92,651,3,22203,16_46_38_10_03_2025,0.05,9.69,0.10,0.00,-0.01,-0.01
70687,-3.08,-9026,2.96,651,3,22244,16_46_38_10_03_2025,0.05,9.67,0.12,-0.01,0.00,-0.01
90102,-4.55,-8951,2.95,651,3,22311,16_46_38_10_03_2025,0.05,9.71,0.13,-0.00,-0.00,-0.01
108044,-5.91,-9017,2.96,651,3,22402,16_46_38_10_03_2025,0.05,9.69,0.11,0.01,-0.01,-0.01
117467,-6.63,-8646,2.93,650,3,22443,16_46_38_10_03_2025,0.07,9.70,0.11,0.01,-0.01,-0.01
123024,-7.05,-8707,2.93,651,3,22511,16_46_38_10_03_2025,0.05,9.71,0.11,0.00,-0.01,-0.01
127703,-7.40,-8707,2.93,651,3,22602,16_46_38_10_03_2025,0.05,9.71,0.12,0.00,-0.00,-0.01
91941,-4.69,-8393,2.91,650,3,22695,16_46_38_10_03_2025,0.04,9.72,0.13,0.01,-0.01,-0.01
13796,1.23,-9001,2.95,651,3,22738,16_46_38_10_03_2025,0.06,9.70,0.11,0.02,-0.01,-0.00
-2452,2.46,-8429,2.91,650,3,22800,16_46_38_10_03_2025,0.05,9.66,0.10,0.00,-0.01,-0.01
-6289,2.75,-8277,2.90,651,3,22840,16_46_38_10_03_2025,0.05,9.68,0.08,0.02,-0.01,-0.00
-6401,2.76,-8650,2.93,650,3,22906,16_46_38_10_03_2025,0.06,9.71,0.11,0.01,-0.01,-0.01
-5278,2.67,-8577,2.92,650,3,22996,16_46_38_10_03_2025,0.05,9.76,0.10,0.01,-0.01,-0.01
-5348,2.68,-8657,2.93,650,3,23037,16_46_38_10_03_2025,0.03,9.71,0.13,0.01,-0.01,-0.01
-5068,2.66,-8801,2.94,650,3,23102,16_46_39_10_03_2025,0.04,9.70,0.10,0.01,-0.01,-0.01
-5229,2.67,-8452,2.91,650,3,23192,16_46_39_10_03_2025,0.04,9.71,0.11,0.00,-0.01,-0.01
-5203,2.67,-8730,2.93,651,3,23232,16_46_39_10_03_2025,0.05,9.71,0.10,0.01,-0.01,-0.01
-5258,2.67,-8745,2.94,651,3,23298,16_46_39_10_03_2025,0.06,9.73,0.10,0.01,-0.01,-0.01
-5268,2.67,-8405,2.91,651,3,23389,16_46_39_10_03_2025,0.05,9.67,0.10,0.01,-0.01,-0.01
-5061,2.66,-9051,2.96,651,3,23429,16_46_39_10_03_2025,0.05,9.72,0.12,0.01,-0.01,-0.01
-5193,2.67,-9450,2.99,651,3,23494,16_46_39_10_03_2025,0.04,9.70,0.09,0.01,-0.01,-0.01
-4936,2.65,-9585,3.00,650,3,23584,16_46_39_10_03_2025,0.06,9.67,0.11,0.00,-0.01,-0.01
-4947,2.65,-9121,2.96,651,3,23624,16_46_39_10_03_2025,0.05,9.72,0.11,0.01,-0.01,-0.01
-4889,2.64,-9832,3.02,651,3,23691,16_46_39_10_03_2025,0.06,9.72,0.10,0.01,-0.01,-0.01
-4656,2.63,-10823,3.09,651,3,23780,16_46_39_10_03_2025,0.07,9.71,0.08,0.00,-0.00,-0.01
-4371,2.60,-15793,3.47,651,3,23821,16_46_39_10_03_2025,0.06,9.69,0.10,0.00,-0.01,-0.01
-4015,2.58,-16878,3.55,650,3,23886,16_46_39_10_03_2025,0.05,9.68,0.09,0.00,-0.01,-0.01
-4066,2.58,-17749,3.62,650,3,23978,16_46_39_10_03_2025,0.05,9.70,0.11,0.00,-0.01,-0.01
-5362,2.68,-13885,3.32,651,3,24019,16_46_39_10_03_2025,0.04,9.69,0.11,-0.00,-0.00,-0.01
-5531,2.69,-11734,3.16,650,3,24083,16_46_39_10_03_2025,0.06,9.68,0.11,0.00,-0.01,-0.01
-5121,2.66,-10815,3.09,651,3,24123,16_46_40_10_03_2025,0.04,9.70,0.11,0.00,-0.01,-0.01
-5253,2.67,-10815,3.09,651,3,24189,16_46_40_10_03_2025,0.04,9.69,0.11,0.01,-0.01,-0.01
-5678,2.70,-10590,3.08,650,3,24279,16_46_40_10_03_2025,0.05,9.70,0.11,0.00,-0.01,-0.01
-5429,2.68,-11759,3.16,651,3,24319,16_46_40_10_03_2025,0.06,9.70,0.11,0.01,-0.01,-0.01
-5677,2.70,-10244,3.05,651,3,24386,16_46_40_10_03_2025,0.06,9.74,0.11,0.00,-0.00,-0.01
-5816,2.71,-8416,2.91,651,3,24475,16_46_40_10_03_2025,0.05,9.67,0.11,0.01,-0.01,-0.01
-5529,2.69,-8890,2.95,651,3,24515,16_46_40_10_03_2025,0.05,9.69,0.11,0.01,-0.01,-0.01
-5693,2.70,-7241,2.82,651,3,24581,16_46_40_10_03_2025,0.05,9.68,0.12,0.00,-0.01,-0.01
-5788,2.71,-7643,2.85,650,3,24671,16_46_40_10_03_2025,0.04,9.71,0.12,0.01,-0.01,-0.01
-5627,2.70,-7701,2.86,651,3,24712,16_46_40_10_03_2025,0.05,9.69,0.12,0.00,-0.01,-0.01
-5466,2.69,-7714,2.86,650,3,24778,16_46_40_10_03_2025,0.06,9.69,0.12,0.01,-0.01,-0.00
-5419,2.68,-7658,2.85,650,3,24867,16_46_40_10_03_2025,0.05,9.73,0.11,0.01,-0.01,-0.01
-5422,2.68,-9216,2.97,650,3,24907,16_46_40_10_03_2025,0.05,9.73,0.11,0.01,-0.01,-0.01
-5371,2.68,-9952,3.03,651,3,24973,16_46_40_10_03_2025,0.05,9.68,0.11,0.00,-0.01,-0.01
-5301,2.67,-9904,3.02,651,3,25064,16_46_40_10_03_2025,0.06,9.70,0.11,0.01,-0.01,-0.01
-5396,2.68,-6613,2.77,651,3,25105,16_46_41_10_03_2025,0.05,9.69,0.11,0.00,-0.01,-0.01
-5529,2.69,-5563,2.69,651,3,25170,16_46_41_10_03_2025,0.06,9.69,0.12,0.00,-0.01,-0.01
-5441,2.68,-10160,3.04,650,3,25261,16_46_41_10_03_2025,0.06,9.71,0.12,0.01,-0.01,-0.01
-5553,2.69,-9394,2.98,650,3,25301,16_46_41_10_03_2025,0.06,9.71,0.11,0.01,-0.01,-0.01
-5654,2.70,-11552,3.15,651,3,25366,16_46_41_10_03_2025,0.05,9.70,0.11,0.01,-0.01,-0.01
-5555,2.69,-11552,3.15,650,3,25407,16_46_41_10_03_2025,0.07,9.76,0.12,0.01,-0.01,-0.01
-5531,2.69,-12369,3.21,651,3,25472,16_46_41_10_03_2025,0.06,9.71,0.11,0.01,-0.01,-0.01
-5341,2.68,-8195,2.89,651,3,25561,16_46_41_10_03_2025,0.04,9.69,0.11,0.00,-0.01,-0.01
-5090,2.66,-3028,2.50,650,3,25603,16_46_41_10_03_2025,0.06,9.71,0.12,0.01,-0.01,-0.01
-5336,2.68,212,2.26,651,3,25669,16_46_41_10_03_2025,0.05,9.71,0.11,0.00,-0.01,-0.01
-5315,2.68,16639,1.01,651,3,25758,16_46_41_10_03_2025,0.05,9.70,0.11,0.00,-0.01,-0.01
-5337,2.68,54302,-1.84,651,3,25800,16_46_41_10_03_2025,0.05,9.70,0.14,0.01,-0.01,-0.01
-5225,2.67,79238,-3.73,651,3,25866,16_46_41_10_03_2025,0.05,9.68,0.11,0.00,-0.01,-0.01
-5495,2.69,113501,-6.33,651,3,25958,16_46_41_10_03_2025,0.06,9.69,0.11,0.00,-0.01,-0.01
-5969,2.72,116564,-6.56,651,3,26051,16_46_41_10_03_2025,0.05,9.67,0.12,0.00,-0.01,-0.01
-5776,2.71,13647,1.24,651,3,26091,16_46_42_10_03_2025,0.06,9.68,0.11,0.01,-0.01,-0.01
-5488,2.69,-8679,2.93,650,3,26155,16_46_42_10_03_2025,0.05,9.71,0.11,0.00,-0.00,-0.01
-5257,2.67,-12137,3.19,651,3,26195,16_46_42_10_03_2025,0.04,9.71,0.11,0.01,-0.01,-0.01
-5314,2.68,-14832,3.40,650,3,26262,16_46_42_10_03_2025,0.05,9.70,0.11,0.00,-0.01,-0.01
-5491,2.69,-15570,3.45,651,3,26353,16_46_42_10_03_2025,0.08,9.67,0.10,0.00,-0.01,-0.01
-5227,2.67,-9424,2.99,651,3,26394,16_46_42_10_03_2025,0.05,9.66,0.11,0.00,-0.01,-0.01
-5483,2.69,20472,0.72,651,3,26458,16_46_42_10_03_2025,0.06,9.59,0.13,0.00,-0.01,-0.01
-5222,2.67,92931,-4.77,651,3,26548,16_46_42_10_03_2025,0.06,9.65,0.09,0.01,-0.01,-0.01
-5503,2.69,151855,-9.23,651,3,26590,16_46_42_10_03_2025,0.05,9.69,0.12,0.00,-0.01,-0.01
-5702,2.70,164725,-10.21,652,3,26658,16_46_42_10_03_2025,0.04,9.69,0.11,0.00,-0.01,-0.01
-5560,2.69,139400,-8.29,651,3,26751,16_46_42_10_03_2025,0.04,9.71,0.11,0.01,-0.01,-0.01
-5318,2.68,34869,-0.37,651,3,26841,16_46_42_10_03_2025,0.06,9.71,0.10,0.01,-0.01,-0.00
-5211,2.67,-12487,3.22,651,3,26881,16_46_42_10_03_2025,0.05,9.71,0.11,0.01,-0.01,-0.01
-5367,2.68,-17097,3.57,651,3,26947,16_46_42_10_03_2025,0.06,9.69,0.10,0.01,-0.01,-0.01
-5086,2.66,-17147,3.57,650,3,27037,16_46_42_10_03_2025,0.05,9.69,0.08,0.01,-0.01,-0.01
-5000,2.65,-18039,3.64,651,3,27078,16_46_43_10_03_2025,0.06,9.68,0.09,0.01,-0.01,-0.01
-5327,2.68,-14782,3.39,650,3,27144,16_46_43_10_03_2025,0.06,9.69,0.11,0.01,-0.01,-0.01
-5100,2.66,3808,1.98,650,3,27235,16_46_43_10_03_2025,0.03,9.76,0.12,0.00,-0.01,-0.01
-4798,2.64,84811,-4.15,651,3,27276,16_46_43_10_03_2025,0.05,9.73,0.09,0.01,-0.01,-0.01
-4661,2.63,105565,-5.72,651,3,27342,16_46_43_10_03_2025,0.07,9.71,0.12,0.00,-0.01,-0.01
-5171,2.66,138884,-8.25,651,3,27433,16_46_43_10_03_2025,0.05,9.69,0.11,0.01,-0.01,-0.01
-4820,2.64,133521,-7.84,650,3,27475,16_46_43_10_03_2025,0.04,9.71,0.09,0.01,-0.01,-0.01
-5223,2.67,81258,-3.88,650,3,27542,16_46_43_10_03_2025,0.04,9.70,0.11,0.01,-0.01,-0.00
-5081,2.66,14200,1.20,650,3,27632,16_46_43_10_03_2025,0.05,9.69,0.10,0.01,-0.01,-0.01
-4915,2.65,-13092,3.26,651,3,27684,16_46_43_10_03_2025,0.05,9.69,0.11,0.01,-0.01,-0.01
-5108,2.66,-13290,3.28,651,3,27739,16_46_43_10_03_2025,0.05,9.71,0.09,0.00,-0.01,-0.01
-4860,2.64,-14465,3.37,650,3,27829,16_46_43_10_03_2025,0.05,9.72,0.10,0.00,-0.01,-0.01
-5123,2.66,-16380,3.51,650,3,27870,16_46_43_10_03_2025,0.04,9.72,0.09,0.01,-0.01,-0.01
-5262,2.67,-443,2.31,650,3,27935,16_46_43_10_03_2025,0.05,9.92,0.11,0.01,-0.01,-0.01
-5250,2.67,87134,-4.33,651,3,28026,16_46_43_10_03_2025,0.04,9.64,0.09,0.00,-0.01,-0.01
-5623,2.70,106432,-5.79,650,3,28071,16_46_43_10_03_2025,0.05,9.62,0.02,-0.00,-0.00,-0.00
-5959,2.72,44874,-1.13,650,3,28135,16_46_44_10_03_2025,0.06,10.70,0.29,0.02,-0.02,-0.00
-3964,2.57,37587,-0.57,651,3,28225,16_46_44_10_03_2025,0.12,9.66,0.07,0.01,-0.01,-0.00
-5075,2.66,6459,1.78,650,3,28265,16_46_44_10_03_2025,0.22,9.39,0.10,-0.04,0.01,-0.01
-5120,2.66,34,2.27,651,3,28332,16_46_44_10_03_2025,0.02,9.80,0.03,0.02,-0.01,-0.01
-4500,2.61,-7363,2.83,651,3,28422,16_46_44_10_03_2025,0.04,9.84,0.10,0.00,-0.00,-0.01
-4719,2.63,-15483,3.45,651,3,28473,16_46_44_10_03_2025,0.05,9.73,0.09,0.00,-0.01,-0.01
-4724,2.63,-16745,3.54,651,3,28528,16_46_44_10_03_2025,0.05,9.67,0.13,-0.00,-0.00,-0.01
-4728,2.63,-15166,3.42,651,3,28618,16_46_44_10_03_2025,0.05,9.71,0.13,0.00,-0.00,-0.01
-4229,2.59,7313,1.72,650,3,28658,16_46_44_10_03_2025,0.03,10.00,0.15,0.01,-0.01,-0.01
-3863,2.57,35910,-0.45,650,3,28725,16_46_44_10_03_2025,0.06,9.78,0.12,0.01,-0.01,-0.01
-3617,2.55,57372,-2.07,651,3,28816,16_46_44_10_03_2025,0.05,9.70,0.12,0.00,-0.01,-0.01
-4371,2.60,82520,-3.98,650,3,28861,16_46_44_10_03_2025,0.04,9.73,0.12,0.00,-0.01,-0.01
-4272,2.60,99643,-5.28,651,3,28925,16_46_44_10_03_2025,0.05,9.73,0.11,0.00,-0.01,-0.01
-4464,2.61,108396,-5.94,651,3,29016,16_46_44_10_03_2025,0.05,9.69,0.11,0.01,-0.01,-0.01
-4407,2.61,110097,-6.07,650,3,29058,16_46_44_10_03_2025,0.05,9.72,0.11,0.01,-0.01,-0.01
-3977,2.57,114825,-6.43,650,3,29126,16_46_45_10_03_2025,0.05,9.71,0.12,0.01,-0.01,-0.01
-4254,2.60,64082,-2.58,651,3,29216,16_46_45_10_03_2025,0.05,9.69,0.12,0.01,-0.01,-0.00
-4467,2.61,-11118,3.12,651,3,29307,16_46_45_10_03_2025,0.05,9.70,0.11,0.00,-0.01,-0.01
-4801,2.64,-20282,3.81,651,3,29347,16_46_45_10_03_2025,0.06,9.69,0.12,0.01,-0.01,-0.01
-4805,2.64,-17047,3.56,651,3,29413,16_46_45_10_03_2025,0.05,9.72,0.11,0.00,-0.00,-0.01
-4870,2.64,-3416,2.53,651,3,29454,16_46_45_10_03_2025,0.09,9.51,0.07,0.00,-0.01,-0.01
-4596,2.62,39254,-0.70,651,3,29520,16_46_45_10_03_2025,0.06,9.68,0.09,0.00,-0.00,-0.01
-4566,2.62,69068,-2.96,650,3,29611,16_46_45_10_03_2025,0.06,9.71,0.08,0.01,-0.01,-0.01
-4408,2.61,122807,-7.03,650,3,29702,16_46_45_10_03_2025,0.06,9.72,0.11,0.00,-0.01,-0.01
-4534,2.62,120515,-6.86,650,3,29743,16_46_45_10_03_2025,0.06,9.71,0.12,0.00,-0.01,-0.01
-4192,2.59,88874,-4.46,651,3,29812,16_46_45_10_03_2025,0.04,9.70,0.11,0.00,-0.01,-0.01
-3965,2.57,13744,1.23,650,3,29901,16_46_45_10_03_2025,0.06,9.71,0.11,0.00,-0.01,-0.01
-4620,2.62,-15477,3.45,650,3,29941,16_46_45_10_03_2025,0.06,9.68,0.11,0.01,-0.01,-0.01
-4587,2.62,-18238,3.65,651,3,30007,16_46_45_10_03_2025,0.06,9.69,0.10,0.01,-0.01,-0.01
-4813,2.64,-17321,3.58,650,3,30097,16_46_45_10_03_2025,0.06,9.71,0.11,0.00,-0.01,-0.01
-4865,2.64,-12834,3.24,650,3,30138,16_46_46_10_03_2025,0.06,9.71,0.12,0.01,-0.01,-0.01
-4643,2.62,3132,2.04,651,3,30203,16_46_46_10_03_2025,0.04,9.68,0.13,0.00,-0.01,-0.01
-4153,2.59,64726,-2.63,651,3,30295,16_46_46_10_03_2025,0.05,9.70,0.13,0.00,-0.01,-0.01
-4293,2.60,113646,-6.34,651,3,30336,16_46_46_10_03_2025,0.06,9.68,0.12,0.00,-0.01,-0.01
-4503,2.61,126346,-7.30,651,3,30403,16_46_46_10_03_2025,0.05,9.69,0.11,0.00,-0.01,-0.01
-4083,2.58,130059,-7.58,650,3,30494,16_46_46_10_03_2025,0.05,9.72,0.12,0.01,-0.01,-0.01
-4245,2.59,57746,-2.10,651,3,30537,16_46_46_10_03_2025,0.06,9.71,0.12,0.01,-0.01,-0.01
-4538,2.62,6759,1.76,651,3,30601,16_46_46_10_03_2025,0.07,9.70,0.13,0.01,-0.01,-0.01
-4335,2.60,-13925,3.33,651,3,30692,16_46_46_10_03_2025,0.06,9.69,0.11,0.01,-0.01,-0.01
-4393,2.61,-17206,3.58,651,3,30732,16_46_46_10_03_2025,0.05,9.69,0.12,0.00,-0.01,-0.01
-4459,2.61,-16301,3.51,650,3,30799,16_46_46_10_03_2025,0.06,9.69,0.12,0.00,-0.01,-0.01
-4499,2.61,-15662,3.46,651,3,30888,16_46_46_10_03_2025,0.06,9.69,0.11,0.01,-0.01,-0.01
-4524,2.62,57532,-2.09,651,3,30931,16_46_46_10_03_2025,0.05,9.72,0.12,0.00,-0.01,-0.01
-4321,2.60,114876,-6.43,651,3,30997,16_46_46_10_03_2025,0.04,9.70,0.11,0.01,-0.01,-0.01
-4524,2.62,115139,-6.45,651,3,31088,16_46_46_10_03_2025,0.06,9.72,0.14,0.01,-0.01,-0.01
-4741,2.63,53739,-1.80,651,3,31130,16_46_47_10_03_2025,0.04,9.67,0.11,0.01,-0.01,-0.01
-4588,2.62,21533,0.64,651,3,31196,16_46_47_10_03_2025,0.06,9.68,0.13,0.00,-0.01,-0.00
-4600,2.62,-4041,2.58,651,3,31286,16_46_47_10_03_2025,0.04,9.69,0.12,0.00,-0.01,-0.01
-4694,2.63,-8014,2.88,650,3,31326,16_46_47_10_03_2025,0.02,9.69,0.12,0.00,-0.01,-0.01
-4741,2.63,-5855,2.72,650,3,31391,16_46_47_10_03_2025,0.05,9.67,0.14,0.01,-0.01,-0.00
-4876,2.64,-6650,2.78,651,3,31481,16_46_47_10_03_2025,0.06,9.71,0.10,0.00,-0.01,-0.01
-4645,2.62,-6923,2.80,651,3,31522,16_46_47_10_03_2025,0.05,9.69,0.11,0.00,-0.01,-0.01
-4639,2.62,-7643,2.85,650,3,31588,16_46_47_10_03_2025,0.05,9.70,0.12,0.00,-0.01,-0.01
-4552,2.62,-7121,2.81,651,3,31678,16_46_47_10_03_2025,0.05,9.71,0.12,0.01,-0.01,-0.01
-4451,2.61,-7519,2.84,650,3,31718,16_46_47_10_03_2025,0.06,9.71,0.11,0.00,-0.01,-0.01
-4355,2.60,-7948,2.87,650,3,31784,16_46_47_10_03_2025,0.05,9.70,0.13,0.00,-0.01,-0.01
-4160,2.59,-8110,2.89,650,3,31874,16_46_47_10_03_2025,0.05,9.71,0.11,0.01,-0.01,-0.01
-4674,2.63,-7655,2.85,650,3,31915,16_46_47_10_03_2025,0.06,9.70,0.13,0.00,-0.01,-0.01
-4661,2.63,-7859,2.87,651,3,31980,16_46_47_10_03_2025,0.07,9.72,0.12,0.01,-0.01,-0.01
-4632,2.62,-7832,2.87,650,3,32071,16_46_47_10_03_2025,0.06,9.68,0.11,0.00,-0.01,-0.01
-4827,2.64,-8495,2.92,651,3,32111,16_46_48_10_03_2025,0.06,9.70,0.12,0.00,-0.01,-0.01
-4625,2.62,-8126,2.89,651,3,32176,16_46_48_10_03_2025,0.05,9.71,0.11,0.00,-0.01,-0.01
-4693,2.63,-8048,2.88,650,3,32217,16_46_48_10_03_2025,0.06,9.71,0.11,0.01,-0.01,-0.01
-4636,2.62,-8075,2.88,650,3,32282,16_46_48_10_03_2025,0.06,9.69,0.12,0.01,-0.01,-0.01
-4450,2.61,-7979,2.88,651,3,32372,16_46_48_10_03_2025,0.06,9.71,0.12,0.00,-0.01,-0.01
-4608,2.62,-7799,2.86,650,3,32412,16_46_48_10_03_2025,0.05,9.69,0.12,0.01,-0.01,-0.01
-4636,2.62,-7997,2.88,650,3,32478,16_46_48_10_03_2025,0.05,9.71,0.11,0.01,-0.01,-0.01
-4584,2.62,-8071,2.88,650,3,32569,16_46_48_10_03_2025,0.05,9.70,0.12,0.00,-0.01,-0.01
-4449,2.61,-7921,2.87,650,3,32612,16_46_48_10_03_2025,0.06,9.70,0.11,0.01,-0.01,-0.01
-4589,2.62,-8007,2.88,650,3,32674,16_46_48_10_03_2025,0.05,9.71,0.12,0.00,-0.01,-0.01
-4602,2.62,-7889,2.87,651,3,32764,16_46_48_10_03_2025,0.06,9.70,0.12,0.01,-0.01,-0.01
-4544,2.62,-7916,2.87,650,3,32804,16_46_48_10_03_2025,0.06,9.66,0.11,0.01,-0.01,-0.01
-4674,2.63,-7939,2.87,651,3,32871,16_46_48_10_03_2025,0.06,9.68,0.11,0.01,-0.01,-0.01
-4600,2.62,-7992,2.88,650,3,32961,16_46_48_10_03_2025,0.05,9.70,0.11,0.00,-0.01,-0.01
-4651,2.63,-8003,2.88,651,3,33001,16_46_48_10_03_2025,0.04,9.70,0.12,0.00,-0.01,-0.01
-4648,2.62,-7944,2.87,650,3,33067,16_46_48_10_03_2025,0.06,9.72,0.09,0.00,-0.01,-0.01
-4377,2.60,-7933,2.87,650,3,33157,16_46_49_10_03_2025,0.05,9.69,0.13,0.00,-0.01,-0.01
-4760,2.63,-7732,2.86,651,3,33198,16_46_49_10_03_2025,0.05,9.70,0.11,0.01,-0.01,-0.01
-4495,2.61,-8088,2.89,651,3,33263,16_46_49_10_03_2025,0.05,9.70,0.11,0.01,-0.01,-0.01
-4597,2.62,-7831,2.87,650,3,33355,16_46_49_10_03_2025,0.05,9.71,0.12,0.00,-0.01,-0.01
-4468,2.61,-7887,2.87,651,3,33394,16_46_49_10_03_2025,0.07,9.69,0.12,0.01,-0.01,-0.01
-4699,2.63,-7897,2.87,650,3,33459,16_46_49_10_03_2025,0.06,9.70,0.12,0.01,-0.01,-0.01
-4739,2.63,-7880,2.87,650,3,33500,16_46_49_10_03_2025,0.05,9.69,0.11,0.01,-0.01,-0.01
-4708,2.63,-7947,2.87,651,3,33566,16_46_49_10_03_2025,0.06,9.70,0.12,0.00,-0.01,-0.01
-4611,2.62,-8243,2.90,650,3,33655,16_46_49_10_03_2025,0.05,9.70,0.11,0.01,-0.01,-0.01
-4611,2.62,-7876,2.87,651,3,33695,16_46_49_10_03_2025,0.05,9.69,0.12,0.00,-0.01,-0.01
-4924,2.65,-7831,2.87,651,3,33761,16_46_49_10_03_2025,0.05,9.70,0.10,0.01,-0.01,-0.01
-4720,2.63,-8073,2.88,650,3,33851,16_46_49_10_03_2025,0.06,9.69,0.10,0.00,-0.01,-0.01
-4641,2.62,-7849,2.87,651,3,33892,16_46_49_10_03_2025,0.05,9.70,0.12,0.01,-0.01,-0.01
-4537,2.62,-7961,2.88,650,3,33958,16_46_49_10_03_2025,0.04,9.69,0.12,0.01,-0.01,0.00
-4579,2.62,-7972,2.88,650,3,34048,16_46_49_10_03_2025,0.08,9.69,0.12,0.01,-0.00,0.00
-4554,2.62,-7961,2.88,651,3,34088,16_46_50_10_03_2025,0.06,9.70,0.13,0.00,-0.01,-0.01
-4519,2.62,-7841,2.87,651,3,34154,16_46_50_10_03_2025,0.05,9.70,0.12,0.01,-0.01,-0.01
-4758,2.63,-7927,2.87,650,3,34244,16_46_50_10_03_2025,0.06,9.70,0.12,0.00,-0.01,-0.01
-4612,2.62,-7949,2.87,651,3,34286,16_46_50_10_03_2025,0.05,9.69,0.12,0.01,-0.01,-0.01
-4664,2.63,-7960,2.88,651,3,34350,16_46_50_10_03_2025,0.05,9.69,0.11,0.01,-0.01,-0.01
-4601,2.62,-8039,2.88,650,3,34440,16_46_50_10_03_2025,0.06,9.70,0.11,0.00,-0.01,-0.01
-4660,2.63,-7865,2.87,651,3,34480,16_46_50_10_03_2025,0.07,9.71,0.11,0.01,-0.01,-0.01
-4556,2.62,-7937,2.87,650,3,34546,16_46_50_10_03_2025,0.06,9.70,0.11,0.01,-0.01,-0.01
-4730,2.63,-7953,2.88,651,3,34638,16_46_50_10_03_2025,0.06,9.70,0.12,0.00,-0.01,-0.01
-4650,2.62,-8045,2.88,650,3,34679,16_46_50_10_03_2025,0.06,9.70,0.11,0.00,-0.01,-0.01
-4598,2.62,-8027,2.88,650,3,34742,16_46_50_10_03_2025,0.05,9.71,0.11,0.00,-0.01,-0.01
-4697,2.63,-7932,2.87,651,3,34782,16_46_50_10_03_2025,0.05,9.71,0.12,0.01,-0.01,-0.01
-4532,2.62,-7883,2.87,651,3,34849,16_46_50_10_03_2025,0.06,9.71,0.12,0.01,-0.01,-0.01
-4717,2.63,-7702,2.86,651,3,34939,16_46_50_10_03_2025,0.06,9.69,0.12,0.00,-0.01,-0.01
-4562,2.62,-7969,2.88,651,3,34982,16_46_50_10_03_2025,0.05,9.70,0.12,0.00,-0.01,-0.01
-4547,2.62,-8004,2.88,651,3,35044,16_46_50_10_03_2025,0.06,9.71,0.11,0.00,-0.01,-0.01
-4579,2.62,-8053,2.88,651,3,35135,16_46_51_10_03_2025,0.05,9.71,0.11,0.01,-0.01,-0.01
-4673,2.63,-7980,2.88,651,3,35174,16_46_51_10_03_2025,0.05,9.72,0.10,0.01,-0.01,-0.01
-4627,2.62,-7861,2.87,650,3,35241,16_46_51_10_03_2025,0.06,9.70,0.12,0.00,-0.01,-0.01
-4630,2.62,-7949,2.87,651,3,35331,16_46_51_10_03_2025,0.05,9.71,0.12,0.00,-0.01,-0.01
-4681,2.63,-7925,2.87,651,3,35382,16_46_51_10_03_2025,0.06,9.70,0.12,0.00,-0.01,-0.00
-4558,2.62,-8116,2.89,651,3,35437,16_46_51_10_03_2025,0.06,9.70,0.12,0.00,-0.01,-0.01
-4460,2.61,-8045,2.88,650,3,35881,16_46_51_10_03_2025,0.06,9.68,0.11,0.01,-0.01,-0.01
-4661,2.63,-7849,2.87,650,3,38355,16_46_51_10_03_2025,0.06,9.68,0.11,0.01,-0.01,-0.01
