-6709,2.78,1195,2.18,551,2,9225,14_52_55_10_03_2025,4.78,8.40,0.15,0.13,-1.01,0.53
-6747,2.78,1063,2.19,553,2,9953,14_52_56_10_03_2025,4.78,8.45,0.15,-0.03,0.01,0.00
-6475,2.76,1062,2.19,552,2,9986,14_52_56_10_03_2025,4.76,8.41,0.17,-0.03,0.01,0.01
-6481,2.76,1015,2.20,552,2,10020,14_52_56_10_03_2025,4.75,8.42,0.21,-0.02,0.01,-0.00
-6612,2.77,1133,2.19,552,2,10054,14_52_56_10_03_2025,4.78,8.48,0.22,-0.00,0.00,-0.00
-6578,2.77,1167,2.18,552,2,10087,14_52_56_10_03_2025,4.79,8.45,0.17,-0.00,0.00,0.00
-6647,2.78,1014,2.20,552,2,10120,14_52_56_10_03_2025,4.78,8.44,0.20,-0.01,0.00,0.00
-6516,2.77,1061,2.19,552,2,10156,14_52_56_10_03_2025,4.78,8.42,0.22,-0.00,-0.00,-0.00
-6480,2.76,1055,2.19,552,2,10189,14_52_56_10_03_2025,4.76,8.44,0.18,0.02,-0.00,-0.00
-6566,2.77,1305,2.17,552,2,10223,14_52_56_10_03_2025,4.79,8.45,0.19,-0.02,0.00,0.00
-6626,2.77,1222,2.18,552,2,10257,14_52_56_10_03_2025,4.77,8.45,0.25,-0.02,0.00,0.00
-6596,2.77,1206,2.18,553,2,10291,14_52_56_10_03_2025,4.78,8.44,0.25,0.02,-0.00,-0.00
-6440,2.76,1130,2.19,552,2,10325,14_52_56_10_03_2025,4.77,8.43,0.17,0.00,-0.00,-0.00
-6686,2.78,1149,2.19,552,2,10368,14_52_56_10_03_2025,4.77,8.45,0.22,-0.01,0.00,0.00
-6530,2.77,1281,2.18,552,2,10404,14_52_56_10_03_2025,4.77,8.44,0.22,-0.00,-0.00,-0.00
-6550,2.77,1168,2.18,552,2,10441,14_52_56_10_03_2025,4.77,8.43,0.22,0.00,-0.00,-0.00
-6447,2.76,1331,2.17,552,2,10476,14_52_57_10_03_2025,4.77,8.44,0.21,0.00,0.00,-0.00
-6544,2.77,1106,2.19,552,2,10511,14_52_57_10_03_2025,4.77,8.45,0.22,0.00,-0.00,-0.00
-6580,2.77,935,2.20,552,2,10550,14_52_57_10_03_2025,4.77,8.45,0.24,-0.00,-0.00,0.00
-6634,2.78,1183,2.18,552,2,10586,14_52_57_10_03_2025,4.78,8.44,0.22,0.00,-0.00,-0.00
-6406,2.76,1070,2.19,551,2,10623,14_52_57_10_03_2025,4.78,8.45,0.23,-0.00,-0.00,-0.00
-6567,2.77,1093,2.19,552,2,10658,14_52_57_10_03_2025,4.77,8.44,0.25,-0.00,-0.00,0.00
-6599,2.77,1249,2.18,552,2,10694,14_52_57_10_03_2025,4.77,8.43,0.23,0.00,-0.00,0.00
-6604,2.77,1277,2.18,552,2,10730,14_52_57_10_03_2025,4.78,8.44,0.23,0.00,-0.00,0.00
-6507,2.77,1317,2.17,551,2,10776,14_52_57_10_03_2025,4.77,8.45,0.23,0.00,-0.00,0.00
-6778,2.79,1187,2.18,552,2,10811,14_52_57_10_03_2025,4.76,8.42,0.24,-0.00,-0.00,0.00
-6633,2.78,1173,2.18,552,2,10847,14_52_57_10_03_2025,4.77,8.45,0.27,0.01,-0.00,-0.00
-6780,2.79,1044,2.19,553,2,10885,14_52_57_10_03_2025,4.78,8.47,0.22,-0.00,0.00,0.00
-6677,2.78,1235,2.18,551,2,10921,14_52_57_10_03_2025,4.77,8.43,0.22,-0.01,-0.00,0.01
-6672,2.78,1219,2.18,552,2,10957,14_52_57_10_03_2025,4.77,8.41,0.26,-0.02,0.00,0.00
-6582,2.77,1331,2.17,552,2,10995,14_52_57_10_03_2025,4.76,8.44,0.30,-0.01,0.00,0.00
-6510,2.77,985,2.20,552,2,11031,14_52_57_10_03_2025,4.78,8.47,0.26,0.00,-0.00,0.00
-6573,2.77,1019,2.20,552,2,11067,14_52_57_10_03_2025,4.77,8.43,0.27,-0.01,0.00,0.00
-6722,2.78,1191,2.18,551,2,11103,14_52_57_10_03_2025,4.78,8.43,0.28,0.00,-0.00,0.00
-6829,2.79,1171,2.18,552,2,11139,14_52_57_10_03_2025,4.79,8.45,0.27,0.01,-0.00,-0.00
-6521,2.77,1187,2.18,552,2,11174,14_52_57_10_03_2025,4.77,8.44,0.25,0.01,-0.00,0.00
-6446,2.76,1198,2.18,552,2,11221,14_52_57_10_03_2025,4.77,8.43,0.32,-0.02,0.00,0.00
-6637,2.78,1095,2.19,551,2,11256,14_52_57_10_03_2025,4.78,8.43,0.28,0.02,-0.01,0.00
-6746,2.78,1068,2.19,552,2,11291,14_52_57_10_03_2025,4.79,8.43,0.24,0.01,-0.00,0.00
-6746,2.78,1365,2.17,552,2,11327,14_52_57_10_03_2025,4.77,8.43,0.28,-0.01,0.00,-0.00
-6739,2.78,1000,2.20,552,2,11364,14_52_57_10_03_2025,4.78,8.43,0.27,-0.00,-0.00,0.00
-6654,2.78,1335,2.17,550,2,11400,14_52_57_10_03_2025,4.78,8.43,0.27,0.00,-0.00,0.00
-6651,2.78,1255,2.18,552,2,11438,14_52_57_10_03_2025,4.79,8.41,0.25,-0.01,0.00,0.00
-6721,2.78,987,2.20,552,2,11473,14_52_58_10_03_2025,4.80,8.42,0.29,-0.03,0.01,0.00
-6642,2.78,1158,2.18,552,2,11508,14_52_58_10_03_2025,4.72,8.45,0.37,-0.04,0.02,-0.00
-6606,2.77,1208,2.18,552,2,11544,14_52_58_10_03_2025,4.76,8.40,0.41,-0.05,0.02,0.01
-6498,2.77,1143,2.19,552,2,11580,14_52_58_10_03_2025,4.90,8.49,0.43,-0.03,0.03,0.01
-6409,2.76,1233,2.18,552,2,11616,14_52_58_10_03_2025,4.81,8.42,0.45,-0.00,-0.01,0.00
-6693,2.78,1206,2.18,552,2,11663,14_52_58_10_03_2025,4.84,8.30,0.44,-0.00,-0.03,0.00
-6702,2.78,1287,2.18,552,2,11699,14_52_58_10_03_2025,4.89,8.41,0.41,0.03,-0.04,-0.00
-6544,2.77,1275,2.18,552,2,11735,14_52_58_10_03_2025,4.74,8.40,0.39,-0.00,-0.03,-0.01
-6588,2.77,1019,2.20,552,2,11770,14_52_58_10_03_2025,4.63,8.53,0.25,0.04,-0.03,0.00
-6642,2.78,1303,2.17,552,2,11805,14_52_58_10_03_2025,4.66,8.51,0.10,0.02,-0.02,0.01
-6487,2.76,1236,2.18,552,2,11841,14_52_58_10_03_2025,4.60,8.47,0.07,0.03,-0.01,0.00
-6507,2.77,1206,2.18,552,2,11882,14_52_58_10_03_2025,4.71,8.40,0.06,-0.01,0.02,0.00
-6521,2.77,1153,2.19,552,2,11918,14_52_58_10_03_2025,4.84,8.42,0.20,-0.03,0.02,0.01
-6589,2.77,1153,2.19,552,2,11953,14_52_58_10_03_2025,4.90,8.39,0.22,-0.05,0.03,0.01
-6651,2.78,1144,2.19,552,2,11989,14_52_58_10_03_2025,4.91,8.37,0.25,-0.07,0.03,0.01
-6744,2.78,1248,2.18,553,2,12025,14_52_58_10_03_2025,4.84,8.32,0.39,-0.11,0.04,-0.01
-6383,2.76,1195,2.18,550,2,12062,14_52_58_10_03_2025,4.69,8.42,0.56,-0.08,0.05,-0.02
-6647,2.78,1241,2.18,553,2,12108,14_52_58_10_03_2025,4.77,8.59,0.59,-0.05,0.04,-0.05
-6599,2.77,1053,2.19,552,2,12144,14_52_58_10_03_2025,4.56,8.38,0.36,-0.01,0.01,-0.01
-6530,2.77,1094,2.19,552,2,12181,14_52_58_10_03_2025,4.86,8.36,0.45,-0.07,0.03,0.00
-6597,2.77,908,2.20,551,2,12217,14_52_58_10_03_2025,4.72,8.42,0.73,-0.10,0.04,-0.01
-6415,2.76,1083,2.19,552,2,12252,14_52_58_10_03_2025,4.79,8.43,0.87,-0.05,0.03,0.01
-6647,2.78,1083,2.19,552,2,12287,14_52_58_10_03_2025,4.75,8.51,0.83,0.00,0.00,0.03
-6675,2.78,972,2.20,552,2,12326,14_52_58_10_03_2025,4.76,8.47,0.83,0.00,-0.00,-0.00
-6534,2.77,1228,2.18,552,2,12371,14_52_58_10_03_2025,4.84,8.37,0.66,0.04,-0.02,0.04
-6538,2.77,1019,2.20,552,2,12407,14_52_58_10_03_2025,4.92,8.31,0.48,0.04,-0.01,0.02
-6474,2.76,1054,2.19,552,2,12443,14_52_58_10_03_2025,4.83,8.41,0.51,0.01,0.01,0.01
-6314,2.75,983,2.20,553,2,12487,14_52_59_10_03_2025,4.78,8.43,0.58,0.00,-0.00,0.02
-6649,2.78,1313,2.17,552,2,12522,14_52_59_10_03_2025,4.83,8.39,0.63,0.02,-0.01,0.01
-6575,2.77,1117,2.19,552,2,12558,14_52_59_10_03_2025,4.93,8.38,0.67,0.04,-0.01,0.01
-6451,2.76,944,2.20,552,2,12605,14_52_59_10_03_2025,4.90,8.39,0.50,0.03,-0.02,0.00
-6490,2.76,969,2.20,552,2,12640,14_52_59_10_03_2025,4.78,8.45,0.50,0.00,-0.02,0.01
-6682,2.78,1135,2.19,552,2,12676,14_52_59_10_03_2025,4.91,8.42,0.51,0.02,-0.03,0.02
-6680,2.78,1085,2.19,553,2,12712,14_52_59_10_03_2025,4.83,8.34,0.34,0.04,-0.03,0.01
-6457,2.76,1195,2.18,552,2,12749,14_52_59_10_03_2025,4.79,8.38,0.48,-0.02,-0.01,-0.01
-6513,2.77,1201,2.18,552,2,12785,14_52_59_10_03_2025,4.75,8.50,0.61,0.01,-0.01,-0.00
-6698,2.78,1149,2.19,552,2,12823,14_52_59_10_03_2025,4.74,8.45,0.50,0.03,-0.01,0.01
-6448,2.76,1134,2.19,552,2,12858,14_52_59_10_03_2025,4.78,8.42,0.48,0.03,-0.01,0.01
-7138,2.81,2756,2.06,552,2,12896,14_52_59_10_03_2025,4.83,8.39,0.47,0.05,-0.01,0.01
-6965,2.80,2763,2.06,552,2,12933,14_52_59_10_03_2025,4.83,8.33,0.41,0.01,-0.00,0.02
-6981,2.80,2079,2.12,552,2,12968,14_52_59_10_03_2025,4.95,8.38,0.52,-0.02,-0.01,0.01
-7486,2.84,2475,2.09,552,2,13004,14_52_59_10_03_2025,4.98,8.34,0.63,-0.00,-0.01,0.01
-8149,2.89,2893,2.05,551,2,13051,14_52_59_10_03_2025,4.90,8.36,0.50,0.02,-0.02,-0.01
-8066,2.88,3084,2.04,551,2,13086,14_52_59_10_03_2025,4.81,8.37,0.57,0.01,-0.01,-0.01
-7891,2.87,3428,2.01,553,2,13122,14_52_59_10_03_2025,4.80,8.43,0.51,0.02,-0.01,-0.01
-8106,2.89,2762,2.06,552,2,13157,14_52_59_10_03_2025,4.89,8.39,0.43,0.02,-0.02,-0.01
-8502,2.92,2371,2.09,552,2,13194,14_52_59_10_03_2025,4.83,8.33,0.42,-0.00,-0.03,-0.01
-8502,2.92,1116,2.19,552,2,13232,14_52_59_10_03_2025,4.79,8.45,0.34,0.00,-0.02,-0.02
-10510,3.07,392,2.24,552,2,13268,14_52_59_10_03_2025,4.72,8.46,0.43,-0.03,-0.01,-0.01
-10500,3.07,-410,2.30,552,2,13303,14_52_59_10_03_2025,4.74,8.43,0.46,-0.00,0.00,-0.01
-9589,3.00,-901,2.34,552,2,13339,14_52_59_10_03_2025,4.79,8.40,0.46,-0.00,0.00,-0.00
-9817,3.02,-1038,2.35,552,2,13375,14_52_59_10_03_2025,4.83,8.46,0.48,-0.02,0.02,-0.01
-10319,3.05,-1933,2.42,551,2,13411,14_52_59_10_03_2025,4.83,8.38,0.55,-0.03,0.02,-0.01
-9922,3.02,-1446,2.38,551,2,13457,14_52_59_10_03_2025,4.85,8.38,0.48,-0.02,0.01,0.00
-9811,3.02,-722,2.33,552,2,13493,14_53_00_10_03_2025,4.78,8.40,0.48,-0.02,0.01,-0.01
-9811,3.02,-511,2.31,552,2,13530,14_53_00_10_03_2025,4.84,8.39,0.56,-0.00,0.00,-0.01
-10271,3.05,-939,2.34,552,2,13565,14_53_00_10_03_2025,4.83,8.41,0.55,-0.02,-0.00,-0.01
-9993,3.03,-926,2.34,552,2,13601,14_53_00_10_03_2025,4.86,8.40,0.62,0.00,-0.00,-0.01
-10023,3.03,-1029,2.35,551,2,13636,14_53_00_10_03_2025,4.89,8.41,0.55,0.04,-0.02,-0.00
-10271,3.05,-1108,2.36,552,2,13675,14_53_00_10_03_2025,4.79,8.41,0.40,-0.00,-0.01,0.00
-10545,3.07,-841,2.34,552,2,13711,14_53_00_10_03_2025,4.68,8.42,0.48,-0.01,0.01,-0.00
-10527,3.07,-763,2.33,551,2,13746,14_53_00_10_03_2025,4.68,8.48,0.54,0.03,0.01,0.00
-9972,3.03,-1248,2.37,550,2,13782,14_53_00_10_03_2025,4.72,8.45,0.51,0.05,-0.00,0.01
-9751,3.01,-1320,2.37,551,2,13817,14_53_00_10_03_2025,4.87,8.42,0.45,0.01,0.01,0.02
-9636,3.00,-762,2.33,550,2,13853,14_53_00_10_03_2025,4.85,8.40,0.54,-0.02,0.01,-0.01
-9305,2.98,-851,2.34,552,2,13901,14_53_00_10_03_2025,4.93,8.35,0.50,0.04,-0.01,0.01
-9566,3.00,-851,2.34,551,2,13936,14_53_00_10_03_2025,4.87,8.37,0.45,0.02,-0.00,0.02
-9589,3.00,-542,2.31,552,2,13972,14_53_00_10_03_2025,4.83,8.40,0.50,0.02,-0.00,0.01
-9377,2.98,-382,2.30,551,2,14008,14_53_00_10_03_2025,4.86,8.38,0.56,0.06,0.00,0.02
-9267,2.97,-80,2.28,552,2,14044,14_53_00_10_03_2025,4.76,8.44,0.48,0.11,-0.00,0.01
-9297,2.98,-120,2.28,552,2,14080,14_53_00_10_03_2025,4.85,8.39,0.43,0.09,-0.01,0.02
-9306,2.98,-3,2.27,552,2,14119,14_53_00_10_03_2025,4.86,8.42,0.43,0.04,0.00,0.00
-9391,2.98,146,2.26,551,2,14154,14_53_00_10_03_2025,4.85,8.38,0.38,0.03,-0.02,-0.00
-9499,2.99,118,2.26,552,2,14191,14_53_00_10_03_2025,4.87,8.37,0.35,0.02,-0.02,-0.00
-9252,2.97,349,2.25,551,2,14226,14_53_00_10_03_2025,4.80,8.41,0.38,-0.01,-0.00,-0.01
-9136,2.96,522,2.23,552,2,14261,14_53_00_10_03_2025,4.73,8.43,0.47,0.01,-0.00,-0.01
-9452,2.99,426,2.24,552,2,14297,14_53_00_10_03_2025,4.80,8.41,0.45,0.04,0.00,-0.01
-9383,2.98,466,2.24,552,2,14344,14_53_00_10_03_2025,4.86,8.38,0.33,0.04,-0.01,-0.00
-9397,2.98,454,2.24,552,2,14380,14_53_00_10_03_2025,4.87,8.37,0.31,0.01,-0.00,0.00
-9450,2.99,345,2.25,552,2,14415,14_53_00_10_03_2025,4.79,8.43,0.33,0.01,-0.00,-0.00
-9361,2.98,459,2.24,552,2,14451,14_53_00_10_03_2025,4.77,8.44,0.41,0.01,0.00,-0.00
-9545,3.00,177,2.26,552,2,14488,14_53_01_10_03_2025,4.80,8.46,0.38,0.05,-0.00,0.00
-9543,3.00,414,2.24,551,2,14524,14_53_01_10_03_2025,4.84,8.36,0.24,0.05,0.00,0.01
-9352,2.98,385,2.24,552,2,14562,14_53_01_10_03_2025,4.86,8.40,0.29,0.01,0.01,0.00
-9653,3.00,291,2.25,551,2,14598,14_53_01_10_03_2025,4.86,8.35,0.34,0.00,0.00,0.00
-9570,3.00,268,2.25,551,2,14634,14_53_01_10_03_2025,4.82,8.48,0.34,0.01,0.02,-0.00
-9550,3.00,38,2.27,552,2,14670,14_53_01_10_03_2025,4.83,8.40,0.36,0.01,0.01,-0.00
-9549,3.00,44,2.27,552,2,14705,14_53_01_10_03_2025,4.83,8.31,0.33,0.03,0.00,-0.01
-9610,3.00,-22,2.27,551,2,14741,14_53_01_10_03_2025,4.91,8.38,0.33,0.01,0.01,-0.01
-9696,3.01,-57,2.28,552,2,14776,14_53_01_10_03_2025,4.88,8.43,0.46,-0.00,0.00,-0.01
-9721,3.01,406,2.24,552,2,14825,14_53_01_10_03_2025,4.83,8.44,0.35,0.04,-0.01,0.01
-9573,3.00,335,2.25,552,2,14860,14_53_01_10_03_2025,4.82,8.43,0.29,0.03,-0.01,0.01
-9765,3.01,373,2.24,551,2,14896,14_53_01_10_03_2025,4.72,8.35,0.26,0.04,-0.01,-0.00
-9670,3.01,389,2.24,552,2,14932,14_53_01_10_03_2025,4.79,8.30,0.21,0.03,0.00,0.00
-9930,3.03,633,2.22,552,2,14969,14_53_01_10_03_2025,4.79,8.64,0.43,-0.01,0.03,-0.02
-9744,3.01,549,2.23,551,2,15004,14_53_01_10_03_2025,4.96,8.43,0.28,0.04,-0.01,0.03
-10017,3.03,229,2.26,552,2,15043,14_53_01_10_03_2025,4.73,8.31,0.20,0.09,-0.00,-0.00
-9603,3.00,415,2.24,552,2,15078,14_53_01_10_03_2025,4.78,8.40,0.20,0.08,0.01,-0.01
-9683,3.01,547,2.23,552,2,15114,14_53_01_10_03_2025,4.83,8.41,0.26,0.03,0.02,0.01
-9579,3.00,658,2.22,552,2,15150,14_53_01_10_03_2025,4.97,8.42,0.38,0.04,0.02,0.00
-9429,2.99,498,2.23,552,2,15186,14_53_01_10_03_2025,4.91,8.39,0.38,0.06,0.01,0.02
-9364,2.98,620,2.23,552,2,15221,14_53_01_10_03_2025,4.83,8.36,0.31,0.12,0.00,-0.00
-9229,2.97,926,2.20,552,2,15268,14_53_01_10_03_2025,4.85,8.43,0.05,0.17,-0.01,-0.02
-9468,2.99,1085,2.19,553,2,15304,14_53_01_10_03_2025,4.81,8.41,0.07,0.05,-0.03,0.00
-9279,2.98,1185,2.18,552,2,15339,14_53_01_10_03_2025,4.70,8.38,0.07,0.03,-0.02,0.00
-9497,2.99,888,2.21,552,2,15375,14_53_01_10_03_2025,4.85,8.42,0.10,0.03,0.05,-0.00
-9440,2.99,966,2.20,551,2,15411,14_53_01_10_03_2025,4.82,8.46,0.14,0.05,-0.00,-0.02
-8917,2.95,998,2.20,553,2,15447,14_53_01_10_03_2025,4.86,8.47,0.26,0.02,-0.00,0.01
-7663,2.85,728,2.22,552,2,15485,14_53_02_10_03_2025,4.82,8.42,0.09,0.09,-0.02,-0.00
-6858,2.79,497,2.24,552,2,15520,14_53_02_10_03_2025,4.88,8.40,-0.01,0.03,-0.01,0.02
-7446,2.84,1003,2.20,552,2,15556,14_53_02_10_03_2025,4.87,8.39,-0.03,0.02,0.00,0.01
-8362,2.91,1018,2.20,553,2,15592,14_53_02_10_03_2025,4.84,8.43,-0.02,0.02,0.00,0.00
-8280,2.90,1142,2.19,550,2,15628,14_53_02_10_03_2025,4.85,8.39,-0.01,-0.01,-0.00,0.01
-7842,2.87,1165,2.18,552,2,15665,14_53_02_10_03_2025,4.83,8.37,0.03,0.01,-0.00,-0.01
-7631,2.85,1003,2.20,552,2,15712,14_53_02_10_03_2025,4.83,8.42,0.08,-0.00,0.00,-0.01
-8633,2.93,1296,2.17,552,2,15748,14_53_02_10_03_2025,4.78,8.39,0.05,-0.05,0.01,0.01
-7999,2.88,946,2.20,552,2,15784,14_53_02_10_03_2025,4.84,8.45,0.15,-0.07,0.01,0.01
-8096,2.89,921,2.20,552,2,15821,14_53_02_10_03_2025,4.84,8.41,0.16,-0.03,0.01,0.01
-7271,2.82,921,2.20,552,2,15857,14_53_02_10_03_2025,4.80,8.37,0.14,-0.04,0.02,0.00
-8402,2.91,942,2.20,552,2,15893,14_53_02_10_03_2025,4.88,8.50,0.21,-0.02,0.02,0.00
-9873,3.02,759,2.22,552,2,15932,14_53_02_10_03_2025,4.75,8.43,0.06,0.05,-0.01,0.01
-11304,3.13,1079,2.19,550,2,15968,14_53_02_10_03_2025,4.78,8.37,0.09,-0.00,0.01,0.01
-11291,3.13,1601,2.15,552,2,16003,14_53_02_10_03_2025,4.91,8.35,0.17,0.03,0.01,-0.01
-10938,3.10,1391,2.17,552,2,16039,14_53_02_10_03_2025,5.03,8.35,0.07,0.01,-0.00,-0.01
-10884,3.10,1467,2.16,552,2,16075,14_53_02_10_03_2025,4.91,8.36,0.13,-0.03,-0.01,-0.02
-10711,3.08,1458,2.16,552,2,16111,14_53_02_10_03_2025,4.84,8.39,0.21,-0.03,-0.00,-0.02
-10821,3.09,1504,2.16,550,2,16158,14_53_02_10_03_2025,4.81,8.44,0.22,0.00,-0.01,-0.01
-10068,3.04,1642,2.15,552,2,16194,14_53_02_10_03_2025,4.78,8.45,0.21,-0.02,-0.00,-0.01
-10232,3.05,1661,2.15,552,2,16230,14_53_02_10_03_2025,4.76,8.46,0.19,0.00,-0.00,-0.01
-10110,3.04,1401,2.17,552,2,16266,14_53_02_10_03_2025,4.74,8.43,0.17,0.00,-0.00,-0.00
-9939,3.03,1421,2.17,553,2,16301,14_53_02_10_03_2025,4.73,8.44,0.14,0.01,-0.00,0.00
-9426,2.99,1607,2.15,552,2,16337,14_53_02_10_03_2025,4.80,8.43,0.14,-0.00,-0.00,0.01
-9229,2.97,1462,2.16,552,2,16375,14_53_02_10_03_2025,4.84,8.42,0.15,-0.01,0.01,0.01
-9229,2.97,1501,2.16,552,2,16412,14_53_02_10_03_2025,4.89,8.38,0.16,-0.01,0.01,0.01
-8180,2.89,1592,2.15,551,2,16447,14_53_02_10_03_2025,4.90,8.42,0.22,-0.00,0.00,0.00
-8443,2.91,1852,2.13,552,2,16482,14_53_03_10_03_2025,4.83,8.41,0.20,0.01,-0.00,-0.00
-9481,2.99,1813,2.14,552,2,16517,14_53_03_10_03_2025,4.81,8.32,0.03,-0.00,0.00,0.01
-9400,2.98,1423,2.16,552,2,16554,14_53_03_10_03_2025,4.78,8.39,0.18,-0.07,0.02,-0.02
-8713,2.93,1248,2.18,553,2,16600,14_53_03_10_03_2025,4.89,8.52,0.42,0.00,-0.02,-0.01
-9269,2.97,989,2.20,551,2,16647,14_53_03_10_03_2025,4.77,8.37,0.10,0.03,-0.03,0.02
-9659,3.00,1319,2.17,552,2,16683,14_53_03_10_03_2025,4.79,8.44,0.15,-0.01,0.00,0.00
-10412,3.06,1292,2.17,553,2,16753,14_53_03_10_03_2025,4.78,8.41,0.12,-0.01,0.00,0.01
-10478,3.07,744,2.22,552,2,16844,14_53_03_10_03_2025,4.89,8.44,0.36,0.01,-0.01,-0.01
-10573,3.07,21,2.27,552,2,16880,14_53_03_10_03_2025,4.79,8.42,0.29,0.01,-0.01,0.00
-10103,3.04,-260,2.29,552,2,16950,14_53_03_10_03_2025,4.87,8.40,0.19,0.03,-0.02,0.01
-10421,3.06,-474,2.31,552,2,16985,14_53_03_10_03_2025,4.88,8.43,0.24,-0.02,0.01,-0.00
-10721,3.08,-272,2.29,552,2,17056,14_53_03_10_03_2025,4.87,8.33,0.23,-0.01,-0.01,-0.00
-10388,3.06,-613,2.32,552,2,17146,14_53_03_10_03_2025,4.82,8.41,0.21,-0.01,0.00,-0.02
-9943,3.03,-653,2.32,552,2,17182,14_53_03_10_03_2025,4.75,8.43,0.25,0.02,-0.01,-0.00
-10275,3.05,-448,2.31,552,2,17252,14_53_03_10_03_2025,4.77,8.42,0.25,0.02,-0.01,0.01
-10117,3.04,-574,2.32,552,2,17342,14_53_03_10_03_2025,4.86,8.41,0.27,0.01,-0.00,0.01
-9998,3.03,-9,2.27,552,2,17377,14_53_03_10_03_2025,4.88,8.39,0.20,0.02,-0.00,0.01
-9753,3.01,-876,2.34,551,2,17448,14_53_03_10_03_2025,4.84,8.40,0.16,0.00,0.00,0.00
-9787,3.01,-1184,2.36,552,2,17539,14_53_04_10_03_2025,4.82,8.42,0.21,0.00,-0.00,-0.01
-9787,3.01,461,2.24,551,2,17575,14_53_04_10_03_2025,4.89,8.47,0.35,-0.03,0.01,0.00
-9917,3.02,791,2.21,552,2,17644,14_53_04_10_03_2025,4.79,8.43,0.30,0.02,0.00,0.00
-9730,3.01,811,2.21,552,2,17734,14_53_04_10_03_2025,4.74,8.40,0.25,0.01,0.01,-0.01
-9465,2.99,823,2.21,552,2,17769,14_53_04_10_03_2025,4.83,8.36,0.20,0.00,0.02,-0.00
-9308,2.98,493,2.24,552,2,17841,14_53_04_10_03_2025,4.89,8.38,0.24,-0.01,0.01,-0.01
-9694,3.01,506,2.23,552,2,17931,14_53_04_10_03_2025,4.84,8.35,0.17,0.02,-0.01,-0.00
-7661,2.85,301,2.25,552,2,17968,14_53_04_10_03_2025,4.76,8.45,0.30,0.04,-0.00,-0.00
-7641,2.85,23,2.27,552,2,18036,14_53_04_10_03_2025,4.78,8.44,0.25,0.01,0.00,0.00
-9092,2.96,710,2.22,552,2,18128,14_53_04_10_03_2025,4.83,8.38,0.21,0.02,-0.01,0.00
-8320,2.90,-37,2.28,552,2,18163,14_53_04_10_03_2025,4.90,8.43,0.36,-0.01,-0.01,-0.00
-7877,2.87,332,2.25,552,2,18233,14_53_04_10_03_2025,4.82,8.43,0.30,0.04,-0.02,0.00
-7916,2.87,-354,2.30,550,2,18269,14_53_04_10_03_2025,4.82,8.41,0.21,0.01,-0.01,0.00
-8164,2.89,-477,2.31,552,2,18339,14_53_04_10_03_2025,4.97,8.40,0.24,0.02,-0.01,0.01
-8509,2.92,1046,2.19,552,2,18429,14_53_04_10_03_2025,4.91,8.37,0.20,0.02,-0.02,-0.01
-9755,3.01,497,2.24,552,2,18467,14_53_05_10_03_2025,4.73,8.49,0.32,0.07,-0.02,-0.01
-9863,3.02,388,2.24,552,2,18535,14_53_05_10_03_2025,4.90,8.50,0.12,0.13,-0.07,-0.02
-12623,3.23,794,2.21,552,2,18625,14_53_05_10_03_2025,4.80,8.30,-0.04,0.02,-0.02,0.01
-18789,3.70,1534,2.16,552,2,18663,14_53_05_10_03_2025,4.79,8.54,0.10,0.09,-0.05,-0.01
-20613,3.83,1824,2.13,551,2,18731,14_53_05_10_03_2025,4.78,8.39,0.03,0.11,-0.07,-0.02
-26404,4.27,2709,2.07,552,2,18821,14_53_05_10_03_2025,4.71,8.45,-0.00,0.09,-0.03,-0.03
-41203,5.39,3365,2.02,552,2,18868,14_53_05_10_03_2025,4.76,8.56,0.09,0.05,-0.01,-0.01
-51903,6.20,3321,2.02,552,2,18928,14_53_05_10_03_2025,4.73,8.46,-0.07,0.08,-0.03,0.00
-73276,7.82,3102,2.04,551,2,19017,14_53_05_10_03_2025,4.83,8.43,-0.15,0.08,-0.02,0.00
-102971,10.07,2540,2.08,550,2,19054,14_53_05_10_03_2025,4.86,8.49,-0.11,-0.02,0.00,-0.02
-114223,10.93,2417,2.09,549,2,19126,14_53_05_10_03_2025,4.78,8.40,-0.06,0.04,-0.01,-0.02
-128621,12.02,2690,2.07,552,2,19217,14_53_05_10_03_2025,4.66,8.38,-0.18,-0.05,0.01,-0.00
-135606,12.55,3051,2.04,552,2,19252,14_53_05_10_03_2025,4.70,8.54,-0.07,0.01,-0.00,-0.01
-140142,12.89,3123,2.04,552,2,19326,14_53_05_10_03_2025,4.76,8.42,-0.11,0.05,-0.02,-0.00
-129737,12.10,2274,2.10,551,2,19417,14_53_05_10_03_2025,4.80,8.41,-0.09,-0.03,0.01,0.01
-118371,11.24,3033,2.04,552,2,19510,14_53_05_10_03_2025,4.86,8.42,-0.09,-0.04,0.01,0.00
-115767,11.04,2998,2.05,552,2,19545,14_53_06_10_03_2025,4.78,8.37,-0.11,-0.01,-0.01,-0.00
-120354,11.39,3014,2.04,552,2,19618,14_53_06_10_03_2025,4.81,8.45,-0.09,-0.00,0.00,-0.02
-126994,11.89,2673,2.07,552,2,19709,14_53_06_10_03_2025,4.77,8.44,-0.11,0.01,-0.01,-0.01
-139590,12.85,2567,2.08,552,2,19745,14_53_06_10_03_2025,4.78,8.43,-0.07,-0.01,0.01,-0.02
-156687,14.14,2332,2.10,551,2,19932,14_53_06_10_03_2025,4.77,8.44,-0.07,0.01,-0.01,-0.00
-165606,14.82,2440,2.09,552,2,20116,14_53_06_10_03_2025,4.74,8.45,-0.09,0.01,-0.00,-0.00
-166384,14.88,2242,2.10,552,2,20153,14_53_06_10_03_2025,4.71,8.42,-0.13,0.00,-0.00,0.00
-165844,14.84,2198,2.11,551,2,20193,14_53_06_10_03_2025,4.77,8.44,-0.07,-0.00,0.00,0.00
-165555,14.81,2274,2.10,552,2,20228,14_53_06_10_03_2025,4.81,8.46,-0.05,-0.00,-0.00,0.00
-163805,14.68,2119,2.11,552,2,20264,14_53_06_10_03_2025,4.80,8.45,-0.11,0.01,-0.00,-0.00
-164090,14.70,2355,2.09,553,2,20300,14_53_06_10_03_2025,4.77,8.45,-0.08,0.00,-0.01,-0.00
-162426,14.58,2372,2.09,552,2,20337,14_53_06_10_03_2025,4.75,8.41,-0.11,-0.01,-0.00,0.00
-159680,14.37,2055,2.12,551,2,20400,14_53_06_10_03_2025,4.75,8.43,-0.03,-0.00,-0.00,-0.01
-157104,14.17,2259,2.10,552,2,20446,14_53_06_10_03_2025,4.74,8.46,-0.10,-0.00,-0.00,-0.00
-155725,14.07,2082,2.12,550,2,20508,14_53_07_10_03_2025,4.78,8.43,-0.06,-0.01,0.00,0.00
-155696,14.07,2270,2.10,552,2,20599,14_53_07_10_03_2025,4.75,8.44,-0.12,0.01,-0.01,0.00
-157169,14.18,2239,2.10,552,2,20636,14_53_07_10_03_2025,4.76,8.45,-0.03,0.02,-0.00,-0.01
-157239,14.18,2233,2.10,552,2,20708,14_53_07_10_03_2025,4.78,8.45,-0.07,0.01,-0.01,0.00
-159540,14.36,2238,2.10,552,2,20799,14_53_07_10_03_2025,4.76,8.43,-0.05,0.00,-0.00,0.00
-160298,14.42,2099,2.11,552,2,20892,14_53_07_10_03_2025,4.76,8.44,-0.06,0.00,0.00,0.00
-161263,14.49,2158,2.11,552,2,20927,14_53_07_10_03_2025,4.76,8.47,-0.06,-0.00,0.00,0.00
-162721,14.60,2388,2.09,552,2,20999,14_53_07_10_03_2025,4.76,8.45,-0.06,0.00,-0.00,0.00
-165380,14.80,2491,2.08,552,2,21090,14_53_07_10_03_2025,4.80,8.37,-0.04,-0.01,-0.00,0.01
-168529,15.04,2301,2.10,551,2,21126,14_53_07_10_03_2025,4.78,8.50,0.08,0.01,-0.01,-0.01
-165453,14.81,2321,2.10,552,2,21198,14_53_07_10_03_2025,4.76,8.43,-0.13,0.03,-0.01,0.00
-163397,14.65,2477,2.09,552,2,21291,14_53_07_10_03_2025,4.75,8.40,-0.04,-0.00,-0.00,-0.00
-162790,14.61,2493,2.08,552,2,21327,14_53_07_10_03_2025,4.78,8.47,-0.02,-0.01,0.00,0.01
-162381,14.57,2356,2.09,552,2,21398,14_53_07_10_03_2025,4.77,8.42,-0.04,0.00,-0.00,0.00
-162108,14.55,2176,2.11,552,2,21490,14_53_07_10_03_2025,4.79,8.45,-0.03,0.01,-0.01,-0.00
-165823,14.84,2193,2.11,550,2,21585,14_53_08_10_03_2025,4.77,8.45,0.06,0.00,-0.00,-0.00
-165828,14.84,2314,2.10,551,2,21624,14_53_08_10_03_2025,4.79,8.42,0.01,0.01,-0.00,-0.00
-165950,14.84,2285,2.10,550,2,21690,14_53_08_10_03_2025,4.75,8.43,-0.05,0.01,-0.00,-0.00
-164044,14.70,2138,2.11,551,2,21781,14_53_08_10_03_2025,4.76,8.44,-0.02,0.01,-0.00,0.00
-159228,14.34,2155,2.11,552,2,21817,14_53_08_10_03_2025,4.80,8.40,-0.04,-0.01,0.00,0.01
-157592,14.21,2521,2.08,553,2,21890,14_53_08_10_03_2025,4.75,8.48,0.01,-0.03,0.01,0.00
-153689,13.92,2527,2.08,552,2,21982,14_53_08_10_03_2025,4.80,8.45,0.02,0.03,-0.01,-0.01
-104361,10.18,3067,2.04,552,2,22028,14_53_08_10_03_2025,4.78,8.48,0.04,0.02,0.00,-0.01
-66789,7.33,2566,2.08,552,2,22088,14_53_08_10_03_2025,4.64,8.36,-0.10,-0.05,0.02,0.01
-30559,4.59,2077,2.12,552,2,22178,14_53_08_10_03_2025,4.75,8.48,0.12,-0.20,0.13,0.01
-10725,3.09,2824,2.06,552,2,22213,14_53_08_10_03_2025,4.86,8.34,0.09,0.08,-0.03,0.01
-8100,2.89,2590,2.08,551,2,22285,14_53_08_10_03_2025,4.85,8.34,0.11,0.01,0.00,0.00
-6188,2.74,2779,2.06,552,2,22375,14_53_08_10_03_2025,4.74,8.51,0.17,0.00,0.01,-0.00
-6538,2.77,2950,2.05,552,2,22411,14_53_08_10_03_2025,4.86,8.39,0.13,-0.03,0.05,0.00
-6587,2.77,2944,2.05,552,2,22481,14_53_08_10_03_2025,4.83,8.44,0.24,0.01,0.01,0.00
-7150,2.81,3205,2.03,552,2,22570,14_53_09_10_03_2025,4.92,8.40,0.17,0.01,0.00,-0.00
-8032,2.88,3082,2.04,552,2,22606,14_53_09_10_03_2025,4.79,8.40,0.22,0.01,0.00,-0.02
-9892,3.02,3207,2.03,550,2,22677,14_53_09_10_03_2025,4.78,8.39,0.15,0.03,-0.01,-0.01
-9835,3.02,2360,2.09,551,2,22766,14_53_09_10_03_2025,4.82,8.42,0.22,0.08,-0.02,0.01
-9567,3.00,2132,2.11,552,2,22803,14_53_09_10_03_2025,4.78,8.43,0.18,0.03,-0.02,0.01
-8805,2.94,2165,2.11,552,2,22873,14_53_09_10_03_2025,4.77,8.44,0.13,0.04,-0.02,0.00
-9150,2.97,2297,2.10,552,2,22964,14_53_09_10_03_2025,4.81,8.44,0.06,0.03,-0.01,0.01
-10062,3.04,2544,2.08,551,2,23000,14_53_09_10_03_2025,4.97,8.46,-0.00,-0.02,-0.01,0.00
-9698,3.01,2135,2.11,552,2,23069,14_53_09_10_03_2025,4.80,8.43,0.11,-0.06,0.03,0.04
-9610,3.00,1980,2.12,551,2,23107,14_53_09_10_03_2025,4.88,8.46,0.15,-0.01,-0.00,0.01
-9610,3.00,1646,2.15,551,2,23175,14_53_09_10_03_2025,4.90,8.40,0.13,0.02,-0.01,-0.00
-9621,3.00,1065,2.19,552,2,23266,14_53_09_10_03_2025,4.86,8.40,0.13,0.05,-0.03,-0.02
-9534,2.99,-167,2.29,552,2,23302,14_53_09_10_03_2025,4.75,8.39,0.08,-0.02,-0.00,-0.01
-9556,3.00,2,2.27,552,2,23372,14_53_09_10_03_2025,4.78,8.43,0.11,0.01,-0.01,-0.00
-9486,2.99,-171,2.29,551,2,23461,14_53_09_10_03_2025,4.82,8.44,0.07,-0.00,0.00,0.00
-9441,2.99,358,2.25,551,2,23509,14_53_10_10_03_2025,4.82,8.38,0.04,0.00,-0.00,-0.00
-9531,2.99,353,2.25,552,2,23568,14_53_10_10_03_2025,4.85,8.42,0.09,-0.00,0.00,-0.01
-9666,3.01,-371,2.30,551,2,23658,14_53_10_10_03_2025,4.81,8.37,0.04,-0.02,0.01,-0.00
-9732,3.01,867,2.21,551,2,23694,14_53_10_10_03_2025,4.82,8.42,0.15,-0.01,-0.00,-0.00
-9567,3.00,1012,2.20,552,2,23764,14_53_10_10_03_2025,4.80,8.43,0.09,0.00,-0.01,-0.01
-9693,3.01,1647,2.15,552,2,23854,14_53_10_10_03_2025,4.79,8.45,0.13,0.00,-0.00,-0.00
-9548,3.00,1433,2.16,552,2,23892,14_53_10_10_03_2025,4.84,8.41,0.09,-0.01,0.00,0.00
-9430,2.99,1681,2.15,552,2,23960,14_53_10_10_03_2025,4.79,8.43,0.11,-0.03,0.01,0.00
-9443,2.99,-722,2.33,552,2,24050,14_53_10_10_03_2025,4.90,8.45,0.11,0.01,-0.01,0.00
-9687,3.01,-7931,2.87,552,2,24087,14_53_10_10_03_2025,4.83,8.42,0.15,-0.02,-0.00,-0.03
-9548,3.00,-8710,2.93,552,2,24156,14_53_10_10_03_2025,4.72,8.43,0.19,-0.02,-0.00,-0.01
-9768,3.01,-10050,3.03,552,2,24248,14_53_10_10_03_2025,4.74,8.45,0.23,0.00,-0.01,-0.01
-9602,3.00,-6256,2.75,552,2,24295,14_53_10_10_03_2025,4.75,8.47,0.16,-0.02,-0.00,0.00
-9602,3.00,-9357,2.98,552,2,24354,14_53_10_10_03_2025,4.77,8.40,0.10,0.01,-0.01,0.01
-8955,2.95,-9847,3.02,550,2,24390,14_53_10_10_03_2025,4.77,8.34,0.03,-0.02,0.00,0.01
-8848,2.94,-10785,3.09,552,2,24458,14_53_10_10_03_2025,4.88,8.38,0.14,-0.04,0.02,0.00
-9007,2.96,-13922,3.33,552,2,24549,14_53_11_10_03_2025,4.79,8.48,0.20,-0.01,0.00,-0.01
-8483,2.92,-19942,3.78,551,2,24584,14_53_11_10_03_2025,4.80,8.44,0.11,-0.02,-0.01,0.00
-8170,2.89,-26696,4.30,552,2,24655,14_53_11_10_03_2025,4.81,8.41,0.20,-0.03,-0.00,0.00
-7982,2.88,-34504,4.89,552,2,24746,14_53_11_10_03_2025,4.82,8.38,0.18,0.00,-0.01,-0.01
-7940,2.87,-44444,5.64,550,2,24782,14_53_11_10_03_2025,4.73,8.46,0.22,-0.04,-0.01,-0.00
-7769,2.86,-50409,6.09,552,2,24851,14_53_11_10_03_2025,4.72,8.51,0.27,-0.06,-0.00,0.01
-7706,2.86,-62233,6.99,550,2,24941,14_53_11_10_03_2025,4.75,8.44,0.24,-0.01,-0.00,0.00
-7912,2.87,-72599,7.77,552,2,24976,14_53_11_10_03_2025,4.85,8.39,0.32,-0.01,0.00,-0.01
-8170,2.89,-82623,8.53,552,2,25048,14_53_11_10_03_2025,4.77,8.46,0.25,0.03,-0.00,-0.00
-8134,2.89,-98140,9.71,552,2,25137,14_53_11_10_03_2025,4.91,8.36,0.26,0.01,-0.01,0.01
-8002,2.88,-119409,11.32,552,2,25173,14_53_11_10_03_2025,4.76,8.51,0.27,-0.01,-0.00,-0.02
-7821,2.87,-124303,11.69,550,2,25244,14_53_11_10_03_2025,4.78,8.45,0.23,-0.00,-0.00,0.00
-7999,2.88,-133351,12.38,553,2,25337,14_53_11_10_03_2025,4.71,8.47,0.18,-0.00,-0.01,-0.01
-8172,2.89,-148610,13.53,552,2,25373,14_53_11_10_03_2025,4.81,8.40,0.20,0.01,0.00,-0.01
-8128,2.89,-150286,13.66,551,2,25445,14_53_11_10_03_2025,4.81,8.44,0.26,0.01,0.00,-0.01
-8210,2.89,-154423,13.97,552,2,25537,14_53_12_10_03_2025,4.80,8.47,0.20,0.02,-0.00,-0.00
-7989,2.88,-159315,14.34,552,2,25629,14_53_12_10_03_2025,4.78,8.48,0.22,0.02,-0.00,-0.00
-8263,2.90,-160240,14.41,552,2,25665,14_53_12_10_03_2025,4.79,8.43,0.18,0.03,-0.02,-0.00
-8333,2.90,-161841,14.53,552,2,25737,14_53_12_10_03_2025,4.78,8.44,0.12,0.01,-0.01,0.01
-8261,2.90,-166519,14.89,552,2,25829,14_53_12_10_03_2025,4.73,8.43,0.23,0.00,-0.00,-0.01
-8528,2.92,-167989,15.00,552,2,25865,14_53_12_10_03_2025,4.79,8.42,0.13,0.04,-0.01,0.00
-8599,2.92,-167999,15.00,552,2,25936,14_53_12_10_03_2025,4.80,8.42,0.16,0.01,-0.01,0.00
-8583,2.92,-168094,15.01,552,2,26028,14_53_12_10_03_2025,4.77,8.42,0.08,0.03,-0.01,0.00
-8512,2.92,-169103,15.08,552,2,26065,14_53_12_10_03_2025,4.79,8.46,0.12,0.03,-0.01,0.00
-8603,2.92,-168539,15.04,552,2,26135,14_53_12_10_03_2025,4.77,8.44,0.11,0.05,-0.02,-0.01
-8603,2.92,-168038,15.00,551,2,26228,14_53_12_10_03_2025,4.78,8.44,0.06,0.02,-0.01,0.00
-8542,2.92,-169943,15.15,551,2,26321,14_53_12_10_03_2025,4.75,8.43,0.06,0.05,-0.02,-0.01
-8827,2.94,-170840,15.22,552,2,26356,14_53_12_10_03_2025,4.77,8.46,0.01,0.05,-0.02,-0.00
-8612,2.93,-170652,15.20,552,2,26428,14_53_12_10_03_2025,4.76,8.41,-0.03,0.02,-0.01,0.00
-8599,2.92,-172943,15.37,552,2,26520,14_53_12_10_03_2025,4.76,8.45,0.00,0.00,-0.00,-0.00
-8629,2.93,-173901,15.45,552,2,26556,14_53_13_10_03_2025,4.80,8.41,-0.01,0.02,-0.01,0.00
-8398,2.91,-174534,15.49,552,2,26627,14_53_13_10_03_2025,4.79,8.43,-0.08,-0.01,0.00,0.01
-8792,2.94,-173610,15.43,552,2,26720,14_53_13_10_03_2025,4.76,8.43,-0.02,-0.02,0.01,0.00
-8652,2.93,-171055,15.23,552,2,26756,14_53_13_10_03_2025,4.78,8.45,0.02,-0.00,0.00,0.00
-8590,2.92,-169627,15.12,552,2,26827,14_53_13_10_03_2025,4.77,8.43,0.02,-0.03,0.01,0.01
-8630,2.93,-169818,15.14,552,2,26919,14_53_13_10_03_2025,4.80,8.43,0.05,0.02,-0.01,0.00
-8636,2.93,-170072,15.16,551,2,27012,14_53_13_10_03_2025,4.80,8.38,0.02,0.02,-0.01,-0.01
-8674,2.93,-171594,15.27,552,2,27050,14_53_13_10_03_2025,4.78,8.45,0.01,0.01,0.00,-0.00
-8636,2.93,-172858,15.37,552,2,27119,14_53_13_10_03_2025,4.77,8.43,-0.02,0.00,-0.00,0.00
-8582,2.92,-175100,15.54,552,2,27210,14_53_13_10_03_2025,4.76,8.41,0.03,0.01,-0.01,-0.01
-8796,2.94,-175589,15.57,551,2,27246,14_53_13_10_03_2025,4.78,8.42,0.00,-0.00,-0.00,0.00
-8556,2.92,-175412,15.56,552,2,27317,14_53_13_10_03_2025,4.77,8.43,0.02,0.00,0.00,-0.00
-8585,2.92,-175058,15.53,552,2,27411,14_53_13_10_03_2025,4.75,8.46,0.03,0.00,0.00,-0.00
-8745,2.94,-174932,15.53,552,2,27447,14_53_13_10_03_2025,4.78,8.43,0.07,0.00,-0.01,-0.00
-8875,2.95,-173722,15.43,552,2,27518,14_53_14_10_03_2025,4.75,8.46,0.03,0.00,0.00,-0.00
-8573,2.92,-170282,15.17,552,2,27610,14_53_14_10_03_2025,4.77,8.44,0.04,-0.01,0.00,-0.00
-8729,2.93,-162319,14.57,552,2,27702,14_53_14_10_03_2025,4.74,8.49,0.07,0.00,-0.00,0.00
-8687,2.93,-152942,13.86,552,2,27738,14_53_14_10_03_2025,4.79,8.40,0.09,-0.01,-0.00,0.01
-8946,2.95,-146370,13.36,552,2,27809,14_53_14_10_03_2025,4.82,8.48,0.08,0.04,-0.01,-0.01
-9042,2.96,-3,2.27,552,2,27900,14_53_14_10_03_2025,4.76,8.46,0.05,0.11,0.00,-0.11
-9078,2.96,-143904,13.17,551,2,27936,14_53_14_10_03_2025,4.71,8.22,-0.49,0.17,-0.03,-0.07
-9160,2.97,-145844,13.32,551,2,28007,14_53_14_10_03_2025,4.90,8.46,-0.27,-0.05,0.05,-0.02
-9114,2.96,-151755,13.77,552,2,28100,14_53_14_10_03_2025,4.72,8.46,-0.28,0.05,-0.01,0.01
-9064,2.96,-151755,13.77,552,2,28137,14_53_14_10_03_2025,4.75,8.49,-0.20,0.01,-0.01,-0.01
-9293,2.98,-158483,14.28,551,2,28207,14_53_14_10_03_2025,4.69,8.47,-0.19,0.02,-0.01,-0.01
-9255,2.97,-160976,14.47,552,2,28300,14_53_14_10_03_2025,4.60,8.54,-0.19,0.05,-0.02,-0.01
-9270,2.97,-165757,14.83,552,2,28335,14_53_14_10_03_2025,4.68,8.44,-0.33,0.07,-0.02,0.00
-9068,2.96,-166549,14.89,552,2,28408,14_53_14_10_03_2025,4.63,8.52,-0.27,0.01,0.00,-0.01
-9191,2.97,-168101,15.01,552,2,28499,14_53_14_10_03_2025,4.69,8.48,-0.39,-0.02,0.02,0.01
-9242,2.97,-173115,15.39,552,2,28591,14_53_15_10_03_2025,4.67,8.53,-0.23,0.02,-0.01,-0.00
-9268,2.97,-182553,16.10,550,2,28627,14_53_15_10_03_2025,4.68,8.48,-0.28,0.01,0.00,0.00
-9012,2.96,-184422,16.24,552,2,28699,14_53_15_10_03_2025,4.68,8.48,-0.25,0.03,-0.01,-0.00
-9359,2.98,-181006,15.99,552,2,28791,14_53_15_10_03_2025,4.68,8.38,-0.35,-0.03,0.01,0.01
-9141,2.97,-177374,15.71,552,2,28829,14_53_15_10_03_2025,4.62,8.46,-0.35,0.00,0.00,0.00
-9228,2.97,-167742,14.98,552,2,28898,14_53_15_10_03_2025,4.65,8.49,-0.29,-0.03,0.01,0.00
-9174,2.97,-104341,10.18,552,2,28991,14_53_15_10_03_2025,4.69,8.27,-0.12,-0.13,0.04,0.00
-8817,2.94,-84073,8.64,552,2,29026,14_53_15_10_03_2025,4.48,8.53,-0.39,0.13,-0.05,0.00
-8963,2.95,-90393,9.12,552,2,29097,14_53_15_10_03_2025,4.54,8.34,-0.33,0.03,-0.04,0.03
-9206,2.97,-134744,12.48,552,2,29188,14_53_15_10_03_2025,4.64,8.39,-0.28,0.00,0.03,0.00
-9041,2.96,-110143,10.62,552,2,29224,14_53_15_10_03_2025,4.80,8.46,-0.10,0.02,-0.01,0.00
-9013,2.96,-122503,11.55,552,2,29296,14_53_15_10_03_2025,4.65,8.59,-0.17,0.05,-0.01,-0.01
-9093,2.96,-173051,15.38,552,2,29387,14_53_15_10_03_2025,4.58,8.30,-0.40,-0.02,0.01,0.01
-8952,2.95,-123616,11.64,552,2,29479,14_53_15_10_03_2025,4.87,8.41,-0.11,-0.03,0.01,-0.01
-9110,2.96,-120159,11.38,552,2,29515,14_53_16_10_03_2025,4.51,8.40,-0.36,-0.02,0.00,0.01
-9065,2.96,-92518,9.28,552,2,29587,14_53_16_10_03_2025,4.78,8.37,-0.13,-0.05,0.01,-0.00
-9074,2.96,-28703,4.45,552,2,29676,14_53_16_10_03_2025,4.84,8.40,-0.13,-0.07,0.05,0.02
-9494,2.99,-2330,2.45,552,2,29712,14_53_16_10_03_2025,4.59,8.60,-0.03,0.10,-0.04,-0.01
-9320,2.98,648,2.22,551,2,29783,14_53_16_10_03_2025,4.61,8.29,-0.27,-0.00,-0.01,0.02
-9390,2.98,2020,2.12,552,2,29874,14_53_16_10_03_2025,4.72,8.54,0.02,-0.05,0.02,0.00
-9322,2.98,2046,2.12,552,2,29910,14_53_16_10_03_2025,4.71,8.43,-0.12,-0.02,-0.00,0.00
-9541,3.00,1029,2.19,550,2,29978,14_53_16_10_03_2025,4.70,8.51,-0.04,-0.03,-0.00,-0.00
-9677,3.01,-463,2.31,552,2,30014,14_53_16_10_03_2025,4.66,8.49,-0.08,-0.01,-0.00,0.00
-9907,3.02,-1702,2.40,550,2,30086,14_53_16_10_03_2025,4.66,8.48,-0.04,-0.03,-0.01,0.00
-10353,3.06,2397,2.09,552,2,30176,14_53_16_10_03_2025,4.71,8.44,0.10,-0.05,0.01,0.01
-9664,3.00,1061,2.19,552,2,30212,14_53_16_10_03_2025,4.74,8.47,-0.06,0.02,-0.02,0.01
-10046,3.03,1795,2.14,551,2,30281,14_53_16_10_03_2025,4.74,8.39,-0.12,-0.01,-0.02,0.01
-10133,3.04,1401,2.17,550,2,30371,14_53_16_10_03_2025,4.69,8.48,0.07,-0.04,0.00,-0.01
-9569,3.00,1468,2.16,553,2,30406,14_53_16_10_03_2025,4.60,8.51,0.05,-0.01,0.01,0.01
-9003,2.95,1036,2.19,552,2,30478,14_53_16_10_03_2025,4.65,8.50,0.04,-0.01,0.03,0.02
-8934,2.95,1773,2.14,551,2,30567,14_53_17_10_03_2025,4.71,8.45,0.05,-0.06,0.03,0.03
-8587,2.92,1795,2.14,552,2,30603,14_53_17_10_03_2025,4.79,8.49,0.15,-0.01,0.01,0.01
-8784,2.94,1546,2.16,552,2,30673,14_53_17_10_03_2025,4.75,8.47,0.06,-0.01,0.00,0.01
-9158,2.97,1595,2.15,552,2,30763,14_53_17_10_03_2025,4.93,8.39,0.17,-0.02,-0.03,0.02
-9304,2.98,901,2.20,551,2,30799,14_53_17_10_03_2025,4.74,8.49,0.23,0.02,-0.02,-0.01
-9088,2.96,1269,2.18,550,2,30870,14_53_17_10_03_2025,4.65,8.51,0.23,0.05,-0.08,-0.01
-9378,2.98,1044,2.19,552,2,30960,14_53_17_10_03_2025,4.75,8.42,0.10,-0.00,-0.01,-0.00
-9522,2.99,-126,2.28,552,2,30996,14_53_17_10_03_2025,4.71,8.49,0.13,0.03,-0.02,0.01
-9833,3.02,259,2.25,551,2,31065,14_53_17_10_03_2025,4.74,8.44,0.12,0.04,-0.02,0.00
-10308,3.05,-763,2.33,552,2,31157,14_53_17_10_03_2025,4.75,8.47,-0.00,0.01,-0.02,0.01
-10532,3.07,-1173,2.36,552,2,31194,14_53_17_10_03_2025,4.66,8.53,0.08,-0.02,0.01,-0.02
-10787,3.09,-308,2.30,552,2,31262,14_53_17_10_03_2025,4.74,8.52,0.07,0.02,-0.01,-0.00
-10266,3.05,411,2.24,551,2,31298,14_53_17_10_03_2025,4.79,8.38,0.03,0.01,-0.00,0.01
-10360,3.06,33,2.27,552,2,31368,14_53_17_10_03_2025,4.86,8.41,0.05,0.02,-0.01,0.00
-10034,3.03,-702,2.33,552,2,31458,14_53_17_10_03_2025,4.86,8.42,0.05,0.01,-0.03,-0.01
-10403,3.06,-899,2.34,552,2,31495,14_53_18_10_03_2025,4.78,8.44,0.07,0.03,-0.04,-0.01
-9764,3.01,-1289,2.37,552,2,31565,14_53_18_10_03_2025,4.74,8.49,0.03,0.03,-0.04,-0.02
-10098,3.04,-1349,2.37,552,2,31654,14_53_18_10_03_2025,4.62,8.51,0.01,0.01,-0.03,-0.00
-10497,3.07,-1093,2.36,551,2,31690,14_53_18_10_03_2025,4.72,8.43,-0.03,-0.00,-0.00,0.00
-10213,3.05,-292,2.29,552,2,31761,14_53_18_10_03_2025,4.73,8.43,-0.02,-0.02,-0.00,0.01
-7670,2.85,1380,2.17,552,2,31851,14_53_18_10_03_2025,4.77,8.45,0.00,-0.01,-0.00,0.01
-6797,2.79,-299,2.30,552,2,31887,14_53_18_10_03_2025,4.78,8.47,-0.00,0.01,-0.00,-0.01
-6851,2.79,-115,2.28,551,2,31957,14_53_18_10_03_2025,4.80,8.43,0.00,-0.02,0.00,-0.01
-6437,2.76,897,2.20,552,2,32046,14_53_18_10_03_2025,4.68,8.46,0.04,-0.00,-0.01,-0.01
-7308,2.83,3087,2.04,551,2,32082,14_53_18_10_03_2025,4.65,8.39,0.09,-0.04,0.01,-0.03
-6796,2.79,3396,2.02,552,2,32154,14_53_18_10_03_2025,4.69,8.46,-0.02,-0.05,-0.01,-0.05
-6796,2.79,2921,2.05,552,2,32243,14_53_18_10_03_2025,4.77,8.47,0.03,0.03,-0.02,0.00
-6944,2.80,2938,2.05,552,2,32281,14_53_18_10_03_2025,4.78,8.47,0.03,0.02,-0.01,0.00
-6880,2.79,3069,2.04,551,2,32349,14_53_18_10_03_2025,4.78,8.44,0.03,-0.01,-0.01,0.01
-6711,2.78,2602,2.08,551,2,32441,14_53_18_10_03_2025,4.75,8.49,0.03,0.03,-0.01,-0.00
-6645,2.78,2590,2.08,552,2,32476,14_53_19_10_03_2025,4.71,8.43,0.02,0.02,-0.01,0.00
-6797,2.79,2624,2.07,552,2,32546,14_53_19_10_03_2025,4.75,8.49,0.12,-0.00,-0.01,0.01
-6550,2.77,3030,2.04,552,2,32582,14_53_19_10_03_2025,4.72,8.49,0.05,0.00,0.00,-0.01
-6506,2.77,2848,2.06,552,2,32651,14_53_19_10_03_2025,4.72,8.45,0.05,0.01,-0.00,-0.00
-6748,2.78,2828,2.06,552,2,32741,14_53_19_10_03_2025,4.80,8.43,-0.02,-0.01,-0.01,0.00
-6634,2.78,2888,2.05,552,2,32789,14_53_19_10_03_2025,4.69,8.46,0.05,0.01,-0.00,-0.00
-6880,2.79,3070,2.04,552,2,32848,14_53_19_10_03_2025,4.68,8.48,0.03,0.00,0.00,-0.00
-6833,2.79,2923,2.05,552,2,32938,14_53_19_10_03_2025,4.71,8.50,0.14,-0.01,0.01,0.01
-6684,2.78,2892,2.05,552,2,32974,14_53_19_10_03_2025,4.80,8.40,0.05,0.00,-0.01,0.01
-6576,2.77,2856,2.06,552,2,33043,14_53_19_10_03_2025,4.76,8.46,0.13,0.02,-0.01,-0.00
-6674,2.78,2950,2.05,551,2,33133,14_53_19_10_03_2025,4.76,8.47,-0.03,0.02,-0.01,0.01
-6695,2.78,3065,2.04,551,2,33172,14_53_19_10_03_2025,4.61,8.42,0.02,0.34,-0.23,-0.12
-6787,2.79,2944,2.05,552,2,33240,14_53_19_10_03_2025,5.60,8.30,-0.70,0.29,-0.10,0.06
-6654,2.78,2944,2.05,552,2,33330,14_53_19_10_03_2025,4.78,8.48,0.28,0.02,-0.07,0.01
-6612,2.77,3065,2.04,552,2,33366,14_53_19_10_03_2025,4.66,8.50,-0.60,0.01,-0.06,0.03
-6615,2.77,2987,2.05,553,2,33435,14_53_19_10_03_2025,4.56,8.46,-0.27,-0.03,-0.02,-0.02
-6733,2.78,2844,2.06,552,2,33526,14_53_20_10_03_2025,4.82,8.46,-0.75,0.27,-0.00,-0.06
-6684,2.78,2839,2.06,550,2,33574,14_53_20_10_03_2025,4.59,8.24,-0.99,0.51,0.07,-0.31
-6565,2.77,2930,2.05,552,2,33632,14_53_20_10_03_2025,4.39,8.38,-0.95,-0.14,-0.03,-0.11
-6651,2.78,2974,2.05,551,2,33724,14_53_20_10_03_2025,4.50,8.62,-0.37,-0.03,-0.01,-0.03
-6596,2.77,2841,2.06,550,2,33759,14_53_20_10_03_2025,4.57,8.49,-0.64,-0.03,0.08,-0.05
-6569,2.77,3000,2.05,551,2,33830,14_53_20_10_03_2025,4.49,8.56,-0.63,-0.07,0.02,-0.07
-6728,2.78,2999,2.05,551,2,33867,14_53_20_10_03_2025,4.38,8.55,-0.52,-0.08,0.03,-0.07
-6653,2.78,2840,2.06,552,2,33935,14_53_20_10_03_2025,4.37,8.64,-0.31,-0.08,0.03,-0.03
-6530,2.77,2983,2.05,551,2,34024,14_53_20_10_03_2025,4.44,8.68,-0.39,-0.01,-0.01,0.01
-6669,2.78,3032,2.04,553,2,34060,14_53_20_10_03_2025,4.38,8.59,-0.41,-0.00,-0.00,-0.02
-6645,2.78,2890,2.05,549,2,34131,14_53_20_10_03_2025,4.36,8.62,-0.38,-0.02,0.01,-0.02
-6710,2.78,2824,2.06,551,2,34221,14_53_20_10_03_2025,4.36,8.66,-0.36,0.00,-0.00,-0.01
-6671,2.78,2919,2.05,551,2,34257,14_53_20_10_03_2025,4.36,8.60,-0.40,-0.00,0.01,-0.01
-6672,2.78,2921,2.05,552,2,34327,14_53_20_10_03_2025,4.33,8.65,-0.37,0.01,-0.00,0.00
-6690,2.78,2968,2.05,551,2,34417,14_53_20_10_03_2025,4.35,8.64,-0.40,-0.02,0.01,0.01
-6675,2.78,2951,2.05,551,2,34452,14_53_20_10_03_2025,4.43,8.64,-0.37,0.02,-0.00,-0.01
-6744,2.78,2849,2.06,551,2,34524,14_53_21_10_03_2025,4.38,8.65,-0.38,0.01,0.00,-0.01
-6545,2.77,2834,2.06,552,2,34614,14_53_21_10_03_2025,4.32,8.62,-0.37,0.03,-0.01,-0.00
-6498,2.77,3047,2.04,552,2,34650,14_53_21_10_03_2025,4.39,8.66,-0.39,0.01,-0.01,-0.01
-6717,2.78,2811,2.06,551,2,34719,14_53_21_10_03_2025,4.37,8.65,-0.42,0.02,-0.01,-0.00
-6732,2.78,2881,2.05,551,2,34809,14_53_21_10_03_2025,4.38,8.61,-0.41,0.00,-0.01,-0.00
-6511,2.77,2932,2.05,552,2,34844,14_53_21_10_03_2025,4.31,8.71,-0.36,0.01,0.02,-0.02
-6426,2.76,2776,2.06,551,2,34916,14_53_21_10_03_2025,4.29,8.63,-0.40,0.01,0.00,-0.01
-6786,2.79,2896,2.05,552,2,35006,14_53_21_10_03_2025,4.37,8.66,-0.42,0.01,-0.01,-0.00
-6707,2.78,2901,2.05,551,2,35042,14_53_21_10_03_2025,4.41,8.48,-0.57,0.06,0.06,-0.02
-6743,2.78,2784,2.06,552,2,35112,14_53_21_10_03_2025,4.34,8.67,-0.43,-0.01,-0.00,-0.00
-6751,2.78,2935,2.05,551,2,35148,14_53_21_10_03_2025,4.38,8.64,-0.48,0.06,0.05,-0.00
-6579,2.77,2822,2.06,551,2,35218,14_53_21_10_03_2025,4.33,8.64,-0.49,0.03,0.01,-0.01
-6729,2.78,2990,2.05,551,2,35308,14_53_21_10_03_2025,4.33,8.66,-0.43,-0.01,-0.00,0.00
-6750,2.78,2666,2.07,552,2,35345,14_53_21_10_03_2025,4.30,8.65,-0.36,0.02,0.00,0.00
-6734,2.78,2991,2.05,551,2,35414,14_53_21_10_03_2025,4.34,8.60,-0.50,0.00,-0.01,-0.00
-6508,2.77,3059,2.04,552,2,35503,14_53_21_10_03_2025,4.32,8.58,-0.59,-0.02,-0.01,0.00
-6666,2.78,2632,2.07,552,2,35539,14_53_22_10_03_2025,4.35,8.64,-0.48,0.01,-0.01,-0.00
-6922,2.80,2859,2.06,552,2,35610,14_53_22_10_03_2025,4.34,8.62,-0.53,-0.00,0.00,0.00
-6820,2.79,2636,2.07,551,2,35700,14_53_22_10_03_2025,4.34,8.65,-0.47,0.00,-0.00,0.01
-6462,2.76,2613,2.07,551,2,35736,14_53_22_10_03_2025,4.33,8.63,-0.45,-0.02,0.00,0.00
-6535,2.77,2923,2.05,551,2,35806,14_53_22_10_03_2025,4.38,8.66,-0.45,0.01,-0.01,0.00
-6769,2.79,2530,2.08,552,2,35897,14_53_22_10_03_2025,4.35,8.64,-0.45,0.00,-0.00,-0.00
-6733,2.78,2746,2.06,552,2,35932,14_53_22_10_03_2025,4.35,8.65,-0.44,0.01,-0.00,0.00
-6734,2.78,2833,2.06,552,2,36002,14_53_22_10_03_2025,4.36,8.64,-0.49,-0.01,-0.01,-0.01
-6734,2.78,2983,2.05,551,2,36092,14_53_22_10_03_2025,4.34,8.64,-0.40,0.01,-0.00,-0.00
-6712,2.78,2848,2.06,552,2,36127,14_53_22_10_03_2025,4.35,8.64,-0.42,-0.00,-0.00,-0.00
-6764,2.79,2812,2.06,549,2,36199,14_53_22_10_03_2025,4.35,8.66,-0.43,0.01,0.00,-0.00
-6762,2.79,2901,2.05,552,2,36289,14_53_22_10_03_2025,4.34,8.66,-0.47,-0.00,0.00,-0.00
-6681,2.78,2872,2.06,552,2,36326,14_53_22_10_03_2025,4.34,8.64,-0.44,0.01,0.00,0.00
-6519,2.77,2614,2.07,551,2,36394,14_53_22_10_03_2025,4.37,8.63,-0.44,-0.00,0.00,0.00
-6628,2.77,2924,2.05,552,2,36430,14_53_22_10_03_2025,4.35,8.65,-0.42,0.00,-0.00,0.00
-6647,2.78,2839,2.06,552,2,36501,14_53_23_10_03_2025,4.35,8.64,-0.46,0.00,0.00,0.01
-6713,2.78,2771,2.06,550,2,36591,14_53_23_10_03_2025,4.36,8.61,-0.42,-0.00,-0.00,0.00
-6816,2.79,2892,2.05,551,2,36628,14_53_23_10_03_2025,4.37,8.64,-0.44,0.00,0.00,0.00
-6731,2.78,2807,2.06,551,2,36697,14_53_23_10_03_2025,4.37,8.63,-0.41,0.01,-0.00,-0.00
-6537,2.77,2638,2.07,552,2,36787,14_53_23_10_03_2025,4.38,8.62,-0.43,0.00,-0.00,-0.00
-6847,2.79,2841,2.06,551,2,36823,14_53_23_10_03_2025,4.36,8.64,-0.40,0.00,-0.01,-0.01
-6610,2.77,2901,2.05,553,2,36893,14_53_23_10_03_2025,4.33,8.64,-0.42,0.01,-0.00,-0.00
-6683,2.78,2789,2.06,552,2,36984,14_53_23_10_03_2025,4.34,8.64,-0.44,0.01,-0.01,0.00
-6562,2.77,2869,2.06,552,2,37021,14_53_23_10_03_2025,4.36,8.64,-0.41,-0.00,-0.00,-0.00
-6670,2.78,2709,2.07,552,2,37089,14_53_23_10_03_2025,4.35,8.65,-0.40,0.00,-0.00,-0.00
-6740,2.78,2740,2.07,552,2,37180,14_53_23_10_03_2025,4.35,8.65,-0.40,0.01,-0.00,0.00
-6582,2.77,2692,2.07,552,2,37215,14_53_23_10_03_2025,4.33,8.64,-0.43,0.01,-0.00,0.00
-6475,2.76,2711,2.07,551,2,37286,14_53_23_10_03_2025,4.37,8.63,-0.38,0.01,-0.00,-0.00
-6805,2.79,2803,2.06,551,2,37376,14_53_23_10_03_2025,4.36,8.66,-0.43,0.01,-0.00,0.01
-6805,2.79,2540,2.08,549,2,37412,14_53_23_10_03_2025,4.34,8.63,-0.43,-0.00,-0.01,0.00
-6605,2.77,2764,2.06,549,2,37482,14_53_23_10_03_2025,4.34,8.61,-0.39,-0.00,-0.00,0.00
-6717,2.78,2872,2.06,552,2,37573,14_53_24_10_03_2025,4.37,8.64,-0.45,0.00,-0.00,0.01
-6562,2.77,2610,2.08,552,2,37608,14_53_24_10_03_2025,4.36,8.64,-0.42,0.02,-0.00,0.00
-6589,2.77,2585,2.08,551,2,37678,14_53_24_10_03_2025,4.39,8.67,-0.37,0.01,-0.00,0.01
-6647,2.78,2750,2.06,552,2,37717,14_53_24_10_03_2025,4.38,8.66,-0.41,0.01,-0.01,0.00
-6578,2.77,2679,2.07,551,2,37784,14_53_24_10_03_2025,4.34,8.62,-0.45,0.01,-0.00,0.00
-6625,2.77,2509,2.08,552,2,37874,14_53_24_10_03_2025,4.38,8.65,-0.42,0.01,-0.01,0.00
-6542,2.77,2641,2.07,552,2,37909,14_53_24_10_03_2025,4.37,8.63,-0.40,0.00,-0.00,0.01
-6606,2.77,2722,2.07,552,2,37981,14_53_24_10_03_2025,4.37,8.63,-0.41,0.02,-0.01,0.00
-6597,2.77,2870,2.06,552,2,38070,14_53_24_10_03_2025,4.39,8.64,-0.42,0.01,-0.00,0.00
-6714,2.78,2516,2.08,551,2,38116,14_53_24_10_03_2025,4.38,8.63,-0.41,0.02,-0.00,0.00
-6610,2.77,2770,2.06,553,2,38176,14_53_24_10_03_2025,4.39,8.63,-0.46,0.02,0.00,0.00
-6548,2.77,2866,2.06,551,2,38267,14_53_24_10_03_2025,4.39,8.65,-0.42,0.01,-0.00,-0.00
-6752,2.78,2795,2.06,551,2,38303,14_53_24_10_03_2025,4.37,8.64,-0.44,0.00,-0.00,0.00
-6596,2.77,2650,2.07,551,2,38373,14_53_24_10_03_2025,4.37,8.61,-0.43,-0.00,-0.00,-0.00
-6552,2.77,2856,2.06,551,2,38462,14_53_24_10_03_2025,4.37,8.65,-0.43,0.00,-0.00,-0.00
-6742,2.78,2627,2.07,552,2,38500,14_53_25_10_03_2025,4.38,8.64,-0.42,0.01,-0.00,-0.00
-6682,2.78,2799,2.06,549,2,38569,14_53_25_10_03_2025,4.38,8.62,-0.43,0.01,0.00,0.00
-6628,2.77,2766,2.06,551,2,38659,14_53_25_10_03_2025,4.38,8.62,-0.42,0.01,-0.01,0.00
-6516,2.77,2722,2.07,552,2,38695,14_53_25_10_03_2025,4.37,8.58,-0.44,0.02,-0.00,0.00
-6695,2.78,2662,2.07,551,2,38765,14_53_25_10_03_2025,4.40,8.64,-0.46,0.01,-0.01,0.00
-6715,2.78,2721,2.07,549,2,38856,14_53_25_10_03_2025,4.38,8.62,-0.45,0.01,-0.01,-0.00
-6773,2.79,2886,2.05,552,2,38903,14_53_25_10_03_2025,4.38,8.62,-0.47,0.02,-0.01,0.00
-6690,2.78,2713,2.07,551,2,38961,14_53_25_10_03_2025,4.40,8.63,-0.46,0.02,-0.01,0.00
-6585,2.77,2628,2.07,551,2,38997,14_53_25_10_03_2025,4.38,8.62,-0.46,0.01,-0.01,0.00
-6678,2.78,2794,2.06,551,2,39067,14_53_25_10_03_2025,4.39,8.62,-0.48,0.01,-0.01,0.00
-6525,2.77,2687,2.07,551,2,39157,14_53_25_10_03_2025,4.40,8.62,-0.50,0.01,-0.01,0.00
-6621,2.77,2609,2.08,551,2,39192,14_53_25_10_03_2025,4.39,8.63,-0.50,0.02,-0.01,0.00
-6582,2.77,2689,2.07,550,2,39264,14_53_25_10_03_2025,4.37,8.64,-0.52,0.01,-0.01,0.01
-6614,2.77,2689,2.07,552,2,39354,14_53_25_10_03_2025,4.40,8.62,-0.48,0.00,-0.01,-0.00
-6728,2.78,2671,2.07,551,2,39391,14_53_25_10_03_2025,4.41,8.62,-0.53,0.02,-0.01,0.01
-6681,2.78,2824,2.06,552,2,39460,14_53_25_10_03_2025,4.40,8.61,-0.51,0.02,-0.01,0.00
-6616,2.77,2545,2.08,551,2,39549,14_53_26_10_03_2025,4.41,8.62,-0.53,0.03,-0.01,-0.00
-6842,2.79,2691,2.07,551,2,39585,14_53_26_10_03_2025,4.41,8.62,-0.59,0.03,-0.01,0.00
-6588,2.77,2665,2.07,551,2,39656,14_53_26_10_03_2025,4.40,8.62,-0.56,0.01,-0.01,-0.00
-6550,2.77,2696,2.07,552,2,39746,14_53_26_10_03_2025,4.39,8.63,-0.57,0.01,-0.00,0.00
-6599,2.77,2740,2.07,549,2,39782,14_53_26_10_03_2025,4.41,8.61,-0.56,0.00,-0.00,-0.00
-6683,2.78,2696,2.07,551,2,39852,14_53_26_10_03_2025,4.41,8.62,-0.57,0.01,-0.00,0.00
-6813,2.79,2734,2.07,552,2,39942,14_53_26_10_03_2025,4.40,8.61,-0.57,0.00,-0.00,-0.00
-6563,2.77,2548,2.08,551,2,39977,14_53_26_10_03_2025,4.40,8.61,-0.56,0.01,-0.01,0.00
-6701,2.78,2680,2.07,552,2,40048,14_53_26_10_03_2025,4.41,8.61,-0.59,0.01,-0.00,0.00
-6633,2.78,2586,2.08,549,2,40139,14_53_26_10_03_2025,4.40,8.61,-0.58,0.00,-0.01,-0.00
-6648,2.78,2640,2.07,551,2,40175,14_53_26_10_03_2025,4.39,8.63,-0.57,-0.01,0.00,0.00
-6660,2.78,2753,2.06,552,2,40244,14_53_26_10_03_2025,4.40,8.60,-0.57,-0.03,0.00,0.00
-6516,2.77,2797,2.06,552,2,40280,14_53_26_10_03_2025,4.39,8.62,-0.54,0.01,0.00,-0.00
-6689,2.78,2514,2.08,551,2,40351,14_53_26_10_03_2025,4.42,8.63,-0.55,0.00,-0.01,0.01
-6406,2.76,2695,2.07,551,2,40441,14_53_26_10_03_2025,4.40,8.59,-0.56,-0.02,-0.00,0.03
-6593,2.77,2489,2.08,552,2,40477,14_53_27_10_03_2025,4.48,8.63,-0.46,-0.02,-0.02,0.03
-6700,2.78,2638,2.07,551,2,40547,14_53_27_10_03_2025,4.37,8.52,-0.66,0.01,-0.01,0.00
-6907,2.80,2539,2.08,551,2,40636,14_53_27_10_03_2025,4.47,8.54,-0.49,0.04,0.00,-0.01
-6629,2.77,2618,2.07,552,2,40672,14_53_27_10_03_2025,4.51,8.57,-0.48,0.03,-0.02,-0.01
-6531,2.77,2569,2.08,551,2,40743,14_53_27_10_03_2025,4.53,8.59,-0.54,0.00,-0.02,0.02
-6745,2.78,2704,2.07,551,2,40833,14_53_27_10_03_2025,4.53,8.59,-0.43,0.00,-0.02,0.01
-6542,2.77,2556,2.08,551,2,40868,14_53_27_10_03_2025,4.40,8.52,-0.48,-0.01,-0.01,-0.00
-6637,2.78,2488,2.08,551,2,40939,14_53_27_10_03_2025,4.46,8.56,-0.44,0.00,-0.01,-0.01
-6573,2.77,2739,2.07,551,2,41029,14_53_27_10_03_2025,4.39,8.61,-0.56,-0.04,0.01,0.00
-6726,2.78,2595,2.08,552,2,41065,14_53_27_10_03_2025,4.47,8.56,-0.45,-0.09,0.03,0.04
-6748,2.78,2806,2.06,552,2,41135,14_53_27_10_03_2025,4.48,8.55,-0.39,-0.10,0.00,0.07
-6519,2.77,2662,2.07,551,2,41225,14_53_27_10_03_2025,4.71,8.77,-0.08,-0.07,-0.20,0.07
-6418,2.76,2582,2.08,551,2,41260,14_53_27_10_03_2025,4.39,8.45,-0.46,0.16,-0.20,0.05
-6631,2.78,2704,2.07,551,2,41332,14_53_27_10_03_2025,4.69,8.45,-0.43,0.01,-0.08,0.05
-6641,2.78,2704,2.07,552,2,41423,14_53_27_10_03_2025,4.54,8.58,-0.48,0.02,0.04,-0.03
-6632,2.78,2638,2.07,552,2,41460,14_53_27_10_03_2025,4.81,8.43,-0.77,0.09,-0.08,0.06
-6456,2.76,2503,2.08,552,2,41527,14_53_28_10_03_2025,4.60,8.51,-0.73,-0.01,-0.03,0.01
-6719,2.78,2845,2.06,551,2,41562,14_53_28_10_03_2025,4.66,8.46,-0.47,-0.01,-0.01,-0.03
-6388,2.76,2873,2.06,551,2,41634,14_53_28_10_03_2025,4.74,8.47,-0.45,0.01,-0.02,-0.02
-6656,2.78,2581,2.08,551,2,41724,14_53_28_10_03_2025,4.62,8.51,-0.56,0.03,-0.06,0.00
-6885,2.79,2717,2.07,552,2,41760,14_53_28_10_03_2025,4.49,8.51,-0.58,0.02,-0.01,0.00
-6822,2.79,2628,2.07,552,2,41830,14_53_28_10_03_2025,4.55,8.48,-0.50,0.04,-0.02,0.00
-6689,2.78,2723,2.07,551,2,41920,14_53_28_10_03_2025,4.66,8.51,-0.75,0.00,-0.01,0.01
-6759,2.78,2413,2.09,552,2,41955,14_53_28_10_03_2025,4.60,8.50,-0.64,0.01,-0.01,0.01
-6768,2.79,2433,2.09,552,2,42027,14_53_28_10_03_2025,4.59,8.49,-0.67,0.01,-0.02,0.01
-7770,2.86,1266,2.18,551,2,42117,14_53_28_10_03_2025,4.67,8.47,-0.54,0.01,-0.01,0.01
-7687,2.86,1051,2.19,551,2,42153,14_53_28_10_03_2025,4.65,8.44,-0.79,0.02,-0.04,0.02
-7732,2.86,-79,2.28,552,2,42222,14_53_28_10_03_2025,4.59,8.65,-0.73,0.10,-0.14,0.05
-7431,2.84,952,2.20,552,2,42313,14_53_28_10_03_2025,4.71,8.43,-1.04,0.04,-0.02,-0.01
-8773,2.94,-1570,2.39,551,2,42348,14_53_28_10_03_2025,4.60,8.44,-0.85,0.00,-0.01,-0.01
-9054,2.96,-1568,2.39,552,2,42419,14_53_28_10_03_2025,4.60,8.52,-0.88,0.01,-0.01,0.00
-10087,3.04,-1568,2.39,552,2,42509,14_53_28_10_03_2025,4.60,8.46,-0.89,0.00,0.01,-0.00
-11746,3.16,-1093,2.36,551,2,42547,14_53_29_10_03_2025,4.69,8.45,-0.79,0.02,0.01,-0.00
-10328,3.06,-299,2.30,552,2,42614,14_53_29_10_03_2025,4.77,8.43,-0.84,0.02,-0.00,0.00
-10076,3.04,-1710,2.40,551,2,42705,14_53_29_10_03_2025,4.77,8.43,-0.85,-0.00,0.01,-0.01
-9745,3.01,-1326,2.37,551,2,42741,14_53_29_10_03_2025,4.65,8.42,-0.88,0.01,-0.01,-0.01
-9698,3.01,-2072,2.43,552,2,42811,14_53_29_10_03_2025,4.63,8.48,-0.78,-0.00,-0.01,-0.01
-10749,3.09,-1407,2.38,552,2,42847,14_53_29_10_03_2025,4.72,8.47,-0.94,0.04,0.00,0.00
-11602,3.15,-1086,2.36,551,2,42917,14_53_29_10_03_2025,4.63,8.49,-0.91,-0.04,0.01,0.01
-9587,3.00,-1871,2.41,552,2,43007,14_53_29_10_03_2025,4.65,8.43,-0.84,-0.01,0.01,-0.01
-9580,3.00,-955,2.35,552,2,43046,14_53_29_10_03_2025,4.79,8.42,-0.70,-0.05,0.04,-0.00
-9175,2.97,-760,2.33,552,2,43114,14_53_29_10_03_2025,4.66,8.50,-0.73,0.04,0.00,0.01
-8405,2.91,617,2.23,550,2,43203,14_53_29_10_03_2025,4.66,8.39,-0.88,0.00,0.02,-0.01
-7849,2.87,1321,2.17,551,2,43238,14_53_29_10_03_2025,4.74,8.60,-0.85,-0.01,0.05,0.02
-8004,2.88,1303,2.17,552,2,43309,14_53_29_10_03_2025,4.65,8.51,-0.63,-0.02,0.03,0.02
-9097,2.96,996,2.20,552,2,43399,14_53_29_10_03_2025,4.83,8.44,-0.59,0.02,0.01,-0.00
-9034,2.96,1114,2.19,551,2,43446,14_53_29_10_03_2025,4.77,8.48,-0.76,-0.01,-0.01,-0.01
-9157,2.97,1173,2.18,551,2,43505,14_53_30_10_03_2025,4.64,8.50,-0.70,0.03,-0.02,-0.00
-9381,2.98,1236,2.18,551,2,43595,14_53_30_10_03_2025,4.67,8.47,-0.79,0.03,-0.02,-0.00
-9403,2.99,1622,2.15,550,2,43631,14_53_30_10_03_2025,4.72,8.43,-0.93,0.03,-0.01,0.01
-9368,2.98,1519,2.16,552,2,43701,14_53_30_10_03_2025,4.63,8.42,-0.84,0.01,-0.01,-0.00
-8744,2.94,974,2.20,552,2,43791,14_53_30_10_03_2025,4.65,8.49,-0.76,0.02,0.02,0.01
-8590,2.92,-185,2.29,552,2,43831,14_53_30_10_03_2025,4.73,8.36,-0.77,0.02,-0.01,0.00
-8884,2.95,-903,2.34,551,2,43898,14_53_30_10_03_2025,4.76,8.38,-0.96,0.04,-0.01,0.01
-8451,2.91,-3418,2.53,551,2,43989,14_53_30_10_03_2025,4.72,8.41,-0.85,-0.02,-0.00,0.00
-9310,2.98,-4029,2.58,552,2,44024,14_53_30_10_03_2025,4.72,8.41,-0.87,-0.03,0.01,-0.00
-9349,2.98,-3322,2.52,551,2,44095,14_53_30_10_03_2025,4.69,8.43,-0.70,-0.04,0.01,-0.01
-9164,2.97,-5954,2.72,550,2,44131,14_53_30_10_03_2025,4.67,8.46,-0.68,-0.01,-0.00,-0.01
-8932,2.95,-8702,2.93,552,2,44200,14_53_30_10_03_2025,4.73,8.50,-0.75,0.01,-0.01,-0.00
-9458,2.99,-11159,3.12,551,2,44290,14_53_30_10_03_2025,4.74,8.38,-0.78,-0.01,-0.01,-0.01
-9300,2.98,-10169,3.04,551,2,44326,14_53_30_10_03_2025,4.62,8.56,-0.65,0.02,0.01,-0.01
-9549,3.00,-15808,3.47,552,2,44397,14_53_30_10_03_2025,4.67,8.52,-0.79,0.02,-0.01,0.01
-9982,3.03,-15939,3.48,551,2,44487,14_53_30_10_03_2025,4.70,8.34,-0.87,-0.02,0.01,-0.00
-9862,3.02,-12694,3.23,551,2,44526,14_53_31_10_03_2025,4.66,8.56,-0.60,0.06,-0.02,-0.01
-10214,3.05,-13281,3.28,551,2,44592,14_53_31_10_03_2025,4.59,8.53,-0.64,0.10,-0.02,-0.01
-9588,3.00,-9216,2.97,551,2,44683,14_53_31_10_03_2025,4.58,8.50,-0.73,0.17,-0.02,-0.00
-9330,2.98,-11853,3.17,551,2,44718,14_53_31_10_03_2025,4.64,8.35,-1.03,0.09,-0.03,0.00
-9310,2.98,-16918,3.55,552,2,44789,14_53_31_10_03_2025,4.67,8.41,-1.14,0.03,-0.01,0.00
-9908,3.02,-42820,5.52,551,2,44878,14_53_31_10_03_2025,4.60,8.46,-1.02,-0.02,0.00,0.00
-9928,3.02,-92942,9.31,551,2,44924,14_53_31_10_03_2025,4.59,8.44,-1.01,-0.01,-0.01,0.01
-9827,3.02,-125208,11.76,551,2,44984,14_53_31_10_03_2025,4.67,8.51,-0.92,-0.01,-0.00,0.01
-9497,2.99,-173946,15.45,551,2,45078,14_53_31_10_03_2025,4.71,8.39,-0.95,0.12,-0.04,0.01
-9899,3.02,-295755,24.68,552,2,45114,14_53_31_10_03_2025,4.60,8.44,-0.91,-0.04,0.02,-0.02
-9825,3.02,-322854,26.73,552,2,45186,14_53_31_10_03_2025,4.66,8.56,-0.82,-0.01,0.03,-0.01
-9525,2.99,-255097,21.60,552,2,45277,14_53_31_10_03_2025,4.58,8.36,-1.07,-0.00,-0.01,-0.02
-9947,3.03,-84890,8.70,551,2,45316,14_53_31_10_03_2025,4.55,8.55,-0.95,0.01,0.00,-0.01
-10174,3.04,-50406,6.09,552,2,45384,14_53_31_10_03_2025,4.53,8.55,-1.02,0.05,-0.02,0.00
-9796,3.01,-16608,3.53,550,2,45474,14_53_31_10_03_2025,4.66,8.24,-1.21,0.03,-0.02,0.00
-9968,3.03,137,2.26,551,2,45511,14_53_32_10_03_2025,4.67,8.45,-1.05,-0.08,0.03,-0.00
-10009,3.03,1960,2.12,551,2,45579,14_53_32_10_03_2025,4.64,8.48,-1.00,-0.04,0.02,0.00
-9940,3.03,1701,2.14,551,2,45669,14_53_32_10_03_2025,4.58,8.55,-0.77,0.00,0.00,-0.01
-9973,3.03,928,2.20,552,2,45716,14_53_32_10_03_2025,4.73,8.44,-0.70,0.02,-0.01,-0.00
-9910,3.02,-248,2.29,551,2,45776,14_53_32_10_03_2025,4.63,8.52,-0.77,0.04,-0.00,0.00
-9836,3.02,-5844,2.72,552,2,45866,14_53_32_10_03_2025,4.72,8.45,-0.91,0.04,-0.02,0.02
-10031,3.03,-36869,5.07,551,2,45904,14_53_32_10_03_2025,4.72,8.28,-1.11,-0.01,0.00,0.00
-10504,3.07,-69086,7.51,550,2,45972,14_53_32_10_03_2025,4.63,8.41,-0.97,-0.05,0.03,-0.01
-9643,3.00,-145887,13.32,551,2,46065,14_53_32_10_03_2025,4.51,8.44,-0.83,0.01,0.02,0.01
-9646,3.00,-244254,20.78,552,2,46105,14_53_32_10_03_2025,5.17,8.20,-1.00,0.02,0.00,-0.00
-10267,3.05,-282951,23.71,549,2,46171,14_53_32_10_03_2025,4.89,8.33,-0.98,-0.05,-0.01,-0.02
-9727,3.01,-346807,28.55,551,2,46263,14_53_32_10_03_2025,4.35,8.66,-0.81,-0.10,0.04,-0.01
-9515,2.99,-290118,24.25,551,2,46299,14_53_32_10_03_2025,4.69,8.48,-1.00,0.03,0.00,0.00
-9746,3.01,-241790,20.59,551,2,46371,14_53_32_10_03_2025,4.78,8.42,-0.99,0.04,-0.01,0.01
-9910,3.02,-99960,9.85,551,2,46462,14_53_32_10_03_2025,4.74,8.36,-0.95,0.02,-0.03,-0.01
-9875,3.02,-29542,4.51,551,2,46498,14_53_33_10_03_2025,4.70,8.45,-0.95,0.04,-0.05,0.01
-9999,3.03,-17517,3.60,552,2,46568,14_53_33_10_03_2025,4.67,8.43,-1.06,0.08,-0.05,0.00
-10038,3.03,-5689,2.70,551,2,46658,14_53_33_10_03_2025,4.65,8.37,-1.10,0.01,-0.01,-0.02
-9912,3.02,-2911,2.49,551,2,46693,14_53_33_10_03_2025,4.72,8.32,-1.13,-0.04,-0.01,0.01
-10062,3.04,-2415,2.46,551,2,46765,14_53_33_10_03_2025,4.59,8.49,-0.92,-0.09,0.02,-0.01
-9875,3.02,-1930,2.42,551,2,46854,14_53_33_10_03_2025,4.49,8.53,-0.79,0.03,0.02,0.02
-9940,3.03,-10238,3.05,551,2,46891,14_53_33_10_03_2025,4.86,8.41,-0.81,0.05,-0.00,0.02
-9736,3.01,-19080,3.72,551,2,46960,14_53_33_10_03_2025,4.79,8.32,-0.91,0.01,0.00,0.02
-9847,3.02,-51716,6.19,552,2,47050,14_53_33_10_03_2025,4.82,8.41,-0.93,-0.05,0.02,-0.00
-9479,2.99,-111380,10.71,551,2,47086,14_53_33_10_03_2025,4.62,8.32,-0.95,-0.08,0.01,-0.02
-10255,3.05,-149951,13.63,551,2,47159,14_53_33_10_03_2025,4.61,8.67,-0.79,-0.05,0.01,-0.02
-9383,2.98,-247154,21.00,552,2,47250,14_53_33_10_03_2025,4.66,8.34,-0.97,0.04,-0.02,-0.00
-10112,3.04,-274379,23.06,552,2,47287,14_53_33_10_03_2025,4.79,8.51,-0.75,-0.04,0.01,-0.01
-9911,3.02,-272799,22.94,551,2,47357,14_53_33_10_03_2025,4.60,8.44,-0.80,0.01,0.00,-0.00
-9921,3.02,-237061,20.23,552,2,47450,14_53_33_10_03_2025,4.63,8.52,-0.98,0.04,0.00,-0.00
-9638,3.00,-95974,9.54,551,2,47487,14_53_34_10_03_2025,4.68,8.34,-1.09,0.01,-0.01,-0.02
-9640,3.00,-53224,6.30,551,2,47556,14_53_34_10_03_2025,4.70,8.43,-1.02,0.00,-0.01,-0.01
-9529,2.99,-16019,3.49,551,2,47646,14_53_34_10_03_2025,4.53,8.51,-1.00,-0.01,-0.02,-0.01
-9657,3.00,-6006,2.73,551,2,47683,14_53_34_10_03_2025,4.66,8.37,-1.13,-0.02,-0.00,0.00
-9852,3.02,-3950,2.57,551,2,47752,14_53_34_10_03_2025,4.74,8.32,-1.14,-0.03,0.01,0.00
-9714,3.01,-156,2.28,552,2,47843,14_53_34_10_03_2025,4.65,8.48,-0.83,-0.09,0.02,-0.01
-9780,3.01,166,2.26,551,2,47879,14_53_34_10_03_2025,4.63,8.50,-0.70,-0.04,0.01,-0.00
-9739,3.01,166,2.26,551,2,47948,14_53_34_10_03_2025,4.62,8.50,-0.65,-0.02,0.02,0.00
-10021,3.03,-9213,2.97,552,2,48038,14_53_34_10_03_2025,4.62,8.51,-0.73,0.01,0.01,0.01
-9576,3.00,-47685,5.89,551,2,48074,14_53_34_10_03_2025,4.74,8.36,-0.90,0.00,0.00,0.01
-9448,2.99,-64933,7.19,551,2,48145,14_53_34_10_03_2025,4.77,8.34,-0.90,-0.03,0.02,0.00
-9605,3.00,-118080,11.22,552,2,48237,14_53_34_10_03_2025,4.78,8.40,-0.62,-0.04,-0.02,-0.02
-9684,3.01,-199805,17.41,551,2,48274,14_53_34_10_03_2025,4.35,8.54,-0.78,0.03,-0.02,-0.02
-9887,3.02,-236855,20.22,552,2,48343,14_53_34_10_03_2025,4.47,8.54,-0.75,0.04,0.00,0.01
-9888,3.02,-266163,22.44,551,2,48436,14_53_34_10_03_2025,4.69,8.50,-0.85,0.05,0.01,0.02
-9888,3.02,-234078,20.01,551,2,48477,14_53_35_10_03_2025,4.79,8.44,-0.81,0.02,-0.00,-0.01
-9567,3.00,750,2.22,551,2,48745,14_53_35_10_03_2025,4.57,8.32,-1.31,-0.02,0.01,0.01
-9784,3.01,1800,2.14,551,2,48782,14_53_35_10_03_2025,4.67,8.45,-1.03,-0.04,0.03,0.00
-9535,3.00,2048,2.12,551,2,48819,14_53_35_10_03_2025,4.81,8.42,-1.02,-0.02,0.01,0.01
-9739,3.01,2427,2.09,551,2,48866,14_53_35_10_03_2025,4.73,8.37,-0.99,-0.02,0.00,-0.00
-9803,3.02,2247,2.10,551,2,48902,14_53_35_10_03_2025,4.68,8.39,-0.97,-0.04,0.01,-0.00
-9679,3.01,2073,2.12,551,2,48938,14_53_35_10_03_2025,4.66,8.45,-0.91,-0.05,0.02,-0.00
-9624,3.00,1766,2.14,552,2,48974,14_53_35_10_03_2025,4.64,8.51,-0.81,-0.06,0.03,-0.00
-9421,2.99,1261,2.18,552,2,49026,14_53_35_10_03_2025,4.63,8.50,-0.80,-0.03,0.01,0.01
-9495,2.99,754,2.22,552,2,49062,14_53_35_10_03_2025,4.68,8.42,-0.79,-0.04,0.02,0.01
-9491,2.99,277,2.25,551,2,49132,14_53_35_10_03_2025,4.68,8.43,-0.68,-0.02,0.01,0.00
-9559,3.00,-9575,3.00,552,2,49222,14_53_35_10_03_2025,4.74,8.42,-0.76,0.01,0.00,0.02
-9473,2.99,-104868,10.22,551,2,49258,14_53_35_10_03_2025,4.68,8.39,-0.82,0.06,-0.02,0.01
-9163,2.97,-148016,13.49,551,2,49329,14_53_35_10_03_2025,4.84,8.25,-0.92,0.04,-0.02,0.01
-10054,3.03,-245371,20.86,552,2,49422,14_53_35_10_03_2025,4.52,8.50,-0.64,0.03,-0.02,-0.03
-9572,3.00,-317739,26.34,551,2,49458,14_53_35_10_03_2025,4.76,8.48,-0.91,0.02,-0.02,-0.00
-9609,3.00,-333997,27.58,551,2,49530,14_53_36_10_03_2025,4.74,8.45,-0.97,0.05,-0.03,0.01
-9623,3.00,-290116,24.25,551,2,49622,14_53_36_10_03_2025,4.57,8.38,-0.95,0.03,-0.01,-0.01
-9655,3.00,-146358,13.36,551,2,49714,14_53_36_10_03_2025,4.74,8.34,-1.02,0.03,-0.02,0.01
-9572,3.00,-36551,5.04,551,2,49749,14_53_36_10_03_2025,4.73,8.44,-1.06,0.01,-0.00,-0.01
-9505,2.99,-18967,3.71,551,2,49819,14_53_36_10_03_2025,4.64,8.38,-1.09,0.03,-0.02,0.00
-9758,3.01,-1597,2.39,551,2,49859,14_53_36_10_03_2025,4.62,8.51,-1.07,-0.02,0.01,-0.00
-9817,3.02,951,2.20,551,2,49926,14_53_36_10_03_2025,4.74,8.39,-1.15,0.01,-0.01,0.02
-9885,3.02,2484,2.08,551,2,50015,14_53_36_10_03_2025,4.83,8.31,-1.09,-0.04,-0.01,-0.01
-9908,3.02,2257,2.10,551,2,50050,14_53_36_10_03_2025,4.61,8.44,-1.05,-0.09,0.03,-0.02
-9874,3.02,2362,2.09,551,2,50121,14_53_36_10_03_2025,4.61,8.48,-0.89,-0.09,0.04,-0.02
-9972,3.03,1892,2.13,551,2,50211,14_53_36_10_03_2025,4.68,8.45,-0.80,-0.04,0.03,-0.00
-9523,2.99,765,2.21,551,2,50259,14_53_36_10_03_2025,4.75,8.42,-0.61,-0.03,0.02,-0.01
-9459,2.99,-250,2.29,552,2,50317,14_53_36_10_03_2025,4.77,8.49,-0.55,-0.03,0.01,-0.00
-9187,2.97,-11591,3.15,552,2,50407,14_53_36_10_03_2025,4.79,8.44,-0.63,0.04,-0.01,0.01
-9576,3.00,-96480,9.58,551,2,50443,14_53_36_10_03_2025,4.64,8.46,-0.84,0.06,0.00,0.01
-9779,3.01,-132974,12.35,551,2,50514,14_53_37_10_03_2025,4.82,8.41,-0.82,0.11,-0.02,0.02
-9686,3.01,-217681,18.76,551,2,50607,14_53_37_10_03_2025,4.85,8.39,-0.88,0.03,-0.04,-0.02
-9726,3.01,-314423,26.09,551,2,50646,14_53_37_10_03_2025,4.59,8.42,-1.05,0.11,-0.05,0.01
-9587,3.00,-317820,26.35,549,2,50714,14_53_37_10_03_2025,4.77,8.39,-1.12,0.09,-0.06,0.00
-9536,3.00,-262164,22.13,551,2,50806,14_53_37_10_03_2025,4.64,8.42,-1.24,0.00,-0.00,-0.00
-9464,2.99,-138884,12.79,551,2,50898,14_53_37_10_03_2025,4.71,8.48,-0.99,-0.00,-0.01,-0.02
-9831,3.02,-35477,4.96,552,2,50935,14_53_37_10_03_2025,4.57,8.45,-0.99,-0.03,0.01,-0.01
-9970,3.03,-19005,3.71,552,2,51003,14_53_37_10_03_2025,4.57,8.52,-1.04,-0.01,0.01,0.00
-10035,3.03,-1915,2.42,551,2,51049,14_53_37_10_03_2025,4.76,8.42,-1.12,0.00,-0.01,0.01
-9652,3.00,1952,2.12,551,2,51109,14_53_37_10_03_2025,4.64,8.30,-1.20,-0.01,-0.01,0.01
-10096,3.04,2598,2.08,552,2,51200,14_53_37_10_03_2025,4.72,8.47,-1.05,-0.07,0.04,0.00
-9435,2.99,3202,2.03,551,2,51236,14_53_37_10_03_2025,4.78,8.41,-0.80,-0.05,0.03,-0.01
-9576,3.00,2719,2.07,551,2,51307,14_53_37_10_03_2025,4.73,8.39,-0.68,-0.07,0.03,-0.02
-9584,3.00,1448,2.16,552,2,51395,14_53_37_10_03_2025,4.65,8.62,-0.55,-0.05,0.02,0.00
-9522,2.99,-8996,2.95,552,2,51433,14_53_37_10_03_2025,4.73,8.43,-0.90,0.04,-0.02,0.03
-9626,3.00,-17855,3.63,552,2,51502,14_53_38_10_03_2025,4.78,8.30,-0.87,0.03,-0.01,0.01
-9321,2.98,-55151,6.45,552,2,51592,14_53_38_10_03_2025,4.87,8.37,-0.80,0.01,0.01,-0.01
-9672,3.01,-185964,16.36,552,2,51629,14_53_38_10_03_2025,4.73,8.44,-0.94,0.10,-0.04,0.02
-9953,3.03,-234355,20.03,551,2,51700,14_53_38_10_03_2025,4.58,8.38,-1.03,0.05,-0.03,-0.01
-9775,3.01,-290795,24.30,551,2,51792,14_53_38_10_03_2025,4.67,8.43,-1.06,0.05,-0.02,-0.00
-9823,3.02,-275332,23.13,551,2,51827,14_53_38_10_03_2025,4.73,8.51,-0.94,0.05,-0.03,-0.00
-9737,3.01,-242768,20.66,552,2,51907,14_53_38_10_03_2025,4.50,8.32,-1.14,0.07,-0.03,0.00
-9661,3.00,-117723,11.19,549,2,51991,14_53_38_10_03_2025,4.89,8.49,-0.98,-0.00,0.00,-0.01
-9934,3.03,-29452,4.50,552,2,52083,14_53_38_10_03_2025,4.66,8.51,-1.02,-0.06,0.03,-0.02
-9714,3.01,-1538,2.39,551,2,52119,14_53_38_10_03_2025,4.61,8.35,-1.18,-0.00,-0.01,0.01
-10025,3.03,1429,2.16,548,2,52187,14_53_38_10_03_2025,4.68,8.39,-1.09,-0.05,0.02,0.00
-9788,3.01,2494,2.08,552,2,52223,14_53_38_10_03_2025,4.77,8.43,-0.95,-0.05,0.01,-0.01
-9921,3.02,2821,2.06,551,2,52294,14_53_38_10_03_2025,4.74,8.38,-0.88,-0.05,-0.00,0.00
-9702,3.01,3118,2.04,552,2,52384,14_53_38_10_03_2025,4.64,8.42,-0.78,-0.05,0.02,-0.00
-9789,3.01,2292,2.10,552,2,52420,14_53_38_10_03_2025,4.64,8.52,-0.61,-0.01,0.02,0.01
-9569,3.00,1955,2.12,551,2,52490,14_53_38_10_03_2025,4.69,8.53,-0.63,0.01,0.01,0.02
-9310,2.98,-1663,2.40,551,2,52580,14_53_39_10_03_2025,4.78,8.40,-0.76,0.02,-0.00,0.02
-9541,3.00,-69031,7.50,552,2,52617,14_53_39_10_03_2025,4.71,8.50,-0.90,0.08,-0.03,0.02
-9071,2.96,-124956,11.74,552,2,52686,14_53_39_10_03_2025,4.69,8.33,-1.03,0.09,-0.02,0.03
-10222,3.05,-239305,20.40,549,2,52779,14_53_39_10_03_2025,5.10,8.59,-0.84,0.04,-0.00,-0.01
-9427,2.99,-293925,24.54,552,2,52815,14_53_39_10_03_2025,4.70,8.36,-1.05,0.11,-0.07,0.00
-9667,3.01,-299583,24.97,551,2,52887,14_53_39_10_03_2025,4.80,8.38,-1.19,0.12,-0.07,-0.02
-9902,3.02,-279449,23.44,551,2,52979,14_53_39_10_03_2025,4.67,8.46,-1.24,0.03,-0.03,-0.01
-9359,2.98,-168784,15.06,552,2,53070,14_53_39_10_03_2025,4.60,8.28,-1.50,0.05,-0.03,0.00
-9798,3.02,-47231,5.85,551,2,53106,14_53_39_10_03_2025,4.69,8.32,-1.36,-0.10,0.05,0.00
-9851,3.02,-23667,4.07,551,2,53176,14_53_39_10_03_2025,4.70,8.42,-1.20,-0.11,0.05,-0.00
-9739,3.01,-1553,2.39,552,2,53268,14_53_39_10_03_2025,4.67,8.39,-1.09,-0.05,0.03,0.00
-9659,3.00,2732,2.07,551,2,53315,14_53_39_10_03_2025,4.91,8.35,-0.93,-0.05,0.02,-0.01
-9804,3.02,3655,2.00,551,2,53372,14_53_39_10_03_2025,4.75,8.28,-0.95,-0.06,0.02,-0.01
-10040,3.03,3994,1.97,551,2,53408,14_53_39_10_03_2025,4.76,8.49,-0.67,-0.09,0.05,-0.02
-9800,3.02,4420,1.94,550,2,53479,14_53_39_10_03_2025,4.77,8.47,-0.62,-0.02,0.02,-0.01
-9688,3.01,3149,2.03,551,2,53569,14_53_40_10_03_2025,4.69,8.46,-0.61,-0.00,-0.01,-0.01
-9597,3.00,1630,2.15,551,2,53605,14_53_40_10_03_2025,4.71,8.48,-0.73,-0.03,0.01,0.01
-9356,2.98,1077,2.19,552,2,53675,14_53_40_10_03_2025,4.74,8.40,-0.69,0.04,-0.02,0.01
-8952,2.95,-6836,2.79,552,2,53765,14_53_40_10_03_2025,4.74,8.42,-0.87,0.08,-0.02,0.01
-10033,3.03,-129890,12.11,552,2,53800,14_53_40_10_03_2025,4.74,8.45,-1.08,0.01,0.01,0.03
-9787,3.01,-182711,16.11,549,2,53872,14_53_40_10_03_2025,4.88,8.36,-0.95,0.11,-0.01,0.01
-9969,3.03,-264645,22.32,551,2,53965,14_53_40_10_03_2025,4.91,8.31,-0.94,0.04,-0.04,-0.04
-9718,3.01,-313999,26.06,551,2,54057,14_53_40_10_03_2025,4.58,8.40,-1.36,0.09,-0.05,0.00
-9704,3.01,-269017,22.65,552,2,54103,14_53_40_10_03_2025,4.65,8.38,-1.30,-0.03,-0.01,-0.02
-9493,2.99,-220737,19.00,551,2,54164,14_53_40_10_03_2025,4.56,8.41,-1.31,-0.06,0.01,-0.02
-9312,2.98,-120316,11.39,551,2,54256,14_53_40_10_03_2025,4.65,8.35,-1.03,-0.03,-0.01,-0.02
-9767,3.01,-24821,4.15,551,2,54291,14_53_40_10_03_2025,4.68,8.56,-0.90,-0.09,0.05,-0.01
-9817,3.02,-12037,3.18,551,2,54363,14_53_40_10_03_2025,4.71,8.38,-0.94,0.00,0.02,0.01
-9651,3.00,1597,2.15,552,2,54452,14_53_40_10_03_2025,4.77,8.43,-0.91,-0.09,0.05,-0.00
-9474,2.99,2801,2.06,551,2,54490,14_53_41_10_03_2025,4.81,8.37,-0.74,-0.07,0.01,-0.01
-9632,3.00,2716,2.07,550,2,54558,14_53_41_10_03_2025,4.73,8.45,-0.69,-0.07,0.02,-0.02
-9578,3.00,1985,2.12,552,2,54649,14_53_41_10_03_2025,4.59,8.50,-0.59,-0.04,0.01,-0.02
-9289,2.98,567,2.23,551,2,54686,14_53_41_10_03_2025,4.60,8.52,-0.65,0.05,-0.01,0.01
-9407,2.99,199,2.26,551,2,54754,14_53_41_10_03_2025,4.64,8.46,-0.70,0.04,-0.01,0.02
-9305,2.98,-6710,2.78,552,2,54790,14_53_41_10_03_2025,4.76,8.43,-0.73,0.05,-0.01,0.02
-9106,2.96,-37551,5.12,551,2,54860,14_53_41_10_03_2025,4.81,8.44,-0.82,0.06,-0.00,0.02
-9248,2.97,-98811,9.76,550,2,54950,14_53_41_10_03_2025,4.70,8.48,-0.90,0.05,-0.01,0.02
-9666,3.01,-237159,20.24,551,2,54987,14_53_41_10_03_2025,4.81,8.42,-0.82,0.06,-0.03,0.00
-9508,2.99,-272272,22.90,551,2,55059,14_53_41_10_03_2025,4.63,8.44,-0.86,0.09,-0.04,-0.00
-9715,3.01,-314797,26.12,551,2,55149,14_53_41_10_03_2025,4.80,8.39,-1.15,0.06,-0.03,0.00
-9549,3.00,-278994,23.41,552,2,55242,14_53_41_10_03_2025,4.61,8.26,-1.28,0.05,-0.04,0.00
-8994,2.95,-129114,12.05,551,2,55278,14_53_41_10_03_2025,4.82,8.40,-0.99,-0.01,-0.01,-0.02
-9065,2.96,-68262,7.44,552,2,55350,14_53_41_10_03_2025,4.64,8.28,-1.14,0.02,-0.02,-0.02
-9884,3.02,-9940,3.03,552,2,55439,14_53_41_10_03_2025,4.50,8.56,-0.95,-0.04,0.04,0.00
-9431,2.99,2083,2.11,551,2,55475,14_53_42_10_03_2025,4.78,8.31,-1.05,-0.01,0.01,0.01
-9679,3.01,1720,2.14,550,2,55545,14_53_42_10_03_2025,4.75,8.34,-0.99,-0.07,0.03,0.00
-9914,3.02,1348,2.17,549,2,55637,14_53_42_10_03_2025,4.76,8.31,-0.82,-0.05,0.02,-0.01
-9736,3.01,660,2.22,551,2,55672,14_53_42_10_03_2025,4.68,8.54,-0.58,-0.05,0.02,-0.02
-9639,3.00,240,2.25,551,2,55742,14_53_42_10_03_2025,4.69,8.51,-0.65,0.00,0.01,-0.01
-9798,3.02,659,2.22,551,2,55778,14_53_42_10_03_2025,4.66,8.42,-0.73,0.02,-0.01,-0.00
-9594,3.00,-1611,2.39,551,2,55848,14_53_42_10_03_2025,4.61,8.46,-0.77,0.01,-0.01,0.00
-10218,3.05,870,2.21,551,2,55938,14_53_42_10_03_2025,4.69,8.37,-0.92,0.04,-0.02,0.02
-9225,2.97,-140,2.28,552,2,55977,14_53_42_10_03_2025,4.76,8.43,-0.92,0.02,-0.01,0.00
-9345,2.98,-376,2.30,551,2,56044,14_53_42_10_03_2025,4.74,8.43,-0.93,0.01,-0.01,-0.00
-9416,2.99,935,2.20,551,2,56134,14_53_42_10_03_2025,4.56,8.46,-0.92,0.01,0.00,-0.01
-9534,2.99,102,2.27,552,2,56170,14_53_42_10_03_2025,4.71,8.40,-0.90,0.00,0.01,0.01
-9236,2.97,93,2.27,551,2,56239,14_53_42_10_03_2025,4.71,8.44,-0.79,0.00,0.01,0.01
-8677,2.93,492,2.24,551,2,56330,14_53_42_10_03_2025,4.77,8.38,-0.70,0.01,-0.00,0.01
-9573,3.00,492,2.24,551,2,56377,14_53_42_10_03_2025,4.75,8.47,-0.84,-0.00,-0.04,-0.00
-9848,3.02,-565,2.32,550,2,56436,14_53_42_10_03_2025,4.56,8.47,-0.84,0.04,-0.05,0.00
-10109,3.04,-1202,2.36,551,2,56526,14_53_43_10_03_2025,4.60,8.47,-1.02,0.05,-0.02,0.00
-10794,3.09,-570,2.32,552,2,56562,14_53_43_10_03_2025,4.71,8.36,-1.00,0.02,-0.07,0.04
-10429,3.06,-834,2.34,551,2,56633,14_53_43_10_03_2025,4.73,8.35,-0.99,0.00,-0.09,0.01
-10332,3.06,-1796,2.41,551,2,56723,14_53_43_10_03_2025,4.87,8.29,-1.07,0.05,-0.07,0.03
-10580,3.07,-1685,2.40,551,2,56762,14_53_43_10_03_2025,4.74,8.44,-0.95,0.01,-0.00,-0.01
-10438,3.06,-1161,2.36,552,2,56829,14_53_43_10_03_2025,4.66,8.44,-1.02,0.03,-0.04,-0.00
-9909,3.02,-1129,2.36,551,2,56920,14_53_43_10_03_2025,4.76,8.37,-1.01,0.01,-0.02,-0.01
-10190,3.04,-1675,2.40,552,2,56955,14_53_43_10_03_2025,4.73,8.39,-1.02,0.01,-0.02,0.01
-10072,3.04,-1533,2.39,551,2,57025,14_53_43_10_03_2025,4.73,8.36,-1.07,0.00,-0.01,-0.00
-10300,3.05,-1207,2.36,552,2,57062,14_53_43_10_03_2025,4.77,8.35,-1.07,-0.00,-0.00,-0.00
-9886,3.02,-1193,2.36,552,2,57130,14_53_43_10_03_2025,4.74,8.39,-1.02,-0.01,0.00,-0.01
-10342,3.06,-697,2.33,549,2,57221,14_53_43_10_03_2025,4.72,8.42,-0.99,0.01,-0.01,-0.00
-9416,2.99,-948,2.34,551,2,57256,14_53_43_10_03_2025,4.80,8.43,-0.94,0.01,-0.01,-0.01
-9152,2.97,-1205,2.36,551,2,57327,14_53_43_10_03_2025,4.67,8.42,-1.03,0.01,-0.02,-0.00
-9390,2.98,-835,2.34,551,2,57417,14_53_43_10_03_2025,4.64,8.43,-1.12,-0.00,-0.01,0.00
-7239,2.82,-1517,2.39,551,2,57454,14_53_43_10_03_2025,4.79,8.41,-0.93,-0.01,0.01,-0.01
-6942,2.80,-1000,2.35,551,2,57523,14_53_44_10_03_2025,4.84,8.43,-1.00,0.02,-0.01,0.00
-6369,2.76,-1324,2.37,551,2,57613,14_53_44_10_03_2025,4.76,8.31,-1.04,-0.01,-0.01,-0.01
-5192,2.67,-1317,2.37,552,2,57648,14_53_44_10_03_2025,4.73,8.44,-1.00,-0.00,-0.01,-0.00
-5438,2.68,-1298,2.37,551,2,57720,14_53_44_10_03_2025,4.69,8.39,-0.97,-0.01,-0.01,-0.00
-6120,2.74,-1096,2.36,552,2,57810,14_53_44_10_03_2025,4.64,8.44,-0.98,0.02,-0.01,-0.00
-6413,2.76,547,2.23,551,2,57856,14_53_44_10_03_2025,4.72,8.37,-1.05,0.01,-0.00,0.00
-6591,2.77,148,2.26,551,2,57915,14_53_44_10_03_2025,4.76,8.37,-1.02,0.01,-0.00,-0.00
-5819,2.71,872,2.21,551,2,58006,14_53_44_10_03_2025,4.76,8.40,-1.05,-0.00,-0.00,0.00
-6664,2.78,1129,2.19,551,2,58041,14_53_44_10_03_2025,4.67,8.42,-1.02,0.01,0.00,-0.00
-6032,2.73,1584,2.15,551,2,58112,14_53_44_10_03_2025,4.77,8.37,-1.01,0.00,0.00,-0.00
-6126,2.74,1901,2.13,550,2,58202,14_53_44_10_03_2025,4.75,8.41,-0.98,0.01,-0.01,0.00
-6126,2.74,2226,2.10,551,2,58240,14_53_44_10_03_2025,4.72,8.39,-1.02,-0.00,-0.00,-0.01
-6036,2.73,2001,2.12,552,2,58309,14_53_44_10_03_2025,4.69,8.37,-1.00,-0.00,-0.00,-0.01
-6210,2.74,2255,2.10,551,2,58346,14_53_44_10_03_2025,4.67,8.44,-1.01,0.01,-0.00,-0.00
-6148,2.74,2287,2.10,552,2,58414,14_53_44_10_03_2025,4.69,8.42,-0.98,0.01,-0.00,0.00
-6192,2.74,2038,2.12,551,2,59465,14_53_44_10_03_2025,4.69,8.40,-0.99,0.02,0.00,0.01
-6015,2.73,2070,2.12,552,2,61936,14_53_46_10_03_2025,4.73,8.42,-1.03,-0.01,0.00,-0.01
-6327,2.75,2016,2.12,551,2,64417,14_53_48_10_03_2025,4.73,8.41,-1.05,0.00,-0.01,0.00
-6120,2.74,2267,2.10,551,2,66886,14_53_50_10_03_2025,4.05,8.50,2.78,-0.43,0.14,0.03
