-6119,2.74,2682,2.07,552,2,6221,14_58_31_10_03_2025,2.16,9.11,2.52,0.12,-1.00,0.51
-5930,2.72,2509,2.08,552,2,6548,14_58_32_10_03_2025,2.08,9.13,2.49,0.01,-0.00,-0.01
-6086,2.73,2775,2.06,552,2,6582,14_58_32_10_03_2025,2.11,9.15,2.48,0.00,-0.00,0.00
-6079,2.73,2641,2.07,552,2,6616,14_58_32_10_03_2025,2.12,9.13,2.45,0.01,-0.00,0.00
-5994,2.73,2703,2.07,553,2,6649,14_58_32_10_03_2025,2.14,9.12,2.45,-0.00,0.00,0.00
-5955,2.72,2857,2.06,552,2,6682,14_58_32_10_03_2025,2.15,9.11,2.45,0.00,0.00,0.00
-6098,2.73,2613,2.07,552,2,6716,14_58_32_10_03_2025,2.20,9.11,2.51,-0.00,0.00,0.01
-5924,2.72,2418,2.09,552,2,6752,14_58_32_10_03_2025,2.18,9.13,2.51,0.00,0.00,0.01
-6024,2.73,2661,2.07,552,2,6786,14_58_32_10_03_2025,2.15,9.10,2.49,-0.00,0.00,0.00
-5872,2.72,2748,2.06,552,2,6820,14_58_32_10_03_2025,2.11,9.14,2.49,0.01,0.00,0.00
-5846,2.72,2667,2.07,552,2,6854,14_58_32_10_03_2025,2.11,9.13,2.45,0.00,0.00,0.00
-5875,2.72,2573,2.08,551,2,6887,14_58_32_10_03_2025,2.18,9.07,2.47,-0.01,0.00,0.01
-6008,2.73,2715,2.07,552,2,6920,14_58_32_10_03_2025,2.26,9.06,2.55,-0.01,0.01,0.01
-5956,2.72,2880,2.05,552,2,6965,14_58_32_10_03_2025,2.25,9.12,2.55,0.00,0.02,0.00
-6161,2.74,2620,2.07,552,2,7000,14_58_32_10_03_2025,2.08,9.08,2.47,0.01,0.01,-0.00
-6010,2.73,2666,2.07,552,2,7036,14_58_32_10_03_2025,2.11,9.08,2.50,-0.02,0.00,0.01
-6073,2.73,2822,2.06,552,2,7072,14_58_32_10_03_2025,2.14,9.10,2.55,-0.01,0.01,0.00
-6073,2.73,2750,2.06,551,2,7107,14_58_32_10_03_2025,2.11,9.13,2.56,-0.02,0.02,0.02
-6132,2.74,2823,2.06,552,2,7143,14_58_32_10_03_2025,2.15,9.08,2.58,-0.02,0.01,0.03
-6130,2.74,2655,2.07,552,2,7182,14_58_32_10_03_2025,2.22,9.10,2.55,-0.01,0.01,0.02
-6018,2.73,2649,2.07,552,2,7217,14_58_32_10_03_2025,2.09,9.18,2.51,0.00,0.01,0.01
-6254,2.75,2673,2.07,551,2,7253,14_58_32_10_03_2025,2.11,9.09,2.50,-0.02,0.00,0.03
-6115,2.74,2645,2.07,552,2,7288,14_58_32_10_03_2025,2.25,9.02,2.59,-0.02,0.00,0.03
-5940,2.72,2798,2.06,552,2,7324,14_58_33_10_03_2025,2.40,9.09,2.58,-0.02,0.00,0.02
-5940,2.72,2699,2.07,552,2,7360,14_58_33_10_03_2025,2.44,9.04,2.62,-0.03,-0.01,0.02
-5898,2.72,2668,2.07,552,2,7407,14_58_33_10_03_2025,2.29,9.08,2.67,-0.01,-0.01,-0.00
-5890,2.72,2549,2.08,553,2,7442,14_58_33_10_03_2025,2.15,9.09,2.60,0.01,-0.01,-0.00
-6007,2.73,2546,2.08,550,2,7479,14_58_33_10_03_2025,2.10,9.15,2.54,0.01,-0.01,-0.01
-6067,2.73,2654,2.07,552,2,7517,14_58_33_10_03_2025,2.19,9.07,2.54,-0.01,-0.02,-0.00
-6067,2.73,2635,2.07,553,2,7552,14_58_33_10_03_2025,2.31,9.06,2.58,0.00,-0.02,0.00
-5971,2.73,2665,2.07,552,2,7587,14_58_33_10_03_2025,2.34,9.08,2.63,0.00,-0.01,0.00
-5868,2.72,3243,2.03,552,2,7626,14_58_33_10_03_2025,2.32,9.09,2.60,0.02,-0.00,-0.01
-5589,2.70,3259,2.03,552,2,7662,14_58_33_10_03_2025,2.27,9.09,2.59,0.02,-0.01,-0.01
-5298,2.67,3963,1.97,551,2,7698,14_58_33_10_03_2025,2.30,9.02,2.67,0.02,-0.00,-0.02
-6101,2.73,3669,1.99,553,2,7733,14_58_33_10_03_2025,2.24,9.10,2.58,0.04,-0.01,-0.00
-6295,2.75,2871,2.06,550,2,7769,14_58_33_10_03_2025,2.15,9.11,2.57,0.02,-0.00,-0.04
-5979,2.73,2962,2.05,550,2,7805,14_58_33_10_03_2025,2.09,9.08,2.62,0.01,-0.01,-0.01
-6069,2.73,3031,2.04,552,2,7851,14_58_33_10_03_2025,2.14,9.04,2.58,0.00,-0.01,-0.01
-5866,2.72,2999,2.05,553,2,7887,14_58_33_10_03_2025,2.18,9.14,2.61,0.02,-0.01,-0.01
-5773,2.71,2778,2.06,552,2,7922,14_58_33_10_03_2025,2.16,9.07,2.57,0.00,-0.01,0.00
-5722,2.71,2812,2.06,552,2,7958,14_58_33_10_03_2025,2.16,9.09,2.52,0.01,-0.01,0.00
-5838,2.71,3004,2.05,552,2,7994,14_58_33_10_03_2025,2.21,9.11,2.56,0.00,-0.01,0.00
-5454,2.69,2571,2.08,552,2,8030,14_58_33_10_03_2025,2.27,9.07,2.55,0.00,-0.00,-0.00
-4877,2.64,2631,2.07,550,2,8068,14_58_33_10_03_2025,2.27,9.07,2.60,-0.00,-0.00,0.00
-5384,2.68,2211,2.11,552,2,8104,14_58_33_10_03_2025,2.21,9.07,2.58,0.00,-0.00,0.01
-4876,2.64,1979,2.12,552,2,8141,14_58_33_10_03_2025,2.19,9.13,2.59,0.00,-0.00,0.00
-5054,2.66,1812,2.14,553,2,8176,14_58_33_10_03_2025,2.20,9.08,2.58,-0.00,-0.01,0.00
-5087,2.66,2141,2.11,552,2,8212,14_58_33_10_03_2025,2.17,9.03,2.58,0.01,0.00,-0.00
-5425,2.68,2295,2.10,553,2,8247,14_58_33_10_03_2025,2.15,9.06,2.55,0.02,0.00,-0.00
-6095,2.73,2689,2.07,550,2,8294,14_58_33_10_03_2025,2.27,9.12,2.55,0.00,-0.00,0.00
-5845,2.72,2266,2.10,552,2,8329,14_58_34_10_03_2025,2.29,9.10,2.53,0.01,-0.00,0.00
-6357,2.75,2274,2.10,552,2,8365,14_58_34_10_03_2025,2.25,9.11,2.52,0.01,-0.00,-0.01
-6090,2.73,1762,2.14,552,2,8400,14_58_34_10_03_2025,2.25,9.04,2.56,0.00,-0.00,-0.01
-6150,2.74,1542,2.16,551,2,8436,14_58_34_10_03_2025,2.17,9.12,2.59,0.00,-0.00,-0.01
-6275,2.75,835,2.21,552,2,8472,14_58_34_10_03_2025,2.14,9.08,2.60,0.00,-0.01,-0.01
-6766,2.79,392,2.24,552,2,8512,14_58_34_10_03_2025,2.10,9.07,2.61,-0.01,-0.01,0.00
-7536,2.84,796,2.21,552,2,8547,14_58_34_10_03_2025,2.18,9.03,2.66,0.00,-0.01,0.00
-8787,2.94,1199,2.18,551,2,8584,14_58_34_10_03_2025,2.22,9.11,2.60,0.01,-0.01,-0.00
-9862,3.02,1018,2.20,552,2,8620,14_58_34_10_03_2025,2.22,9.07,2.58,-0.00,-0.01,0.01
-9624,3.00,620,2.23,552,2,8655,14_58_34_10_03_2025,2.21,9.09,2.51,0.01,-0.00,0.00
-9518,2.99,-211,2.29,552,2,8691,14_58_34_10_03_2025,2.22,9.08,2.57,-0.00,-0.00,0.01
-10399,3.06,-912,2.34,553,2,8738,14_58_34_10_03_2025,2.22,9.12,2.53,0.00,-0.00,0.00
-9905,3.02,-1519,2.39,552,2,8774,14_58_34_10_03_2025,2.27,9.10,2.54,0.01,-0.00,0.00
-9468,2.99,-1625,2.40,552,2,8809,14_58_34_10_03_2025,2.19,9.08,2.53,-0.00,0.00,0.00
-10362,3.06,-1552,2.39,552,2,8844,14_58_34_10_03_2025,2.17,9.09,2.59,0.00,0.00,-0.00
-11384,3.14,-1528,2.39,552,2,8880,14_58_34_10_03_2025,2.18,9.11,2.57,0.00,0.00,0.00
-10622,3.08,-2002,2.42,552,2,8916,14_58_34_10_03_2025,2.19,9.03,2.56,-0.00,-0.00,0.00
-10468,3.07,-1907,2.42,552,2,8955,14_58_34_10_03_2025,2.23,9.12,2.60,0.01,-0.00,0.00
-10772,3.09,-1628,2.40,552,2,8990,14_58_34_10_03_2025,2.28,9.14,2.55,-0.01,-0.01,0.01
-10303,3.05,-1651,2.40,552,2,9026,14_58_34_10_03_2025,2.19,9.08,2.58,0.01,-0.00,0.01
-10303,3.05,-1700,2.40,552,2,9061,14_58_34_10_03_2025,2.14,9.04,2.62,0.04,0.01,-0.02
-10528,3.07,-890,2.34,552,2,9098,14_58_34_10_03_2025,2.20,9.10,2.57,-0.01,0.00,0.01
-10222,3.05,-582,2.32,551,2,9134,14_58_34_10_03_2025,2.23,9.08,2.58,0.02,0.00,0.00
-10449,3.06,-711,2.33,553,2,9180,14_58_34_10_03_2025,2.22,9.09,2.55,0.01,-0.00,0.00
-10045,3.03,-1370,2.38,552,2,9216,14_58_34_10_03_2025,2.23,9.08,2.57,-0.00,-0.00,0.00
-9761,3.01,-1584,2.39,552,2,9252,14_58_34_10_03_2025,2.20,9.07,2.59,-0.00,0.00,0.00
-9049,2.96,-841,2.34,551,2,9288,14_58_34_10_03_2025,2.20,9.09,2.66,0.00,0.00,0.00
-8571,2.92,224,2.26,552,2,9323,14_58_35_10_03_2025,2.18,9.03,2.65,0.00,0.00,0.00
-8623,2.93,1127,2.19,551,2,9359,14_58_35_10_03_2025,2.24,9.05,2.61,0.01,0.00,0.00
-8744,2.94,845,2.21,552,2,9397,14_58_35_10_03_2025,2.31,9.04,2.54,0.01,-0.01,0.00
-8805,2.94,392,2.24,552,2,9433,14_58_35_10_03_2025,2.36,9.10,2.59,0.01,-0.01,-0.01
-8924,2.95,567,2.23,552,2,9471,14_58_35_10_03_2025,2.26,9.10,2.57,0.03,-0.00,-0.03
-8980,2.95,27,2.27,552,2,9506,14_58_35_10_03_2025,2.10,9.11,2.52,0.06,0.00,-0.04
-8979,2.95,-172,2.29,552,2,9542,14_58_35_10_03_2025,2.13,9.09,2.51,0.03,-0.00,-0.03
-9067,2.96,-432,2.31,552,2,9578,14_58_35_10_03_2025,2.19,9.09,2.56,0.02,-0.00,-0.01
-9248,2.97,-137,2.28,552,2,9624,14_58_35_10_03_2025,2.17,9.10,2.53,0.00,-0.00,-0.00
-9278,2.98,-211,2.29,552,2,9659,14_58_35_10_03_2025,2.12,9.14,2.56,0.02,-0.00,-0.01
-9142,2.97,-543,2.31,552,2,9696,14_58_35_10_03_2025,2.12,9.08,2.52,0.01,-0.00,-0.00
-9102,2.96,-552,2.31,551,2,9732,14_58_35_10_03_2025,2.15,9.09,2.52,0.02,0.00,0.00
-9025,2.96,-404,2.30,552,2,9768,14_58_35_10_03_2025,2.21,9.11,2.49,0.02,-0.00,-0.00
-9168,2.97,-349,2.30,552,2,9803,14_58_35_10_03_2025,2.25,9.10,2.57,0.01,-0.01,-0.00
-9236,2.97,-653,2.32,551,2,9842,14_58_35_10_03_2025,2.19,9.08,2.53,0.02,-0.00,-0.01
-9282,2.98,-414,2.30,550,2,9878,14_58_35_10_03_2025,2.25,9.12,2.50,0.01,-0.01,0.00
-9472,2.99,-730,2.33,552,2,9915,14_58_35_10_03_2025,2.15,9.07,2.52,0.04,-0.01,-0.01
-9007,2.96,-495,2.31,552,2,9950,14_58_35_10_03_2025,2.13,9.11,2.57,0.00,-0.00,-0.02
-9057,2.96,-207,2.29,552,2,9985,14_58_35_10_03_2025,2.07,9.10,2.45,0.02,-0.00,-0.01
-9173,2.97,-336,2.30,552,2,10021,14_58_35_10_03_2025,2.11,9.15,2.46,0.02,-0.01,0.00
-9019,2.96,-523,2.31,551,2,10068,14_58_35_10_03_2025,2.14,9.08,2.48,0.00,-0.01,0.00
-8728,2.93,-788,2.33,552,2,10103,14_58_35_10_03_2025,2.18,9.17,2.50,0.01,-0.00,0.00
-8939,2.95,-867,2.34,552,2,10139,14_58_35_10_03_2025,2.21,9.15,2.44,0.01,-0.00,0.01
-9651,3.00,-704,2.33,552,2,10175,14_58_35_10_03_2025,2.24,9.15,2.46,0.01,-0.00,0.01
-9766,3.01,-175,2.29,551,2,10211,14_58_35_10_03_2025,2.26,9.11,2.44,0.01,-0.00,-0.00
-9659,3.00,72,2.27,552,2,10247,14_58_35_10_03_2025,2.23,9.14,2.53,0.00,-0.01,-0.01
-9541,3.00,621,2.23,552,2,10282,14_58_35_10_03_2025,2.13,9.11,2.47,0.03,-0.00,-0.01
-9569,3.00,978,2.20,552,2,10320,14_58_36_10_03_2025,2.10,9.10,2.54,0.00,-0.01,-0.01
-9334,2.98,721,2.22,552,2,10356,14_58_36_10_03_2025,2.10,9.11,2.48,0.03,-0.01,-0.01
-9440,2.99,746,2.22,552,2,10392,14_58_36_10_03_2025,2.12,9.14,2.51,0.00,-0.01,0.00
-9477,2.99,595,2.23,552,2,10427,14_58_36_10_03_2025,2.12,9.13,2.45,0.02,-0.01,0.00
-9430,2.99,711,2.22,552,2,10465,14_58_36_10_03_2025,2.16,9.11,2.46,0.00,-0.01,0.00
-9333,2.98,79,2.27,552,2,10500,14_58_36_10_03_2025,2.17,9.12,2.46,0.01,-0.00,-0.00
-9176,2.97,-31,2.28,552,2,10547,14_58_36_10_03_2025,2.17,9.12,2.48,0.00,-0.00,0.00
-9534,2.99,-296,2.30,552,2,10582,14_58_36_10_03_2025,2.17,9.10,2.48,0.01,-0.00,0.00
-9202,2.97,-263,2.29,552,2,10617,14_58_36_10_03_2025,2.21,9.13,2.48,0.00,-0.01,0.00
-9320,2.98,-807,2.33,552,2,10653,14_58_36_10_03_2025,2.18,9.14,2.45,0.01,-0.01,-0.00
-9348,2.98,-1096,2.36,552,2,10688,14_58_36_10_03_2025,2.19,9.14,2.47,0.01,-0.01,-0.00
-9224,2.97,-791,2.33,552,2,10724,14_58_36_10_03_2025,2.15,9.12,2.50,0.00,-0.01,-0.01
-9112,2.96,-399,2.30,552,2,10763,14_58_36_10_03_2025,2.12,9.10,2.46,0.01,-0.00,-0.00
-9120,2.96,-414,2.30,551,2,10798,14_58_36_10_03_2025,2.11,9.18,2.46,0.02,-0.00,-0.00
-8839,2.94,-169,2.29,552,2,10834,14_58_36_10_03_2025,2.13,9.12,2.41,0.01,-0.00,-0.00
-8913,2.95,15,2.27,550,2,10870,14_58_36_10_03_2025,2.19,9.07,2.49,-0.01,-0.00,0.00
-8987,2.95,128,2.26,552,2,10906,14_58_36_10_03_2025,2.16,9.13,2.50,0.01,0.00,-0.00
-7968,2.88,-174,2.29,552,2,10941,14_58_36_10_03_2025,2.18,9.15,2.50,0.00,-0.01,-0.00
-7962,2.88,113,2.26,552,2,10988,14_58_36_10_03_2025,2.16,9.07,2.44,0.00,-0.00,0.00
-8342,2.90,426,2.24,552,2,11024,14_58_36_10_03_2025,2.16,9.13,2.46,-0.00,0.00,0.00
-9509,2.99,481,2.24,552,2,11060,14_58_36_10_03_2025,2.19,9.18,2.43,0.01,0.00,0.00
-10246,3.05,516,2.23,551,2,11096,14_58_36_10_03_2025,2.18,9.14,2.41,0.01,0.00,-0.01
-10059,3.03,797,2.21,551,2,11131,14_58_36_10_03_2025,2.15,9.10,2.45,0.00,-0.00,-0.01
-9609,3.00,1081,2.19,552,2,11167,14_58_36_10_03_2025,2.12,9.12,2.46,-0.01,-0.00,0.01
-8932,2.95,908,2.20,552,2,11206,14_58_36_10_03_2025,2.16,9.19,2.54,0.01,-0.00,-0.01
-8440,2.91,1147,2.19,551,2,11241,14_58_36_10_03_2025,2.17,9.08,2.45,0.01,-0.00,-0.00
-7658,2.85,890,2.21,552,2,11277,14_58_36_10_03_2025,2.15,9.11,2.54,0.02,0.00,-0.01
-7184,2.82,1255,2.18,551,2,11312,14_58_36_10_03_2025,2.14,9.13,2.46,0.02,0.00,-0.01
-7664,2.85,610,2.23,552,2,11349,14_58_37_10_03_2025,2.14,9.11,2.49,0.01,-0.00,-0.00
-7551,2.84,994,2.20,552,2,11385,14_58_37_10_03_2025,2.13,9.13,2.47,0.01,-0.00,-0.00
-7559,2.85,1700,2.14,551,2,11433,14_58_37_10_03_2025,2.17,9.13,2.47,0.01,-0.00,-0.00
-8427,2.91,802,2.21,552,2,11470,14_58_37_10_03_2025,2.14,9.15,2.44,0.01,-0.00,-0.00
-9973,3.03,109,2.26,553,2,11506,14_58_37_10_03_2025,2.14,9.14,2.42,0.01,-0.00,0.00
-9790,3.01,368,2.24,552,2,11541,14_58_37_10_03_2025,2.17,9.10,2.45,0.01,-0.00,0.00
-10873,3.10,837,2.21,551,2,11576,14_58_37_10_03_2025,2.15,9.11,2.48,-0.00,0.00,-0.00
-10458,3.07,1936,2.13,551,2,11612,14_58_37_10_03_2025,2.10,9.18,2.47,0.01,0.00,-0.00
-9882,3.02,1857,2.13,552,2,11651,14_58_37_10_03_2025,2.13,9.14,2.39,0.01,-0.01,0.00
-9620,3.00,1923,2.13,551,2,11687,14_58_37_10_03_2025,2.21,9.12,2.43,0.00,-0.01,0.00
-10844,3.09,2601,2.08,551,2,11722,14_58_37_10_03_2025,2.17,9.14,2.44,-0.00,-0.00,0.00
-10719,3.08,2380,2.09,552,2,11758,14_58_37_10_03_2025,2.27,9.18,2.49,0.01,-0.01,0.00
-10531,3.07,2716,2.07,551,2,11794,14_58_37_10_03_2025,2.20,9.04,2.49,0.02,-0.00,-0.01
-10136,3.04,2584,2.08,552,2,11830,14_58_37_10_03_2025,2.11,9.12,2.51,0.02,0.00,-0.01
-10494,3.07,2278,2.10,553,2,11876,14_58_37_10_03_2025,2.04,9.13,2.46,0.02,0.00,-0.01
-10799,3.09,2629,2.07,552,2,11911,14_58_37_10_03_2025,2.10,9.11,2.48,0.00,-0.00,0.00
-9834,3.02,2426,2.09,552,2,11948,14_58_37_10_03_2025,2.13,9.11,2.44,0.00,-0.00,0.00
-9695,3.01,2912,2.05,551,2,11984,14_58_37_10_03_2025,2.12,9.19,2.40,0.02,0.00,-0.00
-8312,2.90,2217,2.10,551,2,12019,14_58_37_10_03_2025,2.20,9.09,2.46,-0.01,-0.01,0.01
-7715,2.86,897,2.20,553,2,12054,14_58_37_10_03_2025,2.17,9.18,2.41,0.03,0.00,-0.01
-8372,2.91,1067,2.19,551,2,12094,14_58_37_10_03_2025,2.12,9.11,2.40,-0.00,-0.00,0.01
-8562,2.92,915,2.20,552,2,12130,14_58_37_10_03_2025,2.14,9.12,2.43,0.01,0.00,0.00
-8756,2.94,627,2.23,552,2,12166,14_58_37_10_03_2025,2.17,9.16,2.46,0.01,0.00,0.00
-7364,2.83,653,2.22,552,2,12201,14_58_37_10_03_2025,2.17,9.12,2.46,-0.00,-0.00,0.00
-7972,2.88,736,2.22,552,2,12236,14_58_37_10_03_2025,2.12,9.11,2.48,0.01,-0.00,-0.00
-8084,2.89,1038,2.19,552,2,12272,14_58_37_10_03_2025,2.15,9.14,2.50,-0.01,-0.01,0.00
-7966,2.88,1524,2.16,552,2,12318,14_58_37_10_03_2025,2.12,9.14,2.41,0.00,-0.01,0.01
-7887,2.87,2165,2.11,552,2,12353,14_58_38_10_03_2025,2.17,9.16,2.40,0.01,-0.01,0.00
-8112,2.89,1930,2.13,552,2,12388,14_58_38_10_03_2025,2.19,9.10,2.38,0.00,-0.01,0.00
-7725,2.86,721,2.22,552,2,12426,14_58_38_10_03_2025,2.11,9.08,2.57,-0.01,0.00,0.00
-7286,2.82,225,2.26,552,2,12462,14_58_38_10_03_2025,2.08,9.16,2.47,0.02,0.00,0.00
-7065,2.81,487,2.24,550,2,12498,14_58_38_10_03_2025,2.16,9.12,2.46,0.01,-0.00,0.00
-8266,2.90,747,2.22,549,2,12536,14_58_38_10_03_2025,2.15,9.11,2.49,0.00,0.00,0.01
-8303,2.90,1237,2.18,552,2,12572,14_58_38_10_03_2025,2.14,9.15,2.46,0.02,0.00,-0.00
-9056,2.96,566,2.23,552,2,12608,14_58_38_10_03_2025,2.22,9.15,2.45,0.00,-0.01,-0.00
-9380,2.98,361,2.25,550,2,12644,14_58_38_10_03_2025,2.27,9.10,2.39,0.01,-0.01,-0.00
-8346,2.90,-134,2.28,552,2,12680,14_58_38_10_03_2025,2.21,9.12,2.44,-0.00,-0.00,-0.01
-7998,2.88,-397,2.30,552,2,12715,14_58_38_10_03_2025,2.10,9.14,2.38,0.02,-0.00,-0.01
-8491,2.92,-39,2.28,551,2,12762,14_58_38_10_03_2025,2.09,9.15,2.45,0.01,-0.01,-0.01
-9192,2.97,-431,2.31,552,2,12798,14_58_38_10_03_2025,2.12,9.15,2.37,0.01,-0.00,-0.01
-9622,3.00,-174,2.29,551,2,12834,14_58_38_10_03_2025,2.11,9.12,2.46,-0.01,-0.01,0.00
-8368,2.91,-421,2.30,552,2,12869,14_58_38_10_03_2025,2.14,9.16,2.45,0.02,-0.01,-0.01
-9583,3.00,-445,2.31,552,2,12905,14_58_38_10_03_2025,2.14,9.12,2.50,-0.00,-0.01,0.00
-11677,3.16,-983,2.35,553,2,12941,14_58_38_10_03_2025,2.12,9.16,2.46,0.01,-0.01,0.00
-14004,3.33,-1278,2.37,552,2,12979,14_58_38_10_03_2025,2.13,9.15,2.44,0.02,-0.01,0.00
-14508,3.37,-1353,2.38,552,2,13015,14_58_38_10_03_2025,2.11,9.15,2.40,0.01,-0.01,0.00
-14147,3.34,-926,2.34,552,2,13050,14_58_38_10_03_2025,2.13,9.10,2.42,0.00,-0.00,0.01
-15176,3.42,-1109,2.36,550,2,13086,14_58_38_10_03_2025,2.20,9.12,2.45,0.00,-0.01,0.00
-16072,3.49,-625,2.32,552,2,13122,14_58_38_10_03_2025,2.22,9.13,2.46,0.01,-0.01,0.00
-16174,3.50,-224,2.29,552,2,13158,14_58_38_10_03_2025,2.19,9.15,2.43,0.01,-0.01,-0.01
-10625,3.08,433,2.24,552,2,13222,14_58_38_10_03_2025,2.12,9.12,2.46,0.02,-0.01,-0.01
-9086,2.96,433,2.24,550,2,13257,14_58_38_10_03_2025,2.14,9.13,2.41,0.02,-0.01,-0.00
-8722,2.93,719,2.22,553,2,13329,14_58_38_10_03_2025,2.10,9.17,2.35,0.01,-0.01,-0.00
-3627,2.55,609,2.23,552,2,13420,14_58_39_10_03_2025,2.16,9.13,2.40,0.00,-0.01,-0.00
-2692,2.48,331,2.25,552,2,13456,14_58_39_10_03_2025,2.11,9.10,2.39,0.00,-0.00,0.01
-27472,4.35,1335,2.17,552,2,13525,14_58_39_10_03_2025,2.14,9.06,2.41,-0.01,0.00,0.00
-156233,14.11,3056,2.04,552,2,13617,14_58_39_10_03_2025,1.95,9.18,2.21,0.04,0.00,-0.01
-235609,20.12,2613,2.07,553,2,13653,14_58_39_10_03_2025,2.51,9.22,2.78,0.04,-0.00,-0.00
-215754,18.62,2516,2.08,552,2,13724,14_58_39_10_03_2025,2.18,9.23,2.50,0.04,0.01,-0.02
-106416,10.33,1744,2.14,552,2,13816,14_58_39_10_03_2025,1.91,9.14,2.20,0.04,-0.00,-0.02
-8468,2.91,940,2.20,550,2,13852,14_58_39_10_03_2025,2.17,9.18,2.41,0.01,0.00,0.00
-1495,2.39,984,2.20,550,2,13922,14_58_39_10_03_2025,2.19,9.13,2.41,0.00,-0.00,-0.01
5375,1.87,1066,2.19,552,2,14012,14_58_39_10_03_2025,2.12,9.17,2.37,0.01,0.00,0.01
-1434,2.38,1231,2.18,552,2,14050,14_58_39_10_03_2025,2.09,9.09,2.37,0.00,0.01,0.00
-33450,4.81,1899,2.13,551,2,14118,14_58_39_10_03_2025,2.06,9.11,2.39,-0.01,0.00,0.00
-196318,17.15,1055,2.19,552,2,14209,14_58_39_10_03_2025,2.02,9.31,2.24,0.06,-0.00,-0.00
-288679,24.14,1159,2.18,551,2,14247,14_58_39_10_03_2025,2.46,9.16,3.01,0.02,0.03,-0.03
-275435,23.14,650,2.22,550,2,14318,14_58_39_10_03_2025,1.93,9.23,2.43,0.05,0.02,-0.01
-223621,19.21,1044,2.19,552,2,14410,14_58_40_10_03_2025,2.18,9.07,2.34,0.03,0.00,-0.03
-40521,5.34,1395,2.17,552,2,14448,14_58_40_10_03_2025,1.95,9.15,2.27,-0.01,-0.01,-0.01
-14445,3.37,1426,2.16,552,2,14516,14_58_40_10_03_2025,2.04,9.14,2.40,0.02,-0.00,-0.02
-130,2.28,1098,2.19,552,2,14605,14_58_40_10_03_2025,2.17,9.16,2.33,0.01,0.00,0.01
4694,1.92,515,2.23,550,2,14643,14_58_40_10_03_2025,2.09,9.18,2.29,0.01,0.01,-0.01
-20589,3.83,1395,2.17,549,2,14712,14_58_40_10_03_2025,2.05,9.09,2.40,-0.02,-0.01,-0.00
-217024,18.71,1903,2.13,552,2,14803,14_58_40_10_03_2025,1.93,9.48,2.54,0.05,-0.00,-0.01
-281723,23.62,934,2.20,552,2,14841,14_58_40_10_03_2025,2.65,9.25,3.20,-0.02,0.01,0.02
-243278,20.70,507,2.23,553,2,14911,14_58_40_10_03_2025,2.24,9.02,2.19,0.12,0.03,-0.02
-149481,13.60,410,2.24,552,2,15003,14_58_40_10_03_2025,1.96,9.13,2.36,0.08,-0.01,-0.05
-10899,3.10,1375,2.17,552,2,15041,14_58_40_10_03_2025,2.04,9.13,2.21,-0.02,-0.01,-0.00
3579,2.00,1228,2.18,551,2,15109,14_58_40_10_03_2025,2.21,9.19,2.40,0.02,-0.01,-0.01
15344,1.11,567,2.23,551,2,15199,14_58_40_10_03_2025,2.07,9.15,2.43,0.01,-0.01,0.01
11181,1.43,661,2.22,552,2,15237,14_58_40_10_03_2025,2.19,9.18,2.29,0.01,0.00,-0.00
-6856,2.79,1158,2.18,552,2,15305,14_58_40_10_03_2025,2.10,9.08,2.28,-0.01,0.01,0.00
-220992,19.01,261,2.25,552,2,15397,14_58_41_10_03_2025,2.00,9.41,2.28,0.11,0.01,-0.03
-305391,25.41,-803,2.33,552,2,15436,14_58_41_10_03_2025,2.43,9.17,2.84,0.12,0.01,-0.03
-303406,25.26,-596,2.32,552,2,15505,14_58_41_10_03_2025,1.98,9.00,2.43,-0.07,0.01,-0.01
-273436,22.99,-430,2.31,552,2,15597,14_58_41_10_03_2025,2.05,9.05,2.27,-0.01,-0.03,0.01
-107905,10.45,957,2.20,552,2,15635,14_58_41_10_03_2025,2.15,9.09,2.40,-0.03,-0.01,0.01
-53336,6.31,1476,2.16,552,2,15704,14_58_41_10_03_2025,2.20,9.15,2.45,0.01,-0.01,-0.02
-12584,3.23,604,2.23,550,2,15794,14_58_41_10_03_2025,2.26,9.18,2.39,0.00,-0.01,0.01
-3307,2.52,608,2.23,551,2,15831,14_58_41_10_03_2025,2.09,9.21,2.31,0.00,-0.01,-0.01
-3157,2.51,503,2.23,552,2,15899,14_58_41_10_03_2025,2.08,9.12,2.35,-0.00,-0.01,-0.01
-4437,2.61,474,2.24,552,2,15989,14_58_41_10_03_2025,2.03,9.19,2.51,0.00,0.01,0.00
-4810,2.64,801,2.21,552,2,16028,14_58_41_10_03_2025,2.17,9.10,2.39,0.01,0.00,0.01
-5358,2.68,969,2.20,552,2,16096,14_58_41_10_03_2025,2.15,9.16,2.44,0.01,0.00,-0.00
-8116,2.89,816,2.21,552,2,16186,14_58_41_10_03_2025,2.07,9.09,2.46,-0.02,0.00,0.00
-6792,2.79,611,2.23,552,2,16223,14_58_41_10_03_2025,2.18,9.18,2.46,-0.01,0.00,0.02
-9340,2.98,866,2.21,552,2,16292,14_58_41_10_03_2025,2.21,9.08,2.41,0.00,0.00,0.01
-8563,2.92,1024,2.20,552,2,16382,14_58_42_10_03_2025,2.25,9.16,2.42,0.01,-0.01,-0.00
-8877,2.95,1199,2.18,552,2,16420,14_58_42_10_03_2025,2.13,9.08,2.43,0.01,0.00,-0.00
-8545,2.92,1111,2.19,552,2,16488,14_58_42_10_03_2025,2.07,9.10,2.56,-0.01,0.00,-0.01
-9806,3.02,1147,2.19,552,2,16578,14_58_42_10_03_2025,2.06,9.14,2.47,0.02,0.00,-0.00
-11127,3.12,887,2.21,552,2,16615,14_58_42_10_03_2025,2.22,9.16,2.37,0.01,-0.01,0.00
-11250,3.12,1064,2.19,552,2,16685,14_58_42_10_03_2025,2.19,9.10,2.48,-0.01,-0.00,0.00
-13622,3.30,335,2.25,552,2,16776,14_58_42_10_03_2025,2.13,9.16,2.49,0.00,-0.00,0.00
-11560,3.15,126,2.26,552,2,16814,14_58_42_10_03_2025,2.16,9.13,2.41,-0.00,-0.00,-0.00
-11437,3.14,894,2.20,552,2,16880,14_58_42_10_03_2025,2.16,9.14,2.44,-0.01,-0.00,0.00
-12171,3.19,2087,2.11,553,2,16918,14_58_42_10_03_2025,2.12,9.15,2.43,0.01,-0.00,-0.00
-11528,3.15,2578,2.08,552,2,16987,14_58_42_10_03_2025,2.15,9.15,2.43,0.00,-0.00,0.00
-10857,3.10,2305,2.10,552,2,17078,14_58_42_10_03_2025,2.20,9.13,2.47,0.01,-0.01,-0.01
-10341,3.06,1760,2.14,552,2,17116,14_58_42_10_03_2025,2.08,9.13,2.46,0.02,-0.00,-0.00
-9880,3.02,1601,2.15,552,2,17183,14_58_42_10_03_2025,2.09,9.15,2.44,0.01,-0.00,0.00
-10370,3.06,1687,2.14,552,2,17273,14_58_42_10_03_2025,2.20,9.10,2.47,0.00,-0.00,0.00
-9511,2.99,382,2.24,552,2,17311,14_58_42_10_03_2025,2.13,9.13,2.37,0.01,-0.00,0.00
-9145,2.97,178,2.26,552,2,17380,14_58_43_10_03_2025,2.15,9.16,2.45,0.01,-0.00,-0.00
-9006,2.95,439,2.24,551,2,17470,14_58_43_10_03_2025,2.16,9.13,2.47,-0.01,-0.01,0.00
-9408,2.99,-866,2.34,552,2,17508,14_58_43_10_03_2025,2.19,9.14,2.52,0.00,-0.00,0.00
-8472,2.91,-1568,2.39,552,2,17575,14_58_43_10_03_2025,2.18,9.12,2.43,0.01,-0.00,0.01
-7897,2.87,-1221,2.37,552,2,17665,14_58_43_10_03_2025,2.16,9.12,2.33,0.01,-0.00,-0.01
-9544,3.00,-2232,2.44,552,2,17702,14_58_43_10_03_2025,2.19,9.21,2.42,0.01,-0.01,-0.00
-9319,2.98,-2178,2.44,552,2,17771,14_58_43_10_03_2025,2.12,9.15,2.43,0.01,-0.01,0.00
-9344,2.98,-2642,2.47,552,2,17861,14_58_43_10_03_2025,2.15,9.11,2.47,0.01,-0.00,-0.01
-9979,3.03,-2070,2.43,552,2,17898,14_58_43_10_03_2025,2.18,9.09,2.46,0.01,-0.00,-0.00
-9986,3.03,-2032,2.43,552,2,17967,14_58_43_10_03_2025,2.20,9.14,2.50,0.03,-0.01,-0.01
-9931,3.03,-343,2.30,551,2,18059,14_58_43_10_03_2025,2.12,9.14,2.48,0.01,-0.01,-0.01
-9895,3.02,580,2.23,552,2,18097,14_58_43_10_03_2025,2.14,9.15,2.39,0.01,-0.01,0.00
-10274,3.05,-1055,2.35,552,2,18164,14_58_43_10_03_2025,2.15,9.14,2.41,-0.01,-0.00,0.00
-9532,2.99,-4140,2.59,552,2,18204,14_58_43_10_03_2025,2.16,9.19,2.42,0.00,-0.00,-0.00
-10103,3.04,-5842,2.72,552,2,18269,14_58_43_10_03_2025,2.18,9.15,2.44,0.00,-0.01,0.01
-9423,2.99,-5928,2.72,552,2,18360,14_58_43_10_03_2025,2.15,9.18,2.43,0.01,-0.00,-0.00
-8892,2.95,-7608,2.85,552,2,18398,14_58_44_10_03_2025,2.17,9.09,2.41,0.01,-0.01,-0.01
-8822,2.94,-8692,2.93,552,2,18466,14_58_44_10_03_2025,2.17,9.15,2.43,0.01,-0.01,-0.00
-9030,2.96,-10586,3.07,552,2,18557,14_58_44_10_03_2025,2.14,9.17,2.41,0.01,-0.01,-0.00
-9428,2.99,-3335,2.53,552,2,18606,14_58_44_10_03_2025,2.14,9.19,2.38,0.00,-0.01,0.01
-9478,2.99,-2151,2.44,552,2,18662,14_58_44_10_03_2025,2.13,9.15,2.37,0.01,-0.01,0.00
-9538,3.00,2454,2.09,552,2,18753,14_58_44_10_03_2025,2.17,9.12,2.40,0.01,-0.01,0.00
-9610,3.00,3179,2.03,550,2,18791,14_58_44_10_03_2025,2.12,9.11,2.41,0.01,-0.01,-0.00
-9898,3.02,3697,1.99,551,2,18859,14_58_44_10_03_2025,2.14,9.12,2.43,-0.01,-0.01,0.01
-9509,2.99,3688,1.99,550,2,18949,14_58_44_10_03_2025,2.12,9.13,2.34,0.00,-0.01,0.00
-9583,3.00,3399,2.02,552,2,18989,14_58_44_10_03_2025,2.18,9.18,2.37,0.00,-0.02,0.00
-9340,2.98,5321,1.87,552,2,19055,14_58_44_10_03_2025,2.16,9.15,2.38,0.02,-0.02,-0.00
-9589,3.00,7524,1.70,550,2,19145,14_58_44_10_03_2025,2.17,9.17,2.40,0.01,-0.01,-0.01
-9459,2.99,4291,1.95,552,2,19183,14_58_44_10_03_2025,2.12,9.15,2.35,0.01,-0.02,-0.00
-9467,2.99,3604,2.00,552,2,19251,14_58_44_10_03_2025,2.17,9.15,2.37,0.00,-0.02,0.00
-9393,2.98,-877,2.34,551,2,19341,14_58_44_10_03_2025,2.19,9.14,2.35,0.01,-0.02,-0.00
-9414,2.99,-8289,2.90,551,2,19390,14_58_45_10_03_2025,2.15,9.11,2.33,0.00,-0.01,0.00
-9408,2.99,-4497,2.61,553,2,19448,14_58_45_10_03_2025,2.18,9.18,2.37,0.01,-0.01,-0.00
-9242,2.97,1481,2.16,552,2,19486,14_58_45_10_03_2025,2.11,9.15,2.34,0.02,-0.01,-0.01
-9469,2.99,10304,1.49,552,2,19553,14_58_45_10_03_2025,2.08,9.21,2.26,0.02,-0.01,0.00
-9286,2.98,-261504,22.08,551,2,19709,14_58_45_10_03_2025,2.17,8.76,2.13,-0.16,-0.00,0.05
-9230,2.97,-120198,11.38,551,2,19912,14_58_45_10_03_2025,2.16,9.27,2.33,-0.01,0.01,0.01
-9535,3.00,-33373,4.80,552,2,19954,14_58_45_10_03_2025,2.28,9.18,2.39,-0.00,-0.01,0.02
-9645,3.00,2954,2.05,552,2,19993,14_58_45_10_03_2025,2.29,9.06,2.37,0.01,0.00,-0.01
-9592,3.00,18984,0.83,552,2,20030,14_58_45_10_03_2025,2.19,9.16,2.38,0.01,0.01,-0.01
-9483,2.99,27832,0.16,551,2,20068,14_58_45_10_03_2025,2.10,9.19,2.33,0.01,0.01,-0.01
-9504,2.99,27852,0.16,552,2,20106,14_58_45_10_03_2025,2.05,9.17,2.26,0.00,0.01,0.00
-9364,2.98,26987,0.23,552,2,20145,14_58_45_10_03_2025,2.07,9.20,2.30,0.01,0.01,-0.01
-9255,2.97,24358,0.43,552,2,20194,14_58_45_10_03_2025,2.18,9.16,2.37,-0.01,0.00,0.00
-9634,3.00,-37703,5.13,552,2,20234,14_58_45_10_03_2025,2.09,9.00,2.39,-0.02,-0.00,0.00
-8394,2.91,-198972,17.35,553,2,20272,14_58_45_10_03_2025,1.87,9.35,2.55,0.03,-0.00,0.00
-9992,3.03,-303453,25.26,550,2,20342,14_58_45_10_03_2025,2.13,9.05,1.70,0.10,0.00,0.03
-8984,2.95,-295457,24.66,552,2,20434,14_58_46_10_03_2025,2.84,9.08,3.07,-0.01,0.01,0.00
-9335,2.98,-173083,15.39,552,2,20526,14_58_46_10_03_2025,1.96,9.08,2.50,0.09,-0.02,-0.03
-9225,2.97,-16980,3.56,552,2,20565,14_58_46_10_03_2025,2.06,9.21,2.11,0.01,0.01,-0.01
-9500,2.99,7295,1.72,552,2,20631,14_58_46_10_03_2025,2.10,9.23,2.29,-0.00,-0.01,0.00
-9361,2.98,26222,0.29,552,2,20668,14_58_46_10_03_2025,2.12,9.17,2.33,-0.01,0.00,-0.00
-9475,2.99,26291,0.28,552,2,20738,14_58_46_10_03_2025,2.07,9.15,2.38,0.00,0.00,0.01
-9591,3.00,27073,0.22,552,2,20829,14_58_46_10_03_2025,2.17,9.18,2.34,-0.00,0.00,0.01
-8541,2.92,-109782,10.59,552,2,20877,14_58_46_10_03_2025,1.91,9.02,2.48,-0.08,0.00,0.02
-10106,3.04,-271608,22.85,552,2,20935,14_58_46_10_03_2025,1.90,9.57,2.41,0.11,0.02,0.00
-9374,2.98,-367720,30.13,552,2,21026,14_58_46_10_03_2025,2.63,8.88,2.67,-0.20,-0.04,0.07
-9423,2.99,-308068,25.61,552,2,21119,14_58_46_10_03_2025,2.05,9.10,2.57,0.00,0.01,-0.04
-9164,2.97,-109426,10.56,551,2,21158,14_58_46_10_03_2025,2.07,9.22,2.37,0.06,0.02,-0.03
-9461,2.99,-53757,6.35,551,2,21226,14_58_46_10_03_2025,2.08,9.24,2.19,0.04,0.02,-0.03
-9344,2.98,-4709,2.63,552,2,21316,14_58_46_10_03_2025,2.26,9.23,2.32,0.02,-0.02,0.00
-9331,2.98,7742,1.69,552,2,21354,14_58_47_10_03_2025,2.04,9.18,2.38,0.02,0.00,-0.01
-9603,3.00,8139,1.66,552,2,21422,14_58_47_10_03_2025,1.98,9.15,2.33,-0.00,0.00,0.00
-9730,3.01,12160,1.35,552,2,21513,14_58_47_10_03_2025,2.12,9.19,2.35,-0.01,0.01,0.02
-8264,2.90,-74921,7.95,550,2,21551,14_58_47_10_03_2025,2.21,9.01,2.40,-0.07,-0.02,0.03
-9731,3.01,-197581,17.24,553,2,21618,14_58_47_10_03_2025,1.97,9.42,2.32,0.11,0.03,-0.01
-9082,2.96,-346798,28.55,552,2,21711,14_58_47_10_03_2025,2.42,8.81,2.98,-0.20,-0.03,0.06
-9061,2.96,-324453,26.85,552,2,21749,14_58_47_10_03_2025,2.40,9.11,2.80,0.03,0.01,-0.01
-9032,2.96,-284636,23.84,551,2,21820,14_58_47_10_03_2025,2.18,8.98,2.47,0.06,-0.01,-0.03
-9252,2.97,-120490,11.40,552,2,21911,14_58_47_10_03_2025,2.23,9.30,2.46,0.07,-0.00,-0.06
-9532,2.99,-3848,2.56,551,2,21949,14_58_47_10_03_2025,1.93,9.27,2.24,0.04,0.01,-0.04
-9267,2.97,3788,1.99,551,2,22017,14_58_47_10_03_2025,1.98,9.23,2.10,0.03,-0.01,-0.02
-9367,2.98,8916,1.60,552,2,22107,14_58_47_10_03_2025,2.02,9.23,2.31,0.00,0.02,0.00
-9209,2.97,4709,1.92,551,2,22145,14_58_47_10_03_2025,2.03,9.18,2.35,-0.04,0.01,0.04
-9856,3.02,-20118,3.80,551,2,22214,14_58_47_10_03_2025,2.08,9.10,2.39,-0.05,0.01,0.05
-9156,2.97,-245591,20.88,552,2,22305,14_58_47_10_03_2025,2.11,9.36,2.26,0.08,0.01,0.04
-8927,2.95,-387816,31.65,552,2,22343,14_58_48_10_03_2025,2.62,8.96,3.39,-0.06,0.06,-0.03
-9006,2.95,-396082,32.28,552,2,22412,14_58_48_10_03_2025,2.20,9.07,2.79,0.09,0.02,0.01
-9160,2.97,-332471,27.46,552,2,22505,14_58_48_10_03_2025,2.19,9.03,2.37,0.08,-0.01,-0.03
-8998,2.95,-122009,11.52,551,2,22544,14_58_48_10_03_2025,2.14,9.23,2.33,0.13,0.01,-0.05
-9371,2.98,-56537,6.56,552,2,22612,14_58_48_10_03_2025,2.06,9.16,2.37,-0.01,0.00,-0.02
-9359,2.98,-2792,2.48,553,2,22702,14_58_48_10_03_2025,2.22,9.20,2.33,0.04,-0.01,-0.02
-9186,2.97,5344,1.87,550,2,22739,14_58_48_10_03_2025,1.92,9.17,2.31,0.00,-0.01,-0.00
-9278,2.98,3837,1.98,549,2,22808,14_58_48_10_03_2025,1.98,9.18,2.35,-0.00,0.00,0.01
-8483,2.92,379,2.24,552,2,22899,14_58_48_10_03_2025,2.22,9.15,2.38,-0.02,0.00,0.03
-8943,2.95,-4070,2.58,552,2,22937,14_58_48_10_03_2025,2.15,9.06,2.46,-0.01,0.00,0.01
-9044,2.96,-4815,2.64,552,2,23004,14_58_48_10_03_2025,2.17,9.07,2.66,-0.04,-0.00,0.02
-8612,2.93,-2250,2.44,552,2,23094,14_58_48_10_03_2025,2.24,9.00,2.59,-0.01,0.00,0.00
-9259,2.97,-3907,2.57,552,2,23131,14_58_48_10_03_2025,2.26,9.03,2.51,0.00,-0.02,0.01
-9243,2.97,-4978,2.65,550,2,23201,14_58_48_10_03_2025,2.24,9.09,2.55,0.02,-0.01,-0.01
-9156,2.97,-5944,2.72,552,2,23290,14_58_48_10_03_2025,2.17,9.08,2.47,0.03,-0.01,-0.02
-9165,2.97,-5879,2.72,550,2,23328,14_58_49_10_03_2025,2.02,9.17,2.36,0.02,-0.00,-0.02
-8946,2.95,-4782,2.63,551,2,23396,14_58_49_10_03_2025,2.08,9.21,2.32,0.01,-0.01,-0.00
-8672,2.93,-2077,2.43,552,2,23488,14_58_49_10_03_2025,2.12,9.15,2.44,0.00,0.01,-0.00
-7234,2.82,-843,2.34,552,2,23526,14_58_49_10_03_2025,2.21,9.11,2.47,0.02,0.00,0.00
-6424,2.76,-250,2.29,552,2,23593,14_58_49_10_03_2025,2.33,9.10,2.45,-0.01,0.00,0.01
-6950,2.80,-1463,2.38,551,2,23630,14_58_49_10_03_2025,2.16,9.16,2.47,0.01,0.00,-0.01
-6938,2.80,-2214,2.44,552,2,23699,14_58_49_10_03_2025,1.99,9.14,2.42,0.05,0.01,-0.02
-6758,2.78,-2939,2.50,552,2,23789,14_58_49_10_03_2025,2.21,9.16,2.49,0.01,-0.01,-0.01
-5355,2.68,-2492,2.46,552,2,23827,14_58_49_10_03_2025,2.09,9.12,2.40,0.02,-0.00,0.01
-5064,2.66,-1406,2.38,552,2,23895,14_58_49_10_03_2025,2.14,9.18,2.42,-0.00,0.01,0.01
-8032,2.88,-459,2.31,549,2,23985,14_58_49_10_03_2025,2.26,9.07,2.43,-0.02,0.00,0.01
-6999,2.80,930,2.20,551,2,24023,14_58_49_10_03_2025,2.18,9.10,2.54,-0.01,-0.00,0.01
-6278,2.75,1338,2.17,552,2,24094,14_58_49_10_03_2025,2.12,9.12,2.49,0.02,-0.00,0.00
-4924,2.65,2296,2.10,552,2,24181,14_58_49_10_03_2025,2.17,9.10,2.48,-0.01,-0.00,0.02
-5820,2.71,1569,2.15,551,2,24220,14_58_49_10_03_2025,2.24,9.12,2.45,0.01,-0.00,-0.00
-6552,2.77,821,2.21,551,2,24288,14_58_49_10_03_2025,2.25,9.13,2.46,0.01,-0.01,-0.01
-7331,2.83,-42,2.28,551,2,24377,14_58_50_10_03_2025,2.14,9.08,2.47,0.00,-0.01,-0.01
-7623,2.85,133,2.26,552,2,24414,14_58_50_10_03_2025,2.17,9.13,2.44,0.01,-0.00,-0.01
-7383,2.83,1161,2.18,551,2,24483,14_58_50_10_03_2025,2.14,9.10,2.44,0.01,-0.00,-0.01
-7600,2.85,1480,2.16,552,2,24574,14_58_50_10_03_2025,2.12,9.14,2.42,0.02,-0.00,-0.00
-7299,2.83,1366,2.17,551,2,24612,14_58_50_10_03_2025,2.16,9.13,2.45,0.00,-0.00,-0.00
-7075,2.81,1328,2.17,552,2,24679,14_58_50_10_03_2025,2.10,9.14,2.44,0.01,-0.00,-0.00
-6914,2.80,891,2.21,552,2,24771,14_58_50_10_03_2025,2.20,9.14,2.48,0.00,0.00,0.00
-6628,2.77,929,2.20,552,2,24808,14_58_50_10_03_2025,2.18,9.12,2.51,0.00,-0.01,0.00
-6944,2.80,830,2.21,552,2,24876,14_58_50_10_03_2025,2.16,9.11,2.50,0.01,-0.00,-0.00
-11636,3.15,953,2.20,552,2,24915,14_58_50_10_03_2025,2.18,9.17,2.36,0.02,-0.00,-0.01
-12597,3.23,829,2.21,552,2,24982,14_58_50_10_03_2025,2.15,9.15,2.32,-0.00,-0.01,0.01
-13226,3.27,1000,2.20,552,2,25072,14_58_50_10_03_2025,2.16,9.15,2.44,0.00,0.00,-0.00
-13728,3.31,781,2.21,552,2,25112,14_58_50_10_03_2025,2.16,9.13,2.48,0.01,-0.00,-0.00
-14045,3.34,845,2.21,551,2,25178,14_58_50_10_03_2025,2.15,9.13,2.43,0.00,-0.00,0.00
-11000,3.11,465,2.24,552,2,25269,14_58_50_10_03_2025,2.17,9.09,2.47,-0.00,-0.00,-0.00
-14079,3.34,-46,2.28,552,2,25307,14_58_50_10_03_2025,2.14,9.08,2.45,0.00,-0.00,0.00
-13430,3.29,85,2.27,552,2,25374,14_58_51_10_03_2025,2.18,9.15,2.46,0.00,0.00,0.00
-9156,2.97,77,2.27,552,2,25465,14_58_51_10_03_2025,2.22,9.13,2.50,0.01,-0.01,-0.00
-8721,2.93,-91,2.28,552,2,25514,14_58_51_10_03_2025,2.09,9.15,2.43,0.00,-0.01,-0.00
-8367,2.91,327,2.25,546,2,25571,14_58_51_10_03_2025,2.15,9.14,2.43,0.00,-0.00,0.00
-8482,2.92,188,2.26,552,2,25661,14_58_51_10_03_2025,2.15,9.14,2.45,0.01,-0.00,0.00
-9074,2.96,-441,2.31,552,2,25699,14_58_51_10_03_2025,2.20,9.10,2.47,0.01,-0.01,-0.00
-9699,3.01,-214,2.29,552,2,25766,14_58_51_10_03_2025,2.15,9.15,2.47,0.01,-0.01,-0.00
-11491,3.14,-249,2.29,552,2,25856,14_58_51_10_03_2025,2.11,9.11,2.41,0.01,-0.01,-0.00
-15168,3.42,10,2.27,552,2,25897,14_58_51_10_03_2025,2.17,9.11,2.45,0.00,-0.00,0.00
-10485,3.07,309,2.25,551,2,25963,14_58_51_10_03_2025,2.21,9.13,2.49,-0.00,-0.01,0.00
-8299,2.90,333,2.25,553,2,26054,14_58_51_10_03_2025,2.15,9.14,2.42,0.01,-0.01,-0.00
-7557,2.85,472,2.24,552,2,26092,14_58_51_10_03_2025,2.14,9.10,2.47,0.01,-0.01,0.00
-7662,2.85,707,2.22,552,2,26159,14_58_51_10_03_2025,2.18,9.11,2.43,0.01,-0.00,0.00
-8053,2.88,760,2.22,550,2,26197,14_58_51_10_03_2025,2.19,9.14,2.40,0.01,-0.01,0.00
-6910,2.80,710,2.22,551,2,26266,14_58_51_10_03_2025,2.17,9.12,2.44,-0.00,-0.00,-0.00
-7604,2.85,513,2.23,551,2,26355,14_58_51_10_03_2025,2.13,9.13,2.46,0.00,-0.01,0.00
-8829,2.94,294,2.25,552,2,26393,14_58_52_10_03_2025,2.18,9.15,2.38,0.01,-0.00,0.00
-8404,2.91,79,2.27,551,2,26461,14_58_52_10_03_2025,2.19,9.11,2.40,-0.00,-0.00,0.01
-10716,3.08,-73,2.28,552,2,26552,14_58_52_10_03_2025,2.17,9.14,2.46,0.00,0.00,-0.00
-11314,3.13,-98,2.28,552,2,26592,14_58_52_10_03_2025,2.20,9.13,2.44,0.02,-0.00,-0.01
-6941,2.80,-154,2.28,551,2,26657,14_58_52_10_03_2025,2.12,9.09,2.44,-0.00,-0.01,-0.00
-12021,3.18,-217,2.29,552,2,26748,14_58_52_10_03_2025,2.11,9.11,2.43,0.01,-0.00,0.00
-11311,3.13,-526,2.31,552,2,26785,14_58_52_10_03_2025,2.20,9.11,2.48,-0.00,0.00,-0.00
-13215,3.27,35,2.27,550,2,26854,14_58_52_10_03_2025,2.20,9.17,2.46,0.01,0.00,-0.01
-15406,3.44,-21,2.27,552,2,26943,14_58_52_10_03_2025,2.15,9.11,2.43,0.00,-0.00,0.00
-16836,3.55,-101,2.28,552,2,26982,14_58_52_10_03_2025,2.16,9.10,2.45,0.01,0.00,0.00
-16868,3.55,-299,2.30,552,2,27050,14_58_52_10_03_2025,2.15,9.13,2.44,0.01,-0.00,-0.00
-14935,3.40,-382,2.30,549,2,27140,14_58_52_10_03_2025,2.17,9.15,2.45,0.01,0.00,-0.01
-22458,3.97,-683,2.32,551,2,27177,14_58_52_10_03_2025,2.16,9.12,2.43,0.01,-0.00,0.00
-23298,4.04,-420,2.30,551,2,27246,14_58_52_10_03_2025,2.22,9.13,2.45,0.01,-0.00,0.00
-18634,3.68,-483,2.31,552,2,27337,14_58_52_10_03_2025,2.18,9.12,2.45,0.00,-0.00,-0.00
-10816,3.09,-575,2.32,552,2,27375,14_58_53_10_03_2025,2.14,9.13,2.46,0.01,-0.00,-0.01
-9419,2.99,-539,2.31,550,2,27442,14_58_53_10_03_2025,2.13,9.13,2.44,0.01,-0.01,0.00
-24007,4.09,-664,2.32,549,2,27479,14_58_53_10_03_2025,2.16,9.11,2.40,0.01,-0.00,0.00
-75024,7.96,-623,2.32,552,2,27549,14_58_53_10_03_2025,2.11,9.14,2.42,-0.00,-0.00,-0.01
-177383,15.71,-856,2.34,551,2,27640,14_58_53_10_03_2025,2.09,9.09,2.38,-0.03,-0.00,0.02
-142272,13.05,-655,2.32,551,2,27732,14_58_53_10_03_2025,2.44,9.13,2.47,0.01,0.01,-0.00
-31016,4.62,-496,2.31,551,2,27770,14_58_53_10_03_2025,1.94,9.08,2.45,0.00,-0.00,-0.01
-10419,3.06,136,2.26,551,2,27837,14_58_53_10_03_2025,2.24,9.12,2.50,0.01,-0.00,0.00
-7050,2.81,15,2.27,552,2,27876,14_58_53_10_03_2025,2.24,9.15,2.42,0.00,-0.00,-0.00
-7875,2.87,214,2.26,553,2,27944,14_58_53_10_03_2025,2.21,9.16,2.39,0.01,-0.01,-0.01
-8436,2.91,110,2.26,549,2,28033,14_58_53_10_03_2025,2.11,9.18,2.42,0.02,-0.00,-0.00
-126985,11.89,-905,2.34,552,2,28071,14_58_53_10_03_2025,2.05,9.14,2.54,-0.01,-0.00,-0.01
-206026,17.88,-500,2.31,550,2,28140,14_58_53_10_03_2025,1.99,9.37,2.49,0.04,-0.00,-0.01
-249246,21.16,-1102,2.36,552,2,28234,14_58_53_10_03_2025,2.56,9.14,2.62,0.05,0.00,-0.01
-87257,8.88,-496,2.31,550,2,28324,14_58_53_10_03_2025,1.96,9.26,2.47,0.08,0.01,-0.04
-14770,3.39,-152,2.28,551,2,28364,14_58_54_10_03_2025,2.10,9.10,2.41,0.05,0.00,-0.02
-8666,2.93,-33,2.28,551,2,28429,14_58_54_10_03_2025,2.17,9.10,2.37,-0.02,-0.00,-0.00
-9042,2.96,224,2.26,552,2,28467,14_58_54_10_03_2025,2.32,9.20,2.44,0.01,-0.03,-0.00
-8949,2.95,126,2.26,552,2,28536,14_58_54_10_03_2025,2.13,9.16,2.40,0.01,-0.01,-0.01
-64275,7.14,-432,2.31,552,2,28626,14_58_54_10_03_2025,2.05,9.11,2.32,0.01,-0.00,0.01
-229422,19.65,-696,2.33,552,2,28664,14_58_54_10_03_2025,2.06,8.90,2.16,-0.05,-0.00,0.02
-243868,20.75,-619,2.32,552,2,28733,14_58_54_10_03_2025,2.23,9.17,2.72,-0.02,0.00,0.01
-151499,13.75,-307,2.30,552,2,28826,14_58_54_10_03_2025,2.16,9.17,2.54,-0.06,0.00,0.02
-20474,3.82,379,2.24,552,2,28916,14_58_54_10_03_2025,2.25,9.11,2.81,-0.04,-0.01,-0.01
-9171,2.97,-23,2.27,550,2,28954,14_58_54_10_03_2025,2.12,9.03,2.45,0.04,-0.01,-0.02
-9856,3.02,576,2.23,550,2,29021,14_58_54_10_03_2025,2.26,9.23,2.45,-0.00,-0.01,-0.01
-15371,3.44,256,2.25,550,2,29060,14_58_54_10_03_2025,2.08,9.11,2.37,0.01,-0.00,-0.02
-81969,8.48,-349,2.30,551,2,29127,14_58_54_10_03_2025,1.91,9.18,2.28,0.01,-0.01,-0.00
-290541,24.28,-703,2.33,552,2,29219,14_58_54_10_03_2025,2.05,9.26,2.37,0.01,-0.01,0.01
-226015,19.40,-82,2.28,552,2,29311,14_58_54_10_03_2025,2.31,8.87,2.36,-0.06,-0.00,0.02
-72246,7.75,100,2.27,552,2,29350,14_58_55_10_03_2025,1.95,9.09,2.48,-0.00,-0.01,-0.01
-31264,4.64,81,2.27,552,2,29416,14_58_55_10_03_2025,2.23,9.01,2.46,0.01,0.01,-0.01
-17196,3.58,23,2.27,550,2,29453,14_58_55_10_03_2025,2.35,9.14,2.40,0.01,-0.01,0.02
-13396,3.29,193,2.26,552,2,29522,14_58_55_10_03_2025,2.17,9.11,2.32,0.03,0.00,-0.01
-6699,2.78,377,2.24,552,2,29613,14_58_55_10_03_2025,2.06,9.16,2.29,0.01,-0.01,-0.00
-7436,2.84,98,2.27,551,2,29651,14_58_55_10_03_2025,2.12,9.10,2.41,0.01,0.00,0.00
-7073,2.81,-56,2.28,552,2,29718,14_58_55_10_03_2025,2.18,9.13,2.45,0.00,0.00,0.00
-7160,2.82,415,2.24,552,2,29809,14_58_55_10_03_2025,2.20,9.15,2.45,0.01,-0.00,-0.00
-6529,2.77,-35,2.28,551,2,29846,14_58_55_10_03_2025,2.15,9.15,2.45,0.01,-0.01,-0.01
-6734,2.78,282,2.25,552,2,29915,14_58_55_10_03_2025,2.19,9.11,2.50,-0.01,-0.01,-0.01
-9028,2.96,125,2.26,551,2,30006,14_58_55_10_03_2025,2.07,9.12,2.43,0.00,-0.00,0.00
-8014,2.88,509,2.23,552,2,30044,14_58_55_10_03_2025,2.17,9.14,2.38,0.00,0.00,0.00
-7288,2.82,551,2.23,551,2,30111,14_58_55_10_03_2025,2.14,9.14,2.48,-0.01,-0.00,0.00
-7026,2.81,757,2.22,552,2,30201,14_58_55_10_03_2025,2.12,9.17,2.41,0.01,-0.00,0.00
-6554,2.77,715,2.22,552,2,30239,14_58_55_10_03_2025,2.17,9.15,2.43,0.00,-0.00,-0.00
-6332,2.75,427,2.24,550,2,30308,14_58_55_10_03_2025,2.13,9.14,2.42,0.00,-0.00,0.00
-6197,2.74,748,2.22,551,2,30397,14_58_56_10_03_2025,2.11,9.07,2.40,-0.00,-0.00,0.00
-6197,2.74,787,2.21,551,2,30435,14_58_56_10_03_2025,2.16,9.15,2.43,0.00,-0.00,-0.00
-6377,2.76,903,2.20,552,2,30503,14_58_56_10_03_2025,2.16,9.12,2.44,0.00,-0.01,0.00
-7752,2.86,544,2.23,552,2,30594,14_58_56_10_03_2025,2.14,9.14,2.41,0.00,-0.00,-0.00
-6577,2.77,688,2.22,552,2,30632,14_58_56_10_03_2025,2.13,9.14,2.41,0.00,-0.00,-0.00
-6577,2.77,1044,2.19,550,2,30700,14_58_56_10_03_2025,2.10,9.10,2.43,0.00,-0.00,-0.00
-6637,2.78,572,2.23,550,2,30738,14_58_56_10_03_2025,2.12,9.14,2.42,0.01,-0.00,0.00
-7050,2.81,727,2.22,551,2,30805,14_58_56_10_03_2025,2.13,9.15,2.42,0.00,-0.01,0.00
-7050,2.81,833,2.21,552,2,30896,14_58_56_10_03_2025,2.14,9.14,2.40,0.00,-0.00,0.00
-7321,2.83,505,2.23,552,2,30945,14_58_56_10_03_2025,2.20,9.16,2.46,0.01,-0.00,-0.00
-7345,2.83,790,2.21,552,2,31002,14_58_56_10_03_2025,2.09,9.17,2.44,0.00,-0.00,-0.00
-7125,2.81,1160,2.18,552,2,31092,14_58_56_10_03_2025,2.11,9.13,2.46,0.00,-0.01,0.00
-6738,2.78,1160,2.18,552,2,31130,14_58_56_10_03_2025,2.09,9.14,2.41,0.01,-0.00,0.00
-7308,2.83,1069,2.19,552,2,31198,14_58_56_10_03_2025,2.14,9.13,2.38,0.00,-0.00,0.00
-7347,2.83,1220,2.18,552,2,31288,14_58_56_10_03_2025,2.19,9.15,2.45,0.00,0.00,-0.00
-8386,2.91,587,2.23,550,2,31330,14_58_57_10_03_2025,2.10,9.12,2.44,0.01,-0.00,-0.00
-6915,2.80,241,2.25,552,2,31395,14_58_57_10_03_2025,2.12,9.11,2.46,-0.00,-0.00,-0.00
-7248,2.82,221,2.26,551,2,31484,14_58_57_10_03_2025,2.18,9.19,2.42,0.01,-0.01,0.00
-8282,2.90,863,2.21,552,2,31522,14_58_57_10_03_2025,2.21,9.12,2.45,0.00,-0.01,0.00
-8108,2.89,710,2.22,550,2,31590,14_58_57_10_03_2025,2.19,9.17,2.49,0.00,-0.00,-0.01
-6419,2.76,387,2.24,552,2,31681,14_58_57_10_03_2025,2.12,9.10,2.43,-0.01,-0.01,0.00
-6153,2.74,478,2.24,552,2,31729,14_58_57_10_03_2025,2.13,9.13,2.42,-0.01,0.00,0.01
-6201,2.74,468,2.24,552,2,31787,14_58_57_10_03_2025,2.24,9.21,2.35,0.02,0.00,0.00
-5711,2.71,420,2.24,552,2,31877,14_58_57_10_03_2025,2.13,9.15,2.48,-0.01,0.00,-0.01
-5703,2.70,637,2.22,552,2,31915,14_58_57_10_03_2025,1.97,9.03,2.47,0.01,0.00,0.00
-5459,2.69,207,2.26,552,2,31982,14_58_57_10_03_2025,2.13,9.22,2.45,-0.01,-0.01,0.02
-5661,2.70,-1,2.27,551,2,32021,14_58_57_10_03_2025,2.32,9.07,2.46,-0.03,-0.01,0.00
-5338,2.68,-1336,2.37,551,2,32089,14_58_57_10_03_2025,2.24,9.18,2.39,0.02,-0.00,-0.01
-5365,2.68,-431,2.31,552,2,32179,14_58_57_10_03_2025,2.20,9.14,2.39,0.01,-0.01,-0.00
-5657,2.70,-1494,2.39,552,2,32217,14_58_57_10_03_2025,2.06,9.18,2.47,0.00,-0.00,-0.00
-6045,2.73,-1337,2.37,550,2,32286,14_58_57_10_03_2025,2.05,9.13,2.38,0.01,-0.00,-0.01
-7069,2.81,-394,2.30,552,2,32375,14_58_58_10_03_2025,2.17,9.15,2.39,0.00,-0.01,0.00
-11044,3.11,-1142,2.36,551,2,32414,14_58_58_10_03_2025,2.17,9.14,2.43,0.01,-0.01,0.00
-10215,3.05,-1532,2.39,552,2,32481,14_58_58_10_03_2025,2.11,9.14,2.37,0.02,-0.00,-0.00
-11008,3.11,-357,2.30,552,2,32571,14_58_58_10_03_2025,1.95,9.24,2.26,0.04,0.00,-0.00
-7125,2.81,-343,2.30,551,2,32609,14_58_58_10_03_2025,2.07,9.10,2.44,-0.02,-0.01,0.01
-6754,2.78,-59,2.28,552,2,32678,14_58_58_10_03_2025,2.20,9.18,2.42,0.02,0.01,-0.03
-7476,2.84,1344,2.17,552,2,32767,14_58_58_10_03_2025,2.22,9.17,2.37,-0.01,-0.01,-0.01
-6438,2.76,-225,2.29,552,2,32806,14_58_58_10_03_2025,2.19,9.15,2.35,-0.01,-0.01,0.01
-6909,2.80,-488,2.31,551,2,32874,14_58_58_10_03_2025,2.11,9.15,2.40,-0.01,0.00,-0.01
-6828,2.79,-477,2.31,552,2,32964,14_58_58_10_03_2025,2.12,9.16,2.35,-0.01,0.00,0.02
-6828,2.79,259,2.25,552,2,33001,14_58_58_10_03_2025,2.20,9.16,2.43,0.02,0.01,-0.00
-7306,2.83,187,2.26,552,2,33070,14_58_58_10_03_2025,2.17,9.12,2.43,-0.02,-0.00,0.01
-7249,2.82,-1360,2.38,552,2,33161,14_58_58_10_03_2025,2.15,9.17,2.38,-0.00,-0.01,-0.00
-7293,2.83,-537,2.31,552,2,33199,14_58_58_10_03_2025,2.13,9.12,2.43,0.00,-0.01,-0.00
-7483,2.84,-2084,2.43,551,2,33265,14_58_58_10_03_2025,2.10,9.12,2.41,0.01,-0.01,0.00
-7811,2.86,-715,2.33,552,2,33303,14_58_58_10_03_2025,2.14,9.17,2.40,0.01,-0.01,0.00
-7822,2.87,-211,2.29,551,2,33372,14_58_59_10_03_2025,2.15,9.15,2.36,0.01,-0.01,-0.00
-7695,2.86,-193,2.29,550,2,33461,14_58_59_10_03_2025,2.17,9.15,2.40,0.01,-0.01,-0.00
-7689,2.86,-4096,2.58,552,2,33501,14_58_59_10_03_2025,2.17,9.18,2.33,0.01,-0.00,0.00
-7659,2.85,-5521,2.69,552,2,33568,14_58_59_10_03_2025,2.15,9.16,2.36,0.00,-0.01,0.00
-7354,2.83,-2484,2.46,552,2,33658,14_58_59_10_03_2025,2.12,9.10,2.43,-0.00,-0.00,0.00
-7748,2.86,-852,2.34,552,2,33697,14_58_59_10_03_2025,2.14,9.17,2.36,0.01,-0.00,0.00
-7771,2.86,-1178,2.36,551,2,33765,14_58_59_10_03_2025,2.16,9.13,2.37,0.00,-0.00,0.00
-7616,2.85,-5238,2.67,552,2,33854,14_58_59_10_03_2025,2.15,9.14,2.37,0.00,-0.00,0.00
-7891,2.87,-1327,2.37,551,2,33892,14_58_59_10_03_2025,2.16,9.17,2.38,0.01,-0.00,-0.00
-7744,2.86,-921,2.34,551,2,33960,14_58_59_10_03_2025,2.11,9.15,2.37,0.01,-0.00,-0.00
-7604,2.85,698,2.22,552,2,34050,14_58_59_10_03_2025,2.11,9.13,2.34,0.02,-0.00,-0.00
-7120,2.81,1625,2.15,552,2,34089,14_58_59_10_03_2025,2.19,9.18,2.38,0.01,-0.00,0.00
-7098,2.81,1797,2.14,551,2,34157,14_58_59_10_03_2025,2.14,9.14,2.39,0.01,-0.00,-0.01
-7249,2.82,1703,2.14,551,2,34246,14_58_59_10_03_2025,2.11,9.15,2.42,-0.00,-0.00,0.00
-7435,2.84,-586,2.32,551,2,34284,14_58_59_10_03_2025,2.21,9.16,2.37,0.01,-0.00,-0.00
-7845,2.87,-9783,3.01,552,2,34353,14_59_00_10_03_2025,2.04,9.22,2.37,0.02,-0.01,-0.01
-7786,2.86,-10682,3.08,551,2,34444,14_59_00_10_03_2025,2.11,9.13,2.34,0.00,0.00,0.01
-7931,2.87,-5189,2.67,552,2,34483,14_59_00_10_03_2025,2.11,9.10,2.45,0.00,0.00,-0.01
-8218,2.90,-550,2.31,550,2,34549,14_59_00_10_03_2025,2.10,9.09,2.46,-0.01,-0.00,0.00
-8923,2.95,-7641,2.85,550,2,34587,14_59_00_10_03_2025,2.10,9.17,2.35,0.00,-0.00,0.00
-9266,2.97,-24491,4.13,551,2,34656,14_59_00_10_03_2025,2.18,9.15,2.34,0.00,-0.01,0.01
-8850,2.94,-111024,10.68,551,2,34747,14_59_00_10_03_2025,2.27,9.17,2.39,-0.01,-0.00,0.00
-8945,2.95,-264637,22.32,553,2,34839,14_59_00_10_03_2025,2.21,8.98,2.57,-0.05,-0.00,0.01
-8879,2.95,-115201,11.00,550,2,34878,14_59_00_10_03_2025,2.05,9.01,2.42,-0.00,0.01,-0.02
-8602,2.92,-45705,5.74,552,2,34945,14_59_00_10_03_2025,2.04,9.22,2.46,0.01,-0.01,-0.01
-7930,2.87,-9180,2.97,552,2,35037,14_59_00_10_03_2025,2.09,9.22,2.24,0.02,-0.00,0.00
-7609,2.85,2081,2.12,552,2,35075,14_59_00_10_03_2025,2.35,9.11,2.40,-0.01,-0.01,0.00
-7726,2.86,2128,2.11,552,2,35142,14_59_00_10_03_2025,2.22,9.10,2.49,0.00,-0.00,-0.01
-9037,2.96,-98495,9.73,551,2,35184,14_59_00_10_03_2025,2.05,9.18,2.41,0.00,0.00,-0.01
-9268,2.97,-231864,19.84,552,2,35247,14_59_00_10_03_2025,1.80,9.39,2.48,0.03,-0.00,-0.02
-8392,2.91,-312161,25.92,552,2,35339,14_59_00_10_03_2025,2.22,8.68,1.87,-0.09,0.00,0.08
-7851,2.87,-163893,14.69,549,2,35431,14_59_01_10_03_2025,2.16,8.90,2.69,-0.05,0.03,-0.03
-7585,2.85,-35701,4.98,552,2,35469,14_59_01_10_03_2025,1.92,9.12,2.25,-0.00,-0.02,-0.01
-7877,2.87,-14684,3.39,552,2,35537,14_59_01_10_03_2025,2.13,9.25,2.28,-0.00,0.01,-0.01
-7594,2.85,220,2.26,552,2,35629,14_59_01_10_03_2025,2.17,9.08,2.56,-0.03,-0.01,0.02
-7081,2.81,1083,2.19,552,2,35666,14_59_01_10_03_2025,2.34,9.17,2.38,0.01,-0.01,-0.01
-6911,2.80,-8429,2.91,550,2,35734,14_59_01_10_03_2025,2.18,9.05,2.31,-0.00,-0.01,-0.02
-9800,3.02,-197600,17.24,552,2,35827,14_59_01_10_03_2025,1.51,9.32,2.32,0.06,0.02,-0.02
-8689,2.93,-264770,22.33,552,2,35866,14_59_01_10_03_2025,2.77,9.06,2.44,-0.02,0.00,0.02
-7882,2.87,-188264,16.54,552,2,35933,14_59_01_10_03_2025,2.49,9.06,2.70,-0.03,0.01,-0.01
-7004,2.80,-81128,8.42,552,2,36024,14_59_01_10_03_2025,1.70,9.18,2.45,0.01,-0.02,-0.02
-6882,2.79,-4485,2.61,552,2,36061,14_59_01_10_03_2025,2.25,9.09,2.30,-0.02,0.00,0.01
-7200,2.82,842,2.21,551,2,36131,14_59_01_10_03_2025,2.21,9.11,2.50,-0.04,0.00,0.00
-7038,2.81,1915,2.13,552,2,36220,14_59_01_10_03_2025,2.31,9.15,2.48,0.01,-0.02,0.00
-8181,2.89,-101192,9.94,552,2,36259,14_59_01_10_03_2025,2.20,9.23,2.41,0.01,-0.00,-0.02
-8877,2.95,-230566,19.74,552,2,36328,14_59_01_10_03_2025,1.80,9.54,2.25,0.10,0.01,-0.04
-7846,2.87,-262540,22.16,552,2,36418,14_59_02_10_03_2025,2.39,8.74,2.67,-0.17,-0.03,0.08
-6610,2.77,-116855,11.13,552,2,36456,14_59_02_10_03_2025,1.67,9.20,2.33,-0.02,0.03,-0.01
-6544,2.77,-64522,7.16,552,2,36525,14_59_02_10_03_2025,1.66,9.09,2.26,0.03,-0.04,-0.02
-6797,2.79,-10651,3.08,552,2,36616,14_59_02_10_03_2025,2.32,9.05,2.37,0.01,0.00,0.02
-6786,2.79,1550,2.16,551,2,36654,14_59_02_10_03_2025,2.37,9.07,2.40,-0.00,-0.02,0.01
-6441,2.76,1489,2.16,551,2,36722,14_59_02_10_03_2025,2.38,9.08,2.52,0.01,-0.01,-0.01
-6096,2.73,-26485,4.28,550,2,36813,14_59_02_10_03_2025,2.10,9.12,2.41,0.00,0.00,-0.03
-8784,2.94,-293172,24.48,551,2,36852,14_59_02_10_03_2025,1.92,9.34,1.68,0.11,-0.02,0.00
-8103,2.89,-266296,22.45,552,2,36919,14_59_02_10_03_2025,2.55,8.86,2.48,-0.15,-0.04,0.07
-7525,2.84,-164303,14.72,552,2,37011,14_59_02_10_03_2025,1.93,9.25,2.46,-0.02,0.04,-0.01
-7115,2.81,-31440,4.65,552,2,37049,14_59_02_10_03_2025,2.06,8.92,2.49,0.00,-0.01,-0.01
-7535,2.84,-7017,2.80,552,2,37118,14_59_02_10_03_2025,2.25,9.14,2.32,-0.02,0.03,0.01
-7603,2.85,377,2.24,552,2,37208,14_59_02_10_03_2025,2.31,9.13,2.34,0.01,-0.01,-0.01
-6897,2.80,75,2.27,552,2,37247,14_59_02_10_03_2025,2.13,9.19,2.43,0.01,-0.01,-0.01
-6942,2.80,-781,2.33,551,2,37314,14_59_02_10_03_2025,1.99,9.09,2.43,-0.00,0.00,-0.00
-7228,2.82,-1298,2.37,551,2,37406,14_59_03_10_03_2025,2.12,9.15,2.36,-0.00,-0.00,0.01
-7601,2.85,-1712,2.40,551,2,37443,14_59_03_10_03_2025,2.24,9.13,2.44,0.00,-0.01,-0.00
-7223,2.82,-1690,2.40,551,2,37511,14_59_03_10_03_2025,2.13,9.14,2.37,0.01,-0.00,-0.00
-6755,2.78,-1224,2.37,551,2,37549,14_59_03_10_03_2025,2.09,9.17,2.40,0.00,0.00,0.00
-6625,2.77,-318,2.30,551,2,37616,14_59_03_10_03_2025,2.17,9.18,2.36,0.01,0.00,0.00
-6670,2.78,-622,2.32,551,2,37706,14_59_03_10_03_2025,2.18,9.15,2.41,-0.01,-0.00,0.00
-6567,2.77,-2625,2.47,552,2,37744,14_59_03_10_03_2025,2.19,9.13,2.43,0.01,-0.01,-0.00
-6422,2.76,-2423,2.46,552,2,37813,14_59_03_10_03_2025,2.11,9.13,2.45,0.01,-0.00,-0.01
-6386,2.76,-877,2.34,552,2,37903,14_59_03_10_03_2025,2.06,9.18,2.42,0.01,-0.00,0.02
-6444,2.76,-718,2.33,550,2,37941,14_59_03_10_03_2025,2.26,9.12,2.48,-0.01,-0.00,0.01
-6491,2.76,-453,2.31,552,2,38009,14_59_03_10_03_2025,2.32,9.13,2.42,0.01,-0.00,-0.00
-6339,2.75,-453,2.31,552,2,38098,14_59_03_10_03_2025,2.20,9.14,2.39,0.01,-0.01,-0.01
-6849,2.79,-829,2.34,552,2,38137,14_59_03_10_03_2025,2.01,9.16,2.31,0.02,-0.01,-0.02
-6491,2.76,141,2.26,551,2,38206,14_59_03_10_03_2025,2.23,9.16,2.39,-0.00,-0.01,0.00
-7263,2.82,561,2.23,551,2,38295,14_59_03_10_03_2025,2.12,9.13,2.38,0.02,-0.01,-0.01
-8818,2.94,-149,2.28,552,2,38332,14_59_04_10_03_2025,2.18,9.09,2.42,0.01,0.00,0.01
-8542,2.92,-420,2.30,549,2,38401,14_59_04_10_03_2025,2.16,9.10,2.40,0.01,0.00,-0.01
-7661,2.85,146,2.26,552,2,38492,14_59_04_10_03_2025,2.20,9.10,2.43,0.01,-0.02,-0.01
-7361,2.83,-278,2.29,552,2,38530,14_59_04_10_03_2025,2.11,9.16,2.42,0.02,0.01,0.01
-7439,2.84,-387,2.30,552,2,38597,14_59_04_10_03_2025,2.30,9.20,2.55,-0.04,-0.01,0.05
-9095,2.96,-558,2.32,552,2,38688,14_59_04_10_03_2025,2.29,9.22,2.48,-0.01,-0.02,-0.02
-8502,2.92,-114,2.28,552,2,38726,14_59_04_10_03_2025,2.14,9.22,2.38,0.01,0.00,-0.01
-8178,2.89,-128,2.28,552,2,38793,14_59_04_10_03_2025,2.18,9.18,2.28,0.03,-0.00,-0.02
-8255,2.90,-561,2.32,551,2,38832,14_59_04_10_03_2025,2.15,9.16,2.34,0.01,0.00,-0.01
-8259,2.90,-888,2.34,552,2,38900,14_59_04_10_03_2025,2.16,9.12,2.44,0.00,0.00,-0.01
-11781,3.17,-607,2.32,552,2,38989,14_59_04_10_03_2025,2.23,9.25,2.37,-0.03,-0.01,0.03
-12113,3.19,-968,2.35,552,2,39029,14_59_04_10_03_2025,2.11,9.19,2.58,0.02,-0.00,-0.00
-10871,3.10,-850,2.34,552,2,39096,14_59_04_10_03_2025,2.19,9.08,2.34,-0.01,-0.00,0.01
-11654,3.16,-1716,2.40,552,2,39187,14_59_04_10_03_2025,2.14,9.12,2.34,0.00,-0.01,0.00
-12530,3.22,-1414,2.38,552,2,39225,14_59_04_10_03_2025,2.18,9.13,2.38,0.00,-0.00,-0.00
-11974,3.18,-1067,2.35,552,2,39292,14_59_04_10_03_2025,2.12,9.10,2.45,0.00,0.00,-0.00
-11765,3.16,-995,2.35,551,2,39382,14_59_05_10_03_2025,2.13,9.17,2.40,0.01,-0.00,-0.00
-13906,3.33,-207,2.29,552,2,39431,14_59_05_10_03_2025,2.21,9.15,2.39,0.00,-0.00,0.00
-14374,3.36,35,2.27,552,2,39488,14_59_05_10_03_2025,2.26,9.15,2.39,0.01,-0.00,-0.00
-13666,3.31,118,2.26,552,2,39579,14_59_05_10_03_2025,2.19,9.15,2.40,0.02,-0.00,-0.01
-13593,3.30,-294,2.30,550,2,39617,14_59_05_10_03_2025,2.13,9.12,2.46,0.01,-0.00,0.00
-12631,3.23,323,2.25,551,2,39684,14_59_05_10_03_2025,2.14,9.12,2.42,0.01,-0.01,-0.01
-9787,3.01,-448,2.31,549,2,39774,14_59_05_10_03_2025,2.21,9.15,2.39,0.00,-0.01,-0.00
-9729,3.01,-1290,2.37,551,2,39815,14_59_05_10_03_2025,2.14,9.16,2.36,0.01,-0.00,-0.00
-9348,2.98,-1000,2.35,551,2,39881,14_59_05_10_03_2025,2.14,9.15,2.41,0.00,-0.00,-0.00
-9683,3.01,-1413,2.38,550,2,39971,14_59_05_10_03_2025,2.12,9.14,2.42,0.00,-0.00,-0.00
-9784,3.01,-1036,2.35,552,2,40010,14_59_05_10_03_2025,2.15,9.16,2.40,0.00,-0.00,0.00
-12201,3.20,-1405,2.38,552,2,40077,14_59_05_10_03_2025,2.19,9.15,2.40,-0.00,-0.00,0.01
-9543,3.00,-1507,2.39,552,2,40115,14_59_05_10_03_2025,2.20,9.14,2.39,0.01,-0.00,0.00
-10411,3.06,-1849,2.41,552,2,40183,14_59_05_10_03_2025,2.14,9.13,2.39,0.00,0.00,-0.00
-10509,3.07,-1612,2.39,552,2,40273,14_59_05_10_03_2025,2.15,9.14,2.34,0.00,-0.00,0.01
-16483,3.52,-1453,2.38,551,2,40311,14_59_05_10_03_2025,2.19,9.11,2.45,-0.01,-0.01,-0.00
-17161,3.57,-1630,2.40,550,2,40379,14_59_06_10_03_2025,2.17,9.12,2.41,0.01,-0.00,0.00
-12401,3.21,-1353,2.38,550,2,40469,14_59_06_10_03_2025,2.16,9.15,2.41,0.01,-0.01,-0.00
-9537,3.00,-970,2.35,552,2,40511,14_59_06_10_03_2025,2.08,9.14,2.38,0.01,-0.00,-0.00
-10968,3.10,-1084,2.35,551,2,40576,14_59_06_10_03_2025,2.12,9.17,2.31,0.01,-0.01,0.01
-8054,2.88,-690,2.33,552,2,40665,14_59_06_10_03_2025,2.25,9.17,2.34,0.00,-0.01,0.00
-6629,2.77,-447,2.31,552,2,40703,14_59_06_10_03_2025,2.14,9.17,2.48,0.01,-0.01,-0.01
-6251,2.75,-690,2.33,551,2,40771,14_59_06_10_03_2025,2.12,9.12,2.43,0.00,-0.01,0.01
-16847,3.55,-487,2.31,552,2,40862,14_59_06_10_03_2025,2.19,9.21,2.41,0.00,-0.00,0.00
-128984,12.04,-1314,2.37,552,2,40911,14_59_06_10_03_2025,2.09,8.83,1.88,-0.08,-0.02,0.06
-79667,8.31,-1118,2.36,552,2,40968,14_59_06_10_03_2025,2.51,9.25,2.90,0.03,0.00,-0.02
-5601,2.70,-303,2.30,553,2,41059,14_59_06_10_03_2025,2.26,9.07,2.37,-0.10,0.01,0.04
-3947,2.57,-724,2.33,551,2,41097,14_59_06_10_03_2025,2.11,9.20,2.61,0.02,0.01,-0.02
-8694,2.93,-505,2.31,552,2,41165,14_59_06_10_03_2025,1.98,9.06,2.28,0.01,-0.01,-0.01
-8694,2.93,228,2.26,552,2,41254,14_59_06_10_03_2025,2.12,9.53,2.41,0.08,0.00,-0.02
-88858,9.00,-764,2.33,552,2,41296,14_59_06_10_03_2025,2.91,9.38,3.00,-0.01,-0.01,0.00
-24837,4.15,-289,2.29,551,2,41361,14_59_07_10_03_2025,2.09,8.96,2.12,0.03,0.04,-0.01
1796,2.14,105,2.26,552,2,41452,14_59_07_10_03_2025,2.06,9.17,2.34,0.11,-0.01,-0.03
-131341,12.22,-726,2.33,551,2,41490,14_59_07_10_03_2025,2.01,9.18,2.41,0.07,0.00,-0.05
-147317,13.43,-726,2.33,552,2,41561,14_59_07_10_03_2025,1.98,9.40,1.97,0.04,-0.01,-0.01
-126826,11.88,-249,2.29,552,2,41651,14_59_07_10_03_2025,2.62,9.37,2.70,0.01,0.00,0.00
-5962,2.72,-97,2.28,552,2,41699,14_59_07_10_03_2025,2.23,8.96,2.46,0.03,-0.01,-0.01
1649,2.15,221,2.26,552,2,41757,14_59_07_10_03_2025,2.21,9.14,2.47,0.04,0.02,-0.05
-18432,3.67,-548,2.31,552,2,41847,14_59_07_10_03_2025,2.21,9.07,2.61,-0.01,-0.02,-0.02
-221588,19.06,-451,2.31,551,2,41885,14_59_07_10_03_2025,1.75,8.78,1.94,-0.05,-0.01,0.05
-170286,15.17,-519,2.31,551,2,41956,14_59_07_10_03_2025,2.71,9.28,2.70,0.01,0.02,0.01
-76177,8.04,-284,2.29,552,2,42046,14_59_07_10_03_2025,2.21,9.25,2.99,-0.07,-0.01,0.02
-18163,3.65,-139,2.28,551,2,42086,14_59_07_10_03_2025,2.05,9.06,2.34,0.04,0.01,-0.01
-14188,3.35,625,2.23,550,2,42152,14_59_07_10_03_2025,2.24,9.16,2.33,-0.00,-0.01,-0.01
-8611,2.93,892,2.21,552,2,42242,14_59_07_10_03_2025,2.29,9.15,2.41,0.00,-0.01,-0.01
-8528,2.92,1256,2.18,552,2,42280,14_59_07_10_03_2025,1.98,9.20,2.34,0.01,0.00,-0.01
-8568,2.92,1787,2.14,552,2,42348,14_59_07_10_03_2025,2.05,9.14,2.36,0.00,0.00,0.01
-8946,2.95,1241,2.18,552,2,42440,14_59_08_10_03_2025,2.23,9.18,2.40,0.00,0.00,0.01
-8577,2.92,831,2.21,550,2,42489,14_59_08_10_03_2025,2.12,9.12,2.60,-0.02,-0.00,-0.00
-8713,2.93,914,2.20,552,2,42544,14_59_08_10_03_2025,2.08,9.13,2.50,0.02,0.00,-0.00
-8835,2.94,1085,2.19,551,2,42583,14_59_08_10_03_2025,2.16,9.10,2.37,0.03,-0.01,-0.00
-7769,2.86,1302,2.17,552,2,42651,14_59_08_10_03_2025,2.21,9.12,2.36,-0.01,-0.01,-0.00
-8126,2.89,1130,2.19,551,2,42740,14_59_08_10_03_2025,2.10,9.09,2.48,0.00,-0.00,0.01
-6965,2.80,1497,2.16,552,2,42778,14_59_08_10_03_2025,2.28,9.22,2.12,0.02,0.01,-0.01
-7288,2.82,1686,2.14,552,2,42848,14_59_08_10_03_2025,2.37,9.17,2.20,0.00,-0.01,-0.02
-6764,2.79,1592,2.15,550,2,42938,14_59_08_10_03_2025,1.95,9.04,2.64,-0.03,0.01,-0.02
-7754,2.86,1491,2.16,551,2,42976,14_59_08_10_03_2025,1.96,9.18,2.40,0.01,-0.01,0.01
-8059,2.88,1601,2.15,552,2,43042,14_59_08_10_03_2025,2.11,9.11,2.29,0.00,-0.01,0.02
-8501,2.92,3583,2.00,551,2,43133,14_59_08_10_03_2025,2.31,9.35,2.35,0.16,0.02,-0.02
-8934,2.95,1510,2.16,552,2,43170,14_59_08_10_03_2025,2.08,9.26,2.27,0.03,0.00,0.01
-8439,2.91,1689,2.14,552,2,43239,14_59_08_10_03_2025,2.10,9.15,2.29,0.01,0.00,-0.01
-9407,2.99,1223,2.18,550,2,43329,14_59_08_10_03_2025,2.01,9.17,2.46,-0.01,0.00,0.01
-9130,2.96,1643,2.15,551,2,43367,14_59_09_10_03_2025,2.23,9.02,2.33,0.04,-0.01,0.01
-9435,2.99,739,2.22,549,2,43435,14_59_09_10_03_2025,2.27,9.20,2.55,-0.01,-0.01,0.01
-9433,2.99,575,2.23,550,2,43525,14_59_09_10_03_2025,2.12,9.14,2.33,0.01,-0.01,-0.02
-8500,2.92,-1168,2.36,552,2,43563,14_59_09_10_03_2025,2.24,9.18,2.35,-0.03,-0.00,0.04
-8456,2.91,-398,2.30,551,2,43632,14_59_09_10_03_2025,2.22,9.12,2.54,0.00,-0.01,-0.02
-9749,3.01,-2628,2.47,551,2,43722,14_59_09_10_03_2025,2.12,9.10,2.46,0.01,-0.00,-0.01
-10040,3.03,-2800,2.48,552,2,43760,14_59_09_10_03_2025,2.15,9.12,2.46,0.02,-0.01,-0.00
-10508,3.07,-2690,2.48,552,2,43828,14_59_09_10_03_2025,2.02,9.18,2.42,0.01,0.00,0.00
-10400,3.06,-1313,2.37,551,2,43868,14_59_09_10_03_2025,2.25,9.09,2.48,-0.01,-0.00,-0.00
-9842,3.02,-1341,2.37,552,2,43934,14_59_09_10_03_2025,2.25,9.16,2.37,0.03,0.00,0.00
-9663,3.00,-372,2.30,552,2,44023,14_59_09_10_03_2025,2.19,9.07,2.40,0.01,-0.01,-0.01
-9454,2.99,-1713,2.40,552,2,44061,14_59_09_10_03_2025,2.13,9.15,2.38,0.01,-0.00,0.01
-9166,2.97,-918,2.34,552,2,44130,14_59_09_10_03_2025,2.16,9.15,2.44,0.01,-0.01,-0.01
-10177,3.04,-156,2.28,552,2,44220,14_59_09_10_03_2025,2.26,9.21,2.51,-0.01,-0.01,0.02
-9690,3.01,-2188,2.44,549,2,44258,14_59_09_10_03_2025,2.21,9.07,2.44,0.01,-0.01,-0.01
-10012,3.03,-3764,2.56,552,2,44327,14_59_09_10_03_2025,2.19,9.13,2.38,-0.00,-0.00,-0.00
-9709,3.01,-5872,2.72,552,2,44416,14_59_10_10_03_2025,2.16,9.15,2.41,-0.01,-0.00,0.01
-9421,2.99,-7322,2.83,551,2,44453,14_59_10_10_03_2025,2.20,9.14,2.46,-0.01,-0.01,0.00
-9074,2.96,-4559,2.62,552,2,44522,14_59_10_10_03_2025,2.19,9.14,2.40,0.00,-0.00,0.00
-8895,2.95,-1819,2.41,552,2,44613,14_59_10_10_03_2025,2.20,9.12,2.42,0.00,-0.01,0.01
-9100,2.96,-1122,2.36,552,2,44651,14_59_10_10_03_2025,2.18,9.15,2.38,0.01,-0.01,0.00
-8324,2.90,-390,2.30,552,2,44718,14_59_10_10_03_2025,2.15,9.10,2.45,0.01,-0.01,-0.00
-8580,2.92,-5935,2.72,551,2,44808,14_59_10_10_03_2025,2.13,9.16,2.36,0.01,-0.00,0.00
-7878,2.87,-7090,2.81,552,2,44846,14_59_10_10_03_2025,2.23,9.12,2.35,-0.00,-0.01,0.01
-8428,2.91,-7599,2.85,551,2,44914,14_59_10_10_03_2025,2.25,9.15,2.44,-0.00,0.00,0.00
-8193,2.89,-10123,3.04,552,2,45005,14_59_10_10_03_2025,2.18,9.10,2.45,0.01,0.00,-0.00
-8676,2.93,-6960,2.80,553,2,45043,14_59_10_10_03_2025,2.19,9.09,2.42,0.01,-0.00,-0.01
-8259,2.90,-8279,2.90,552,2,45111,14_59_10_10_03_2025,2.17,9.11,2.43,0.01,0.00,-0.00
-7990,2.88,-10354,3.06,552,2,45151,14_59_10_10_03_2025,2.18,9.13,2.38,0.01,-0.00,0.00
-7310,2.83,-13925,3.33,552,2,45217,14_59_10_10_03_2025,2.17,9.14,2.38,0.01,-0.00,-0.00
-7049,2.81,-13925,3.33,552,2,45308,14_59_10_10_03_2025,2.18,9.13,2.37,-0.00,-0.00,0.00
-6640,2.78,-6999,2.80,552,2,45346,14_59_11_10_03_2025,2.16,9.18,2.43,0.00,0.00,0.00
-6581,2.77,-3613,2.55,551,2,45412,14_59_11_10_03_2025,2.18,9.11,2.37,0.01,-0.00,-0.00
-6908,2.80,-2682,2.48,550,2,45502,14_59_11_10_03_2025,2.16,9.16,2.42,0.02,0.00,-0.00
-6826,2.79,-725,2.33,552,2,45554,14_59_11_10_03_2025,2.20,9.13,2.40,0.01,0.00,-0.01
-6935,2.80,396,2.24,551,2,45609,14_59_11_10_03_2025,2.16,9.13,2.38,0.00,-0.01,0.01
-6772,2.79,795,2.21,552,2,45700,14_59_11_10_03_2025,2.19,9.12,2.41,-0.00,-0.00,0.00
-6827,2.79,3212,2.03,552,2,45738,14_59_11_10_03_2025,2.21,9.14,2.43,0.00,-0.01,0.00
-6554,2.77,2850,2.06,552,2,45806,14_59_11_10_03_2025,2.19,9.07,2.42,0.00,-0.00,-0.00
-8063,2.88,-109049,10.53,552,2,45896,14_59_11_10_03_2025,2.14,9.36,2.53,0.05,0.01,-0.04
-6766,2.79,-127676,11.95,552,2,45938,14_59_11_10_03_2025,2.09,8.98,2.52,-0.01,-0.00,0.01
-6260,2.75,-66051,7.28,551,2,46005,14_59_11_10_03_2025,2.38,9.38,2.37,0.03,0.02,0.01
-6469,2.76,1721,2.14,551,2,46094,14_59_11_10_03_2025,2.25,9.04,2.41,0.02,-0.02,0.00
-8032,2.88,-100122,9.86,552,2,46131,14_59_11_10_03_2025,2.05,9.25,2.42,0.03,-0.00,0.01
-6053,2.73,-160889,14.46,552,2,46200,14_59_11_10_03_2025,1.94,9.28,2.07,0.10,0.00,-0.03
-6331,2.75,-98859,9.76,551,2,46292,14_59_11_10_03_2025,2.74,9.41,2.88,0.00,0.01,0.02
-6484,2.76,2071,2.12,551,2,46330,14_59_12_10_03_2025,1.92,9.05,2.61,0.01,-0.02,0.00
-6615,2.77,10419,1.48,550,2,46397,14_59_12_10_03_2025,2.39,9.01,2.58,-0.02,-0.00,-0.01
-6794,2.79,-175650,15.58,550,2,46489,14_59_12_10_03_2025,2.11,9.50,2.41,0.04,0.00,-0.02
-6730,2.78,-96162,9.56,551,2,46527,14_59_12_10_03_2025,2.46,9.38,2.71,0.02,0.02,0.03
-6739,2.78,-23919,4.08,552,2,46595,14_59_12_10_03_2025,2.02,9.24,2.24,0.04,0.01,-0.01
-6604,2.77,1176,2.18,551,2,46685,14_59_12_10_03_2025,2.38,9.03,2.50,0.01,-0.01,-0.04
-6894,2.80,-164549,14.74,552,2,46724,14_59_12_10_03_2025,1.75,9.36,2.18,0.12,-0.01,-0.02
-7151,2.81,-148908,13.55,552,2,46793,14_59_12_10_03_2025,2.07,8.74,2.07,-0.09,-0.01,-0.01
-7149,2.81,-37601,5.12,552,2,46883,14_59_12_10_03_2025,2.20,9.27,2.20,0.06,0.02,-0.01
-7285,2.82,142,2.26,552,2,46921,14_59_12_10_03_2025,2.45,9.06,2.52,0.01,-0.02,-0.03
-7548,2.84,-126313,11.84,552,2,46991,14_59_12_10_03_2025,2.11,9.21,2.44,0.04,0.01,-0.04
-6844,2.79,-208935,18.10,552,2,47082,14_59_12_10_03_2025,1.98,8.67,2.23,-0.12,-0.02,-0.01
-7202,2.82,-111336,10.71,551,2,47121,14_59_12_10_03_2025,2.15,9.13,2.25,-0.04,0.02,0.00
-7659,2.85,-68569,7.47,549,2,47190,14_59_12_10_03_2025,2.08,9.16,2.43,0.08,-0.02,-0.01
-8222,2.90,-12403,3.21,551,2,47280,14_59_12_10_03_2025,1.99,9.13,2.42,0.01,-0.00,0.00
-8767,2.94,510,2.23,551,2,47318,14_59_12_10_03_2025,2.44,9.13,2.47,-0.00,0.00,0.02
-8629,2.93,-198,2.29,552,2,47386,14_59_13_10_03_2025,2.20,9.16,2.37,0.02,0.01,-0.01
-8892,2.95,-403,2.30,551,2,47476,14_59_13_10_03_2025,2.07,9.18,2.33,0.00,-0.00,-0.00
-8719,2.93,-1980,2.42,551,2,47513,14_59_13_10_03_2025,2.19,9.12,2.47,-0.02,-0.00,0.01
-8715,2.93,-199,2.29,552,2,47582,14_59_13_10_03_2025,2.18,9.09,2.45,-0.01,-0.00,0.00
-9421,2.99,1026,2.19,551,2,47672,14_59_13_10_03_2025,2.09,9.13,2.47,-0.01,0.00,0.01
-8329,2.90,720,2.22,551,2,47710,14_59_13_10_03_2025,2.33,9.21,2.37,0.02,0.01,0.00
-7865,2.87,891,2.21,551,2,47778,14_59_13_10_03_2025,2.26,9.13,2.32,-0.02,0.01,0.02
-8056,2.88,1625,2.15,551,2,47868,14_59_13_10_03_2025,2.17,9.11,2.52,-0.02,0.01,0.01
-8332,2.90,1944,2.13,552,2,47906,14_59_13_10_03_2025,2.14,9.09,2.47,-0.01,0.01,0.03
-8457,2.91,1790,2.14,549,2,47974,14_59_13_10_03_2025,2.19,9.15,2.46,-0.00,0.01,0.02
-9048,2.96,731,2.22,552,2,48065,14_59_13_10_03_2025,2.34,9.07,2.55,-0.02,-0.00,0.02
-9031,2.96,-302,2.30,551,2,48222,14_59_13_10_03_2025,2.35,9.10,2.48,-0.05,-0.02,0.03
-10017,3.03,-2012,2.43,552,2,48437,14_59_14_10_03_2025,2.33,9.01,2.57,-0.09,-0.02,0.07
-8884,2.95,-1870,2.41,550,2,48478,14_59_14_10_03_2025,2.26,9.03,2.82,-0.26,-0.04,0.19
-9018,2.96,-2844,2.49,552,2,48516,14_59_14_10_03_2025,2.28,8.90,3.02,-0.26,-0.08,0.15
-10056,3.03,-1755,2.41,552,2,48554,14_59_14_10_03_2025,2.53,8.97,2.82,-0.27,-0.15,0.19
-9760,3.01,-1619,2.40,551,2,48592,14_59_14_10_03_2025,1.81,8.55,2.84,-0.62,-0.39,0.59
-9760,3.01,-1446,2.38,551,2,48629,14_59_14_10_03_2025,1.70,8.71,3.33,-1.25,-0.48,1.06
-11037,3.11,-1446,2.38,551,2,48668,14_59_14_10_03_2025,0.99,8.62,3.88,-0.86,0.24,1.87
-10136,3.04,-1991,2.42,551,2,48716,14_59_14_10_03_2025,3.66,7.55,3.56,-2.56,-0.13,3.52
-9727,3.01,-2121,2.43,551,2,48754,14_59_14_10_03_2025,3.74,6.11,3.99,-3.51,-0.11,4.90
-9413,2.99,-1979,2.42,551,2,48792,14_59_14_10_03_2025,7.40,3.59,3.77,-5.73,0.29,6.44
-8982,2.95,-1602,2.39,552,2,48831,14_59_14_10_03_2025,6.16,1.81,5.06,-7.02,0.63,8.42
-8792,2.94,-1631,2.40,551,2,48869,14_59_14_10_03_2025,6.83,-2.36,4.47,-8.86,-0.55,10.43
-8619,2.93,-1275,2.37,551,2,48955,14_59_14_10_03_2025,8.13,-9.56,4.12,-6.48,-3.15,10.36
-8015,2.88,-2208,2.44,550,2,48996,14_59_14_10_03_2025,1.20,-7.13,5.33,-8.43,1.17,-1.44
-8724,2.93,-2324,2.45,552,2,49063,14_59_14_10_03_2025,0.23,-6.26,2.81,-5.16,2.56,-3.14
-8733,2.93,-1122,2.36,551,2,49151,14_59_14_10_03_2025,4.77,-15.89,-6.04,-9.09,0.89,7.21
-9326,2.98,-1908,2.42,551,2,49190,14_59_14_10_03_2025,2.90,-0.96,-5.93,-10.78,-1.79,4.57
-9151,2.97,-2093,2.43,551,2,49257,14_59_14_10_03_2025,3.13,2.57,-7.70,-6.79,0.04,2.24
-9606,3.00,-2659,2.47,552,2,49348,14_59_14_10_03_2025,-2.16,1.06,-6.46,-5.03,5.81,-1.03
-8837,2.94,132,2.26,551,2,49398,14_59_15_10_03_2025,-1.52,-0.90,1.20,2.80,2.81,-15.00
-9254,2.97,-85,2.28,552,2,49454,14_59_15_10_03_2025,-19.08,-5.03,-4.48,-6.00,-9.03,-11.38
-9464,2.99,-111,2.28,551,2,49491,14_59_15_10_03_2025,9.03,30.00,5.59,0.82,-9.03,15.53
-10007,3.03,-842,2.34,551,2,49559,14_59_15_10_03_2025,12.97,18.38,2.72,4.89,0.27,14.14
-8344,2.90,-651,2.32,552,2,49649,14_59_15_10_03_2025,17.36,8.78,-7.42,3.63,-9.08,2.49
-8525,2.92,-660,2.32,552,2,49691,14_59_15_10_03_2025,7.60,1.42,7.72,12.17,-0.27,-0.19
-8934,2.95,5179,1.88,552,2,49757,14_59_15_10_03_2025,11.01,-13.20,-1.39,4.29,-2.37,0.46
-7919,2.87,4,2.27,552,2,49846,14_59_15_10_03_2025,-9.37,-7.84,-8.33,0.44,-1.51,-2.54
-8047,2.88,-863,2.34,550,2,49886,14_59_15_10_03_2025,6.86,0.87,-4.75,0.09,0.71,-1.54
-7797,2.86,-2292,2.45,552,2,49952,14_59_15_10_03_2025,8.86,0.67,-6.96,-0.65,0.54,2.07
-7869,2.87,-958,2.35,551,2,50043,14_59_15_10_03_2025,5.16,-5.22,-8.16,2.03,0.05,-0.42
-7667,2.85,-7459,2.84,551,2,50092,14_59_15_10_03_2025,7.95,-2.62,-6.34,0.54,0.85,-3.24
-7509,2.84,-2471,2.46,552,2,50148,14_59_15_10_03_2025,7.37,-0.71,-5.06,0.30,0.26,-1.37
-7374,2.83,-2729,2.48,552,2,50238,14_59_15_10_03_2025,7.56,-0.35,-5.35,-0.32,-0.20,-0.28
-7698,2.86,-2871,2.49,551,2,50276,14_59_15_10_03_2025,8.65,-1.21,-6.86,2.65,-0.46,-2.16
-8078,2.88,-2132,2.43,552,2,50344,14_59_15_10_03_2025,7.92,-2.44,-4.46,2.45,0.14,-1.93
-8215,2.90,-2023,2.43,552,2,50434,14_59_16_10_03_2025,9.59,-2.08,-3.40,0.25,-0.05,-0.08
-8259,2.90,-2391,2.45,552,2,50475,14_59_16_10_03_2025,7.39,-1.84,-5.23,0.07,-1.38,0.43
-8094,2.89,-2303,2.45,551,2,50541,14_59_16_10_03_2025,8.29,-1.30,-6.64,-0.91,-1.08,0.84
-7985,2.88,-2582,2.47,552,2,50632,14_59_16_10_03_2025,5.11,-0.87,-7.09,0.32,-1.45,0.72
-7975,2.88,-1809,2.41,551,2,50670,14_59_16_10_03_2025,5.61,0.19,-8.15,-3.78,-1.21,0.98
-7699,2.86,-2406,2.45,551,2,50737,14_59_16_10_03_2025,4.56,0.55,-8.51,-0.11,-1.27,0.15
-7896,2.87,-2609,2.47,552,2,50776,14_59_16_10_03_2025,5.72,-1.14,-9.66,-0.36,-1.16,0.48
-8011,2.88,-2571,2.47,552,2,50842,14_59_16_10_03_2025,3.84,-0.28,-8.01,-0.57,-1.82,-0.18
-7490,2.84,-2367,2.45,551,2,50934,14_59_16_10_03_2025,2.49,0.12,-9.70,-0.94,-1.09,-0.25
-7655,2.85,-1022,2.35,552,2,50971,14_59_16_10_03_2025,3.09,0.38,-9.64,-0.34,-1.18,-0.48
-8051,2.88,-957,2.35,551,2,51040,14_59_16_10_03_2025,0.80,0.82,-9.30,-0.77,-0.46,-0.03
-8108,2.89,-964,2.35,551,2,51130,14_59_16_10_03_2025,2.21,1.76,-9.36,0.35,-0.73,-0.05
-7616,2.85,-179,2.29,550,2,51169,14_59_16_10_03_2025,1.82,1.48,-10.08,1.31,-0.08,0.87
-7597,2.85,1174,2.18,551,2,51235,14_59_16_10_03_2025,0.04,-0.03,-7.08,1.92,-0.29,0.76
-7486,2.84,45,2.27,551,2,51325,14_59_16_10_03_2025,4.65,-2.35,-7.58,1.44,-0.41,0.97
-7117,2.81,661,2.22,551,2,51363,14_59_17_10_03_2025,-0.20,-0.73,-9.72,-1.78,-1.01,-0.36
-6837,2.79,734,2.22,551,2,51432,14_59_17_10_03_2025,-0.54,0.33,-9.65,-2.05,-0.50,-0.43
-6749,2.78,936,2.20,551,2,51522,14_59_17_10_03_2025,-0.66,1.40,-9.79,-0.41,-0.59,-0.18
-6387,2.76,1190,2.18,550,2,51572,14_59_17_10_03_2025,-0.73,0.65,-9.67,-0.18,-0.11,-0.01
-6704,2.78,1208,2.18,551,2,51628,14_59_17_10_03_2025,-0.75,0.81,-9.71,-0.28,-0.11,-0.04
-6589,2.77,1138,2.19,551,2,51718,14_59_17_10_03_2025,-0.78,1.13,-9.65,-0.05,-0.01,-0.04
-6431,2.76,967,2.20,551,2,51755,14_59_17_10_03_2025,-0.71,0.99,-9.71,-0.09,-0.12,-0.07
-6791,2.79,995,2.20,552,2,51825,14_59_17_10_03_2025,-0.89,0.98,-9.77,-0.20,-0.23,-0.07
-6798,2.79,1075,2.19,551,2,51915,14_59_17_10_03_2025,-1.00,1.41,-9.59,-0.18,-0.05,-0.02
-6631,2.78,1196,2.18,551,2,51956,14_59_17_10_03_2025,-0.98,1.01,-9.47,-0.23,-0.17,-0.07
-6758,2.78,1115,2.19,551,2,52020,14_59_17_10_03_2025,-1.12,1.37,-9.53,-0.46,-0.15,0.00
-6715,2.78,1128,2.19,552,2,52059,14_59_17_10_03_2025,-1.15,1.81,-9.58,0.00,-0.00,0.01
-6685,2.78,1071,2.19,552,2,52127,14_59_17_10_03_2025,-1.14,1.42,-9.48,0.17,-0.01,0.00
-6728,2.78,1184,2.18,552,2,52216,14_59_17_10_03_2025,-1.12,1.57,-9.55,-0.07,0.00,-0.00
-6717,2.78,865,2.21,552,2,52254,14_59_17_10_03_2025,-1.09,1.72,-9.53,-0.16,-0.01,0.02
-6771,2.79,1080,2.19,551,2,52322,14_59_17_10_03_2025,-1.20,1.73,-9.52,0.07,0.00,0.01
-6949,2.80,1046,2.19,551,2,52412,14_59_18_10_03_2025,-1.06,1.54,-9.66,0.03,-0.02,0.02
-6714,2.78,886,2.21,551,2,52451,14_59_18_10_03_2025,-1.17,1.51,-9.52,0.05,0.00,-0.01
-6692,2.78,1031,2.19,551,2,52519,14_59_18_10_03_2025,-1.30,1.82,-9.51,0.10,0.14,0.06
-6618,2.77,1010,2.20,552,2,52609,14_59_18_10_03_2025,-0.84,0.92,-9.42,0.42,0.03,-0.04
-6712,2.78,895,2.20,552,2,52647,14_59_18_10_03_2025,-1.05,1.30,-9.52,0.05,-0.00,-0.01
-6764,2.79,1010,2.20,552,2,52715,14_59_18_10_03_2025,-0.95,1.25,-9.57,-0.04,-0.04,0.00
-6717,2.78,1087,2.19,551,2,52805,14_59_18_10_03_2025,-1.02,1.40,-9.56,0.03,-0.00,0.00
-6678,2.78,1012,2.20,552,2,52843,14_59_18_10_03_2025,-0.99,1.27,-9.56,0.09,0.02,0.02
-6940,2.80,1157,2.19,552,2,52911,14_59_18_10_03_2025,-0.95,1.27,-9.57,0.09,0.04,0.03
-6693,2.78,932,2.20,551,2,53001,14_59_18_10_03_2025,-1.01,1.20,-9.55,0.03,-0.01,0.01
-6743,2.78,736,2.22,551,2,53038,14_59_18_10_03_2025,-1.00,1.20,-9.57,-0.04,-0.02,-0.00
-6731,2.78,1118,2.19,552,2,53108,14_59_18_10_03_2025,-0.96,1.29,-9.60,0.01,-0.00,-0.01
-6756,2.78,1044,2.19,552,2,53198,14_59_18_10_03_2025,-1.03,1.19,-9.55,-0.13,-0.05,-0.00
-6656,2.78,1010,2.20,551,2,53238,14_59_18_10_03_2025,-1.01,1.25,-9.51,0.10,0.03,-0.01
-6790,2.79,1105,2.19,550,2,53304,14_59_18_10_03_2025,-1.01,1.29,-9.55,-0.03,0.00,0.00
-6827,2.79,977,2.20,551,2,53341,14_59_19_10_03_2025,-0.96,1.29,-9.56,0.02,-0.00,-0.00
-6752,2.78,1068,2.19,551,2,53410,14_59_19_10_03_2025,-0.99,1.32,-9.56,-0.04,-0.00,0.00
-6992,2.80,1091,2.19,551,2,53500,14_59_19_10_03_2025,-0.94,1.34,-9.56,-0.02,-0.02,-0.01
-6742,2.78,1018,2.20,552,2,53539,14_59_19_10_03_2025,-1.02,1.37,-9.54,0.01,-0.00,0.00
-6762,2.79,958,2.20,551,2,53605,14_59_19_10_03_2025,-1.01,1.36,-9.54,-0.01,-0.00,0.00
-6826,2.79,1049,2.19,551,2,53696,14_59_19_10_03_2025,-1.00,1.39,-9.55,0.00,-0.00,0.00
-6944,2.80,1044,2.19,550,2,53734,14_59_19_10_03_2025,-1.00,1.38,-9.55,-0.00,-0.00,0.00
-6804,2.79,1033,2.19,551,2,53803,14_59_19_10_03_2025,-1.00,1.38,-9.56,0.01,-0.00,0.00
-6860,2.79,994,2.20,551,2,54460,14_59_19_10_03_2025,-1.00,1.38,-9.55,-0.00,-0.00,0.00
-6839,2.79,1107,2.19,551,2,56934,14_59_20_10_03_2025,-1.00,1.42,-9.55,0.02,-0.00,0.00
