-8325,2.90,2006,2.12,564,2,19258,09_43_56_19_03_2025,-1.85,8.17,-4.71,0.12,-1.33,0.72
-8057,2.88,1704,2.14,564,2,19318,09_43_56_19_03_2025,-1.86,8.16,-4.72,0.00,-0.00,-0.00
-8069,2.88,1929,2.13,564,2,19364,09_43_56_19_03_2025,-1.87,8.18,-4.72,0.00,-0.00,-0.00
-7989,2.88,2032,2.12,564,2,19406,09_43_57_19_03_2025,-1.87,8.17,-4.71,0.00,-0.00,-0.00
-8369,2.91,1792,2.14,564,2,19448,09_43_57_19_03_2025,-1.85,8.17,-4.72,0.00,-0.00,-0.00
-8110,2.89,1879,2.13,564,2,19491,09_43_57_19_03_2025,-1.85,8.17,-4.72,0.00,-0.00,-0.00
-8215,2.90,2040,2.12,564,2,19536,09_43_57_19_03_2025,-1.86,8.18,-4.72,0.00,-0.00,-0.00
-8127,2.89,1950,2.12,564,2,19578,09_43_57_19_03_2025,-1.86,8.17,-4.72,0.00,-0.00,-0.00
-8111,2.89,2019,2.12,565,2,19620,09_43_57_19_03_2025,-1.86,8.18,-4.72,0.00,-0.00,0.00
-8138,2.89,1638,2.15,564,2,19662,09_43_57_19_03_2025,-1.86,8.18,-4.72,0.00,-0.00,0.00
-8061,2.88,1945,2.13,565,2,19705,09_43_57_19_03_2025,-1.86,8.17,-4.72,0.00,-0.00,-0.00
-7981,2.88,1836,2.13,564,2,19747,09_43_57_19_03_2025,-1.86,8.18,-4.72,0.01,-0.00,0.00
-7997,2.88,1942,2.13,565,2,19792,09_43_57_19_03_2025,-1.87,8.19,-4.71,0.00,-0.00,-0.00
-8169,2.89,1985,2.12,564,2,19834,09_43_57_19_03_2025,-1.87,8.17,-4.71,0.00,-0.00,-0.00
-8173,2.89,1799,2.14,565,2,19876,09_43_57_19_03_2025,-1.87,8.17,-4.71,0.00,-0.00,0.00
-8305,2.90,1962,2.12,564,2,19919,09_43_57_19_03_2025,-1.87,8.18,-4.70,0.00,-0.00,-0.00
-8104,2.89,1923,2.13,565,2,19961,09_43_57_19_03_2025,-1.86,8.18,-4.71,0.00,-0.00,-0.00
-8034,2.88,2070,2.12,563,2,20003,09_43_57_19_03_2025,-1.86,8.17,-4.70,0.00,-0.00,0.00
-8209,2.89,2191,2.11,565,2,20048,09_43_57_19_03_2025,-1.86,8.18,-4.71,0.00,-0.00,0.00
-8188,2.89,1804,2.14,562,2,20091,09_43_57_19_03_2025,-1.86,8.17,-4.70,0.00,-0.00,0.00
-8204,2.89,1953,2.12,564,2,20133,09_43_57_19_03_2025,-1.86,8.18,-4.71,0.00,-0.00,0.00
-8228,2.90,1813,2.14,565,2,20175,09_43_57_19_03_2025,-1.86,8.18,-4.70,0.00,-0.00,0.00
-8127,2.89,2111,2.11,564,2,20217,09_43_57_19_03_2025,-1.88,8.18,-4.71,0.00,-0.00,0.00
-8034,2.88,2098,2.11,564,2,20259,09_43_57_19_03_2025,-1.86,8.18,-4.70,0.00,-0.00,-0.00
-8063,2.88,1999,2.12,564,2,20305,09_43_57_19_03_2025,-1.86,8.18,-4.71,0.00,-0.00,-0.00
-8088,2.89,2131,2.11,565,2,20347,09_43_57_19_03_2025,-1.86,8.18,-4.72,0.00,-0.00,-0.00
-8011,2.88,1938,2.13,564,2,20389,09_43_58_19_03_2025,-1.86,8.16,-4.71,0.00,-0.00,0.00
-8127,2.89,1954,2.12,564,2,20433,09_43_58_19_03_2025,-1.86,8.18,-4.71,0.00,-0.00,0.00
-8344,2.90,1904,2.13,565,2,20475,09_43_58_19_03_2025,-1.87,8.18,-4.70,0.00,-0.00,0.00
-8171,2.89,1918,2.13,564,2,20517,09_43_58_19_03_2025,-1.87,8.18,-4.71,0.00,-0.00,-0.00
-8256,2.90,1924,2.13,564,2,20562,09_43_58_19_03_2025,-1.87,8.18,-4.71,0.00,-0.00,0.00
-8281,2.90,1995,2.12,565,2,20605,09_43_58_19_03_2025,-1.86,8.18,-4.71,0.00,-0.00,0.00
-8184,2.89,2005,2.12,564,2,20647,09_43_58_19_03_2025,-1.86,8.17,-4.70,0.01,-0.00,-0.00
-8168,2.89,2020,2.12,565,2,20689,09_43_58_19_03_2025,-1.86,8.17,-4.71,0.00,-0.00,0.00
-8163,2.89,1950,2.12,565,2,20732,09_43_58_19_03_2025,-1.86,8.17,-4.71,0.00,-0.00,0.00
-8324,2.90,2074,2.12,564,2,20774,09_43_58_19_03_2025,-1.86,8.18,-4.71,0.00,-0.00,0.00
-8001,2.88,1865,2.13,564,2,20819,09_43_58_19_03_2025,-1.86,8.18,-4.70,0.00,-0.00,-0.00
-8120,2.89,1905,2.13,564,2,20861,09_43_58_19_03_2025,-1.86,8.18,-4.71,0.00,-0.00,0.00
-8244,2.90,2139,2.11,564,2,20903,09_43_58_19_03_2025,-1.86,8.17,-4.71,0.00,-0.00,0.00
-8162,2.89,2253,2.10,565,2,20945,09_43_58_19_03_2025,-1.86,8.17,-4.71,0.00,-0.00,-0.00
-8146,2.89,1794,2.14,564,2,20987,09_43_58_19_03_2025,-1.88,8.18,-4.70,0.00,-0.00,-0.00
-8252,2.90,2088,2.11,565,2,21033,09_43_58_19_03_2025,-1.86,8.17,-4.72,0.00,-0.00,0.00
-8229,2.90,2060,2.12,564,2,21074,09_43_58_19_03_2025,-1.86,8.17,-4.70,0.00,-0.00,0.00
-8373,2.91,2196,2.11,564,2,21117,09_43_58_19_03_2025,-1.87,8.18,-4.71,0.00,-0.00,-0.00
-8341,2.90,1880,2.13,565,2,21159,09_43_58_19_03_2025,-1.86,8.18,-4.71,0.00,-0.00,-0.00
-8168,2.89,2042,2.12,564,2,21201,09_43_58_19_03_2025,-1.86,8.17,-4.69,0.00,-0.00,-0.00
-8336,2.90,1873,2.13,564,2,21244,09_43_58_19_03_2025,-1.86,8.18,-4.71,0.00,-0.00,0.00
-8359,2.91,2175,2.11,564,2,21288,09_43_58_19_03_2025,-1.87,8.18,-4.72,0.00,-0.00,0.00
-8086,2.89,1902,2.13,565,2,21331,09_43_58_19_03_2025,-1.87,8.18,-4.70,0.00,-0.00,0.00
-8156,2.89,2037,2.12,563,2,21373,09_43_58_19_03_2025,-1.87,8.17,-4.70,0.00,-0.00,-0.00
-8203,2.89,2210,2.11,564,2,21415,09_43_59_19_03_2025,-1.86,8.16,-4.70,0.00,-0.00,0.00
-8046,2.88,2036,2.12,565,2,21457,09_43_59_19_03_2025,-1.86,8.18,-4.71,0.00,-0.00,0.00
-8079,2.88,2067,2.12,565,2,21499,09_43_59_19_03_2025,-1.86,8.18,-4.72,0.00,-0.00,-0.00
-8057,2.88,2152,2.11,565,2,21544,09_43_59_19_03_2025,-1.87,8.18,-4.70,0.00,-0.00,-0.00
-8239,2.90,2122,2.11,564,2,21586,09_43_59_19_03_2025,-1.86,8.17,-4.70,0.00,-0.00,-0.00
-8244,2.90,2066,2.12,565,2,21629,09_43_59_19_03_2025,-1.86,8.18,-4.71,0.00,-0.00,-0.00
-8037,2.88,1878,2.13,565,2,21672,09_43_59_19_03_2025,-1.85,8.18,-4.71,0.00,-0.00,0.00
-7961,2.88,1967,2.12,564,2,21718,09_43_59_19_03_2025,-1.87,8.18,-4.71,0.00,-0.00,0.00
-8193,2.89,2175,2.11,565,2,21760,09_43_59_19_03_2025,-1.86,8.17,-4.70,0.00,-0.00,-0.00
-8114,2.89,1981,2.12,564,2,21806,09_43_59_19_03_2025,-1.85,8.18,-4.70,0.00,-0.00,-0.00
-8233,2.90,2215,2.10,564,2,21848,09_43_59_19_03_2025,-1.86,8.17,-4.70,0.00,-0.00,0.00
-8220,2.90,1780,2.14,564,2,21890,09_43_59_19_03_2025,-1.86,8.18,-4.70,0.00,-0.00,0.00
-7924,2.87,1965,2.12,565,2,21933,09_43_59_19_03_2025,-1.87,8.18,-4.71,0.00,-0.00,-0.00
-8180,2.89,1852,2.13,565,2,21975,09_43_59_19_03_2025,-1.86,8.17,-4.71,0.00,-0.00,0.00
-8127,2.89,1883,2.13,565,2,22018,09_43_59_19_03_2025,-1.86,8.17,-4.70,0.00,-0.00,0.00
-8003,2.88,1940,2.13,564,2,22062,09_43_59_19_03_2025,-1.86,8.18,-4.71,0.00,-0.00,-0.00
-8249,2.90,2107,2.11,564,2,22106,09_43_59_19_03_2025,-1.86,8.19,-4.70,0.00,-0.00,-0.00
-8076,2.88,2000,2.12,564,2,22148,09_43_59_19_03_2025,-1.87,8.17,-4.72,0.00,-0.00,0.00
-8249,2.90,1646,2.15,564,2,22190,09_43_59_19_03_2025,-1.86,8.17,-4.71,0.00,-0.00,0.00
-8035,2.88,2096,2.11,565,2,22232,09_43_59_19_03_2025,-1.87,8.18,-4.71,0.00,-0.00,0.00
-8027,2.88,2168,2.11,565,2,22274,09_43_59_19_03_2025,-1.86,8.18,-4.71,0.01,-0.00,-0.00
-8069,2.88,2114,2.11,564,2,22320,09_43_59_19_03_2025,-1.87,8.18,-4.71,0.00,-0.00,-0.00
-8212,2.89,1830,2.13,564,2,22362,09_43_59_19_03_2025,-1.86,8.18,-4.70,0.01,-0.00,0.00
-8062,2.88,1982,2.12,565,2,22405,09_44_00_19_03_2025,-1.85,8.18,-4.70,0.01,-0.00,-0.00
-8095,2.89,2085,2.11,565,2,22452,09_44_00_19_03_2025,-1.86,8.17,-4.69,0.00,-0.00,-0.00
-8133,2.89,1835,2.13,564,2,22495,09_44_00_19_03_2025,-1.87,8.18,-4.71,0.00,-0.00,-0.00
-8060,2.88,2192,2.11,565,2,22537,09_44_00_19_03_2025,-1.87,8.17,-4.69,0.00,-0.00,0.00
-8139,2.89,1967,2.12,565,2,22581,09_44_00_19_03_2025,-1.86,8.18,-4.70,0.00,-0.00,0.00
-8115,2.89,2089,2.11,565,2,22624,09_44_00_19_03_2025,-1.87,8.18,-4.71,0.00,-0.00,0.00
-8106,2.89,2131,2.11,564,2,22666,09_44_00_19_03_2025,-1.86,8.16,-4.71,0.00,-0.00,0.00
-8200,2.89,2023,2.12,564,2,22709,09_44_00_19_03_2025,-1.86,8.17,-4.71,0.00,-0.00,-0.00
-8050,2.88,2040,2.12,564,2,22751,09_44_00_19_03_2025,-1.86,8.17,-4.70,0.00,-0.00,-0.00
-8195,2.89,2032,2.12,564,2,22797,09_44_00_19_03_2025,-1.87,8.17,-4.70,0.00,-0.00,-0.00
-8121,2.89,1869,2.13,564,2,22839,09_44_00_19_03_2025,-1.86,8.17,-4.70,0.00,-0.00,0.00
-7910,2.87,2132,2.11,565,2,22881,09_44_00_19_03_2025,-1.86,8.18,-4.70,0.00,-0.00,0.00
-7955,2.88,2037,2.12,564,2,22925,09_44_00_19_03_2025,-1.86,8.18,-4.71,0.00,-0.00,-0.00
-8241,2.90,2173,2.11,564,2,22971,09_44_00_19_03_2025,-1.87,8.18,-4.69,0.00,-0.00,-0.00
-7993,2.88,2091,2.11,565,2,23014,09_44_00_19_03_2025,-1.86,8.17,-4.71,0.00,-0.00,-0.00
-8153,2.89,1950,2.12,564,2,23058,09_44_00_19_03_2025,-1.86,8.17,-4.70,0.00,-0.00,-0.00
-8184,2.89,1906,2.13,565,2,23101,09_44_00_19_03_2025,-1.87,8.17,-4.70,0.00,-0.00,0.00
-7996,2.88,1938,2.13,564,2,23143,09_44_00_19_03_2025,-1.86,8.18,-4.70,0.00,-0.00,0.00
-8080,2.88,2110,2.11,564,2,23185,09_44_00_19_03_2025,-1.87,8.16,-4.70,0.00,-0.00,-0.00
-8150,2.89,1917,2.13,564,2,23227,09_44_00_19_03_2025,-1.86,8.18,-4.70,0.00,-0.00,-0.00
-8147,2.89,2324,2.10,564,2,23269,09_44_00_19_03_2025,-1.86,8.18,-4.71,0.00,-0.00,-0.00
-8325,2.90,2075,2.12,565,2,23315,09_44_00_19_03_2025,-1.86,8.18,-4.71,0.00,-0.00,0.00
-8216,2.90,2056,2.12,564,2,23356,09_44_00_19_03_2025,-1.87,8.19,-4.70,0.00,-0.00,-0.00
-8024,2.88,1986,2.12,565,2,23400,09_44_01_19_03_2025,-1.86,8.18,-4.71,0.00,-0.00,0.00
-7963,2.88,2121,2.11,564,2,23441,09_44_01_19_03_2025,-1.86,8.18,-4.70,0.00,-0.00,0.00
-8142,2.89,1920,2.13,564,2,23484,09_44_01_19_03_2025,-1.87,8.18,-4.70,0.00,-0.00,0.00
-8053,2.88,2021,2.12,564,2,23526,09_44_01_19_03_2025,-1.87,8.18,-4.71,0.00,-0.00,-0.00
-8066,2.88,2124,2.11,564,2,23571,09_44_01_19_03_2025,-1.85,8.18,-4.70,0.00,-0.00,-0.00
-8214,2.89,2013,2.12,565,2,23614,09_44_01_19_03_2025,-1.86,8.18,-4.70,0.00,-0.00,-0.00
-8214,2.89,1882,2.13,565,2,23656,09_44_01_19_03_2025,-1.86,8.18,-4.69,0.00,-0.00,0.00
-8266,2.90,2164,2.11,565,2,23699,09_44_01_19_03_2025,-1.86,8.17,-4.69,0.00,-0.00,-0.00
-8279,2.90,2165,2.11,564,2,23741,09_44_01_19_03_2025,-1.86,8.18,-4.69,0.00,-0.00,0.00
-8173,2.89,2124,2.11,564,2,23783,09_44_01_19_03_2025,-1.87,8.17,-4.69,0.00,-0.00,-0.00
-8119,2.89,2359,2.09,564,2,23828,09_44_01_19_03_2025,-1.87,8.17,-4.70,0.00,-0.00,0.00
-8143,2.89,2055,2.12,565,2,23870,09_44_01_19_03_2025,-1.86,8.17,-4.70,0.00,-0.00,0.00
-8164,2.89,1957,2.12,565,2,23913,09_44_01_19_03_2025,-1.86,8.18,-4.70,0.00,-0.00,-0.00
-8112,2.89,2118,2.11,564,2,23955,09_44_01_19_03_2025,-1.87,8.18,-4.69,0.00,-0.00,-0.00
-8190,2.89,1962,2.12,565,2,23998,09_44_01_19_03_2025,-1.87,8.17,-4.71,0.00,-0.00,-0.00
-8152,2.89,2040,2.12,564,2,24040,09_44_01_19_03_2025,-1.86,8.18,-4.70,0.00,-0.00,-0.00
-8112,2.89,2133,2.11,564,2,24085,09_44_01_19_03_2025,-1.86,8.16,-4.70,0.00,-0.00,0.00
-8023,2.88,2011,2.12,564,2,24128,09_44_01_19_03_2025,-1.86,8.17,-4.69,0.00,-0.00,0.00
-8078,2.88,1921,2.13,564,2,24171,09_44_01_19_03_2025,-1.87,8.17,-4.69,0.00,-0.00,0.00
-8248,2.90,2009,2.12,565,2,24217,09_44_01_19_03_2025,-1.87,8.22,-4.72,0.01,-0.00,-0.00
-8170,2.89,2189,2.11,564,2,24262,09_44_01_19_03_2025,-1.85,8.14,-4.69,0.00,-0.00,0.00
-8300,2.90,2166,2.11,565,2,24304,09_44_01_19_03_2025,-1.87,8.20,-4.72,0.00,-0.00,0.00
-8133,2.89,1957,2.12,565,2,24349,09_44_01_19_03_2025,-1.86,8.16,-4.68,0.00,-0.00,-0.00
-8210,2.89,2076,2.12,564,2,24392,09_44_02_19_03_2025,-1.87,8.18,-4.70,0.00,-0.00,-0.00
-8193,2.89,2045,2.12,565,2,24434,09_44_02_19_03_2025,-1.87,8.15,-4.67,0.00,-0.00,0.00
-8123,2.89,2101,2.11,564,2,24477,09_44_02_19_03_2025,-1.86,8.18,-4.71,0.00,-0.00,-0.00
-8174,2.89,1916,2.13,565,2,24519,09_44_02_19_03_2025,-1.87,8.19,-4.70,0.00,-0.00,-0.00
-8149,2.89,2057,2.12,564,2,24564,09_44_02_19_03_2025,-1.87,8.17,-4.70,0.00,-0.00,0.00
-8164,2.89,1995,2.12,564,2,24607,09_44_02_19_03_2025,-1.86,8.16,-4.70,0.00,-0.00,0.00
-8145,2.89,1967,2.12,565,2,24649,09_44_02_19_03_2025,-1.86,8.18,-4.71,0.00,-0.00,0.00
-8121,2.89,2020,2.12,565,2,24692,09_44_02_19_03_2025,-1.87,8.20,-4.70,0.00,-0.00,0.00
-8193,2.89,2029,2.12,564,2,24733,09_44_02_19_03_2025,-1.86,8.20,-4.71,0.00,-0.00,0.00
-8189,2.89,2070,2.12,564,2,24776,09_44_02_19_03_2025,-1.85,8.16,-4.68,0.00,-0.00,0.00
-8191,2.89,1996,2.12,564,2,24821,09_44_02_19_03_2025,-1.87,8.18,-4.68,0.00,-0.00,0.00
-8067,2.88,1827,2.13,565,2,24864,09_44_02_19_03_2025,-1.86,8.17,-4.71,0.00,-0.00,0.00
-8123,2.89,2078,2.12,565,2,24906,09_44_02_19_03_2025,-1.87,8.16,-4.70,0.00,-0.00,0.00
-8314,2.90,2075,2.12,565,2,24948,09_44_02_19_03_2025,-1.87,8.18,-4.70,0.00,-0.00,-0.00
-8242,2.90,2205,2.11,564,2,24991,09_44_02_19_03_2025,-1.86,8.17,-4.69,0.00,-0.00,0.00
-8130,2.89,1982,2.12,564,2,25033,09_44_02_19_03_2025,-1.85,8.17,-4.69,0.00,-0.00,0.00
-7980,2.88,2083,2.11,564,2,25079,09_44_02_19_03_2025,-1.86,8.19,-4.69,0.00,-0.00,-0.00
-8070,2.88,2134,2.11,565,2,25121,09_44_02_19_03_2025,-1.86,8.12,-4.66,0.00,-0.00,0.00
-8114,2.89,2146,2.11,565,2,25163,09_44_02_19_03_2025,-1.86,8.16,-4.69,0.01,-0.00,0.00
-7817,2.86,2125,2.11,564,2,25205,09_44_02_19_03_2025,-1.88,8.22,-4.73,0.01,-0.00,-0.00
-8265,2.90,1991,2.12,565,2,25247,09_44_02_19_03_2025,-1.85,8.15,-4.69,0.00,-0.00,0.00
-8124,2.89,1969,2.12,565,2,25290,09_44_02_19_03_2025,-1.86,8.18,-4.71,0.00,-0.00,0.00
-8101,2.89,2081,2.12,564,2,25334,09_44_02_19_03_2025,-1.86,8.19,-4.70,0.00,-0.00,-0.00
-8122,2.89,1999,2.12,564,2,25378,09_44_03_19_03_2025,-1.86,8.15,-4.68,0.00,-0.00,-0.00
-8203,2.89,2107,2.11,564,2,25422,09_44_03_19_03_2025,-1.86,8.19,-4.71,0.00,-0.00,0.00
-8197,2.89,1940,2.13,565,2,25467,09_44_03_19_03_2025,-1.86,8.17,-4.70,0.00,-0.00,0.00
-8112,2.89,1907,2.13,564,2,25509,09_44_03_19_03_2025,-1.87,8.17,-4.71,0.00,-0.00,0.00
-8053,2.88,2164,2.11,564,2,25551,09_44_03_19_03_2025,-1.87,8.18,-4.71,0.00,-0.00,-0.00
-8161,2.89,1955,2.12,564,2,25596,09_44_03_19_03_2025,-1.86,8.17,-4.70,0.00,-0.00,0.00
-8132,2.89,2119,2.11,564,2,25638,09_44_03_19_03_2025,-1.87,8.18,-4.70,0.00,-0.00,0.00
-8016,2.88,2113,2.11,565,2,25681,09_44_03_19_03_2025,-1.87,8.18,-4.70,0.00,-0.00,0.00
-8057,2.88,2253,2.10,565,2,25723,09_44_03_19_03_2025,-1.86,8.17,-4.69,0.00,-0.00,-0.00
-8069,2.88,2070,2.12,564,2,25766,09_44_03_19_03_2025,-1.86,8.17,-4.70,0.00,-0.00,-0.00
-8109,2.89,2063,2.12,565,2,25808,09_44_03_19_03_2025,-1.86,8.16,-4.70,0.00,-0.00,0.00
-8165,2.89,1883,2.13,565,2,25854,09_44_03_19_03_2025,-1.87,8.18,-4.71,0.00,-0.00,-0.00
-8221,2.90,1772,2.14,565,2,25896,09_44_03_19_03_2025,-1.87,8.18,-4.69,0.01,-0.00,-0.00
-8371,2.91,1820,2.13,565,2,25938,09_44_03_19_03_2025,-1.87,8.17,-4.69,0.00,-0.00,0.00
-8558,2.92,2182,2.11,564,2,25981,09_44_03_19_03_2025,-1.86,8.16,-4.71,0.00,-0.00,-0.00
-8478,2.91,2301,2.10,565,2,26023,09_44_03_19_03_2025,-1.87,8.18,-4.70,0.00,-0.00,0.00
-8646,2.93,2001,2.12,564,2,26066,09_44_03_19_03_2025,-1.87,8.18,-4.70,0.00,-0.00,0.00
-8964,2.95,959,2.20,564,2,26111,09_44_03_19_03_2025,-1.86,8.19,-4.70,0.00,-0.00,-0.00
-9219,2.97,289,2.25,565,2,26153,09_44_03_19_03_2025,-1.86,8.17,-4.70,0.00,-0.00,-0.00
-8932,2.95,-4,2.27,565,2,26196,09_44_03_19_03_2025,-1.87,8.18,-4.71,0.00,-0.00,-0.00
-9043,2.96,471,2.24,565,2,26237,09_44_03_19_03_2025,-1.85,8.16,-4.70,0.00,-0.00,0.00
-9240,2.97,457,2.24,564,2,26280,09_44_03_19_03_2025,-1.87,8.17,-4.70,0.00,-0.00,-0.00
-9349,2.98,720,2.22,564,2,26325,09_44_03_19_03_2025,-1.87,8.17,-4.70,0.00,-0.00,-0.00
-9447,2.99,950,2.20,564,2,26368,09_44_03_19_03_2025,-1.86,8.18,-4.70,0.00,-0.00,-0.00
-9325,2.98,1088,2.19,565,2,26410,09_44_04_19_03_2025,-1.87,8.16,-4.70,0.00,-0.00,-0.00
-8881,2.95,5,2.27,564,2,26452,09_44_04_19_03_2025,-1.86,8.18,-4.71,0.00,-0.00,-0.00
-8955,2.95,-160,2.28,565,2,26495,09_44_04_19_03_2025,-1.85,8.17,-4.71,0.00,-0.00,0.00
-8868,2.94,-457,2.31,564,2,26536,09_44_04_19_03_2025,-1.86,8.17,-4.70,0.00,-0.00,-0.00
-8869,2.94,-542,2.31,564,2,26582,09_44_04_19_03_2025,-1.87,8.18,-4.70,0.00,-0.00,-0.00
-8716,2.93,-1471,2.38,564,2,26626,09_44_04_19_03_2025,-1.87,8.17,-4.70,0.00,-0.00,0.00
-8865,2.94,-606,2.32,564,2,26669,09_44_04_19_03_2025,-1.86,8.18,-4.72,0.01,-0.00,0.00
-8692,2.93,-7,2.27,565,2,26714,09_44_04_19_03_2025,-1.87,8.17,-4.70,0.00,-0.00,-0.00
-8745,2.94,127,2.26,564,2,26757,09_44_04_19_03_2025,-1.86,8.17,-4.70,0.00,-0.00,-0.00
-8746,2.94,-193,2.29,564,2,26800,09_44_04_19_03_2025,-1.86,8.18,-4.70,0.00,-0.00,0.00
-8775,2.94,-623,2.32,565,2,26845,09_44_04_19_03_2025,-1.86,8.18,-4.70,0.00,-0.00,0.00
-8672,2.93,-936,2.34,564,2,26888,09_44_04_19_03_2025,-1.85,8.17,-4.69,0.00,-0.00,0.00
-8283,2.90,-1829,2.41,564,2,26930,09_44_04_19_03_2025,-1.86,8.17,-4.70,0.00,-0.00,0.00
-8682,2.93,-1107,2.36,564,2,26972,09_44_04_19_03_2025,-1.86,8.17,-4.69,0.00,-0.00,0.00
-8671,2.93,-1072,2.35,564,2,27014,09_44_04_19_03_2025,-1.86,8.18,-4.71,0.00,-0.00,0.00
-8515,2.92,-1565,2.39,565,2,27057,09_44_04_19_03_2025,-1.87,8.18,-4.70,0.00,-0.00,0.00
-8697,2.93,-1255,2.37,564,2,27102,09_44_04_19_03_2025,-1.87,8.17,-4.69,0.00,-0.00,0.00
-8706,2.93,-1009,2.35,564,2,27144,09_44_04_19_03_2025,-1.86,8.18,-4.71,0.00,-0.00,0.00
-8769,2.94,-1378,2.38,565,2,27186,09_44_04_19_03_2025,-1.86,8.18,-4.70,0.00,-0.00,-0.00
-8769,2.94,-2308,2.45,564,2,27228,09_44_04_19_03_2025,-1.87,8.18,-4.71,0.00,-0.00,0.00
-8909,2.95,-3749,2.56,564,2,27270,09_44_04_19_03_2025,-1.86,8.17,-4.69,0.00,-0.00,-0.00
-8880,2.95,-3516,2.54,565,2,27312,09_44_04_19_03_2025,-1.86,8.19,-4.67,0.00,-0.00,0.00
-8765,2.94,-5321,2.68,564,2,27358,09_44_04_19_03_2025,-1.86,8.18,-4.70,0.00,-0.00,0.00
-8664,2.93,-6407,2.76,564,2,27400,09_44_05_19_03_2025,-1.87,8.17,-4.70,0.00,-0.00,-0.00
-8922,2.95,-7839,2.87,564,2,27442,09_44_05_19_03_2025,-1.86,8.18,-4.70,0.00,-0.00,0.00
-8993,2.95,-10296,3.05,564,2,27484,09_44_05_19_03_2025,-1.87,8.17,-4.69,0.00,-0.00,-0.00
-8774,2.94,-12286,3.20,565,2,27526,09_44_05_19_03_2025,-1.87,8.18,-4.70,0.00,-0.00,0.00
-8708,2.93,-14969,3.41,564,2,27569,09_44_05_19_03_2025,-1.87,8.17,-4.71,0.00,-0.00,0.00
-8684,2.93,-19703,3.77,565,2,27613,09_44_05_19_03_2025,-1.87,8.17,-4.70,0.00,-0.00,0.00
-8354,2.91,-22904,4.01,565,2,27656,09_44_05_19_03_2025,-1.87,8.17,-4.70,0.00,-0.00,0.00
-8598,2.92,-25969,4.24,564,2,27699,09_44_05_19_03_2025,-1.86,8.17,-4.70,0.00,-0.00,0.00
-8521,2.92,-27485,4.35,565,2,27741,09_44_05_19_03_2025,-1.87,8.17,-4.70,0.00,-0.00,-0.00
-8484,2.92,-28484,4.43,565,2,27784,09_44_05_19_03_2025,-1.87,8.18,-4.71,0.00,-0.00,-0.00
-8476,2.91,-30513,4.58,565,2,27829,09_44_05_19_03_2025,-1.86,8.17,-4.71,0.00,-0.00,-0.00
-8600,2.92,-32996,4.77,565,2,27873,09_44_05_19_03_2025,-1.86,8.18,-4.70,0.00,-0.00,0.00
-8485,2.92,-35353,4.95,564,2,27916,09_44_05_19_03_2025,-1.87,8.17,-4.69,0.00,-0.00,-0.00
-8383,2.91,-38083,5.16,564,2,27961,09_44_05_19_03_2025,-1.87,8.18,-4.71,0.00,-0.00,-0.00
-8359,2.91,-39200,5.24,565,2,28003,09_44_05_19_03_2025,-1.86,8.18,-4.70,0.01,-0.00,-0.00
-8476,2.91,-40912,5.37,564,2,28047,09_44_05_19_03_2025,-1.86,8.17,-4.70,0.00,-0.00,-0.00
-8466,2.91,-43232,5.55,564,2,28092,09_44_05_19_03_2025,-1.87,8.17,-4.70,0.00,-0.00,-0.00
-8327,2.90,-46481,5.79,565,2,28133,09_44_05_19_03_2025,-1.86,8.18,-4.70,0.00,-0.00,-0.00
-8346,2.90,-50035,6.06,565,2,28176,09_44_05_19_03_2025,-1.86,8.18,-4.70,0.00,-0.00,-0.00
-8397,2.91,-52684,6.26,565,2,28218,09_44_05_19_03_2025,-1.86,8.18,-4.70,0.00,-0.00,0.00
-8347,2.91,-54722,6.42,565,2,28261,09_44_05_19_03_2025,-1.86,8.17,-4.70,0.01,-0.00,0.00
-8566,2.92,-56901,6.58,564,2,28302,09_44_05_19_03_2025,-1.87,8.18,-4.70,0.00,-0.00,-0.00
-8457,2.91,-59467,6.78,564,2,28349,09_44_05_19_03_2025,-1.86,8.17,-4.70,0.00,-0.00,-0.00
-8366,2.91,-61732,6.95,564,2,28391,09_44_06_19_03_2025,-1.86,8.18,-4.69,0.00,-0.00,0.00
-8478,2.91,-63215,7.06,565,2,28433,09_44_06_19_03_2025,-1.87,8.17,-4.70,0.00,-0.00,-0.00
-8459,2.91,-63387,7.07,565,2,28476,09_44_06_19_03_2025,-1.86,8.18,-4.70,0.00,-0.00,-0.00
-8592,2.92,-64752,7.18,565,2,28518,09_44_06_19_03_2025,-1.85,8.18,-4.69,0.00,-0.00,-0.00
-8507,2.92,-65161,7.21,565,2,28563,09_44_06_19_03_2025,-1.87,8.18,-4.70,0.00,-0.00,-0.00
-8604,2.92,-66345,7.30,564,2,28605,09_44_06_19_03_2025,-1.87,8.17,-4.71,0.00,-0.00,-0.00
-8544,2.92,-67378,7.38,564,2,28648,09_44_06_19_03_2025,-1.86,8.18,-4.71,0.00,-0.00,0.00
-8667,2.93,-67769,7.41,564,2,28691,09_44_06_19_03_2025,-1.87,8.18,-4.69,0.00,-0.00,-0.00
-8442,2.91,-69011,7.50,564,2,28733,09_44_06_19_03_2025,-1.86,8.17,-4.71,0.00,-0.00,-0.00
-8397,2.91,-69990,7.57,565,2,28776,09_44_06_19_03_2025,-1.86,8.17,-4.71,0.00,-0.00,-0.00
-8550,2.92,-70415,7.61,565,2,28821,09_44_06_19_03_2025,-1.86,8.18,-4.70,0.00,-0.00,-0.00
-8448,2.91,-70580,7.62,565,2,28864,09_44_06_19_03_2025,-1.86,8.17,-4.71,0.00,-0.00,0.00
-8417,2.91,-71254,7.67,565,2,28906,09_44_06_19_03_2025,-1.87,8.17,-4.70,0.00,-0.00,-0.00
-8588,2.92,-71890,7.72,565,2,28949,09_44_06_19_03_2025,-1.86,8.18,-4.70,0.00,-0.00,-0.00
-8468,2.91,-72339,7.75,565,2,28991,09_44_06_19_03_2025,-1.86,8.18,-4.70,0.00,-0.00,-0.00
-8472,2.91,-73182,7.82,564,2,29034,09_44_06_19_03_2025,-1.86,8.17,-4.70,0.01,-0.00,-0.00
-8585,2.92,-74441,7.91,564,2,29079,09_44_06_19_03_2025,-1.86,8.17,-4.70,0.00,-0.00,0.00
-8567,2.92,-75108,7.96,564,2,29124,09_44_06_19_03_2025,-1.86,8.18,-4.71,0.00,-0.00,0.00
-8754,2.94,-75521,7.99,564,2,29169,09_44_06_19_03_2025,-1.86,8.18,-4.71,0.00,-0.00,0.00
-8472,2.91,-76423,8.06,564,2,29211,09_44_06_19_03_2025,-1.87,8.18,-4.71,0.00,-0.00,0.00
-8350,2.91,-76628,8.08,564,2,29253,09_44_06_19_03_2025,-1.86,8.18,-4.71,0.00,-0.00,-0.00
-8454,2.91,-76400,8.06,565,2,29295,09_44_06_19_03_2025,-1.86,8.18,-4.69,0.00,-0.00,0.00
-8403,2.91,-76770,8.09,565,2,29340,09_44_06_19_03_2025,-1.87,8.18,-4.70,0.00,-0.00,0.00
-8242,2.90,-76960,8.10,565,2,29382,09_44_07_19_03_2025,-1.87,8.17,-4.70,0.00,-0.00,-0.00
-8323,2.90,-77106,8.11,564,2,29437,09_44_07_19_03_2025,-1.86,8.18,-4.70,0.00,-0.00,-0.00
-8579,2.92,-77090,8.11,565,2,29527,09_44_07_19_03_2025,-1.86,8.17,-4.69,0.00,-0.00,-0.00
-8431,2.91,-76903,8.10,565,2,29569,09_44_07_19_03_2025,-1.86,8.17,-4.70,0.00,-0.00,-0.00
-8500,2.92,-76563,8.07,564,2,29633,09_44_07_19_03_2025,-1.86,8.17,-4.70,0.00,-0.00,-0.00
-8456,2.91,-76112,8.04,565,2,29723,09_44_07_19_03_2025,-1.86,8.17,-4.71,0.00,-0.00,-0.00
-8492,2.92,-75106,7.96,565,2,29766,09_44_07_19_03_2025,-1.87,8.17,-4.69,0.00,-0.00,-0.00
-8255,2.90,-74478,7.91,565,2,29829,09_44_07_19_03_2025,-1.86,8.17,-4.70,0.00,-0.00,0.00
-8562,2.92,-73521,7.84,564,2,29919,09_44_07_19_03_2025,-1.86,8.19,-4.71,0.00,-0.00,-0.00
-8556,2.92,-71785,7.71,564,2,29961,09_44_07_19_03_2025,-1.86,8.18,-4.70,0.00,-0.00,0.00
-8544,2.92,-71598,7.70,565,2,30025,09_44_07_19_03_2025,-1.86,8.17,-4.70,0.00,-0.00,0.00
-8544,2.92,-70599,7.62,564,2,30116,09_44_07_19_03_2025,-1.87,8.17,-4.70,0.00,-0.00,-0.00
-8383,2.91,-68086,7.43,564,2,30159,09_44_07_19_03_2025,-1.87,8.17,-4.69,0.00,-0.00,-0.00
-8563,2.92,-66274,7.29,565,2,30221,09_44_07_19_03_2025,-1.87,8.18,-4.70,0.00,-0.00,-0.00
-8475,2.91,-63788,7.11,565,2,30313,09_44_07_19_03_2025,-1.87,8.17,-4.69,0.01,-0.00,0.00
-8517,2.92,-62509,7.01,565,2,30355,09_44_07_19_03_2025,-1.85,8.18,-4.71,0.00,-0.00,-0.00
-8563,2.92,-62671,7.02,565,2,30419,09_44_08_19_03_2025,-1.87,8.17,-4.70,0.00,-0.00,0.00
-8552,2.92,-62777,7.03,565,2,30462,09_44_08_19_03_2025,-1.87,8.18,-4.71,0.00,-0.00,-0.00
-8483,2.92,-63417,7.08,564,2,30524,09_44_08_19_03_2025,-1.85,8.18,-4.70,0.00,-0.00,0.00
-8517,2.92,-63461,7.08,565,2,30614,09_44_08_19_03_2025,-1.87,8.18,-4.71,0.00,-0.00,-0.00
-8444,2.91,-63000,7.05,564,2,30656,09_44_08_19_03_2025,-1.86,8.17,-4.70,0.00,-0.00,0.00
-8224,2.90,-62896,7.04,565,2,30721,09_44_08_19_03_2025,-1.86,8.18,-4.70,0.00,-0.00,0.00
-8648,2.93,-62808,7.03,565,2,30812,09_44_08_19_03_2025,-1.88,8.18,-4.70,0.00,-0.00,-0.00
-8465,2.91,-63074,7.05,565,2,30856,09_44_08_19_03_2025,-1.87,8.17,-4.69,0.00,-0.00,0.00
-8640,2.93,-62890,7.04,564,2,30917,09_44_08_19_03_2025,-1.86,8.18,-4.70,0.00,-0.00,-0.00
-8290,2.90,-62457,7.00,565,2,31007,09_44_08_19_03_2025,-1.87,8.18,-4.70,0.00,-0.00,0.00
-8485,2.92,-62618,7.02,565,2,31049,09_44_08_19_03_2025,-1.85,8.18,-4.70,0.00,-0.00,-0.00
-8495,2.92,-62385,7.00,565,2,31114,09_44_08_19_03_2025,-1.86,8.17,-4.71,0.00,-0.00,-0.00
-8473,2.91,-62204,6.99,565,2,31203,09_44_08_19_03_2025,-1.87,8.18,-4.70,0.00,-0.00,0.00
-8505,2.92,-61388,6.92,564,2,31245,09_44_08_19_03_2025,-1.86,8.17,-4.70,0.01,-0.00,-0.00
-8376,2.91,-61596,6.94,565,2,31310,09_44_08_19_03_2025,-1.85,8.17,-4.71,0.00,-0.00,0.00
-8454,2.91,-61547,6.94,564,2,31400,09_44_08_19_03_2025,-1.86,8.18,-4.71,0.00,-0.00,-0.00
-8256,2.90,-61663,6.94,565,2,31443,09_44_09_19_03_2025,-1.86,8.17,-4.71,0.00,-0.00,-0.00
-8467,2.91,-61960,6.97,564,2,31507,09_44_09_19_03_2025,-1.87,8.17,-4.70,0.00,-0.00,-0.00
-8448,2.91,-61913,6.96,564,2,31597,09_44_09_19_03_2025,-1.87,8.18,-4.70,0.00,-0.00,-0.00
-8578,2.92,-61443,6.93,564,2,31639,09_44_09_19_03_2025,-1.87,8.17,-4.71,0.01,-0.00,-0.00
-8424,2.91,-61669,6.94,564,2,31702,09_44_09_19_03_2025,-1.87,8.18,-4.69,0.00,-0.00,-0.00
-8629,2.93,-61810,6.96,565,2,31745,09_44_09_19_03_2025,-1.87,8.18,-4.70,0.00,-0.00,-0.00
-8492,2.92,-61975,6.97,564,2,31809,09_44_09_19_03_2025,-1.87,8.18,-4.71,0.00,-0.00,-0.00
-8555,2.92,-62042,6.97,564,2,31899,09_44_09_19_03_2025,-1.86,8.18,-4.71,0.00,-0.00,0.00
-8474,2.91,-62497,7.01,564,2,31941,09_44_09_19_03_2025,-1.87,8.18,-4.70,0.00,-0.00,0.00
-8436,2.91,-62666,7.02,565,2,32005,09_44_09_19_03_2025,-1.86,8.18,-4.71,0.00,-0.00,-0.00
-8699,2.93,-63338,7.07,564,2,32096,09_44_09_19_03_2025,-1.87,8.18,-4.70,0.00,-0.00,-0.00
-8587,2.92,-64007,7.12,565,2,32139,09_44_09_19_03_2025,-1.88,8.17,-4.71,0.00,-0.00,0.00
-8692,2.93,-63603,7.09,564,2,32201,09_44_09_19_03_2025,-1.87,8.17,-4.70,0.00,-0.00,0.00
-8501,2.92,-64193,7.14,564,2,32291,09_44_09_19_03_2025,-1.87,8.17,-4.71,0.00,-0.00,-0.00
-8544,2.92,-64344,7.15,565,2,32333,09_44_09_19_03_2025,-1.86,8.18,-4.71,0.00,-0.00,-0.00
-8460,2.91,-64490,7.16,564,2,32398,09_44_09_19_03_2025,-1.86,8.18,-4.71,0.00,-0.00,0.00
-8545,2.92,-64994,7.20,565,2,32488,09_44_10_19_03_2025,-1.86,8.18,-4.70,0.00,-0.00,-0.00
-8591,2.92,-66151,7.28,564,2,32531,09_44_10_19_03_2025,-1.86,8.18,-4.70,0.00,-0.00,-0.00
-8707,2.93,-66193,7.29,564,2,32594,09_44_10_19_03_2025,-1.87,8.18,-4.70,0.00,-0.00,0.00
-8566,2.92,-65729,7.25,564,2,32684,09_44_10_19_03_2025,-1.86,8.18,-4.71,0.00,-0.00,0.00
-8715,2.93,-66154,7.28,564,2,32728,09_44_10_19_03_2025,-1.86,8.18,-4.71,0.00,-0.00,-0.00
-8607,2.92,-66137,7.28,565,2,32791,09_44_10_19_03_2025,-1.87,8.17,-4.71,0.00,-0.00,0.00
-8714,2.93,-65892,7.26,564,2,32881,09_44_10_19_03_2025,-1.86,8.18,-4.70,0.00,-0.00,0.00
-8365,2.91,-66751,7.33,564,2,32924,09_44_10_19_03_2025,-1.86,8.18,-4.70,0.00,-0.00,-0.00
-8636,2.93,-66670,7.32,565,2,32986,09_44_10_19_03_2025,-1.86,8.18,-4.70,0.01,-0.00,-0.00
-8487,2.92,-66536,7.31,565,2,33028,09_44_10_19_03_2025,-1.86,8.18,-4.70,0.00,-0.00,0.00
-8537,2.92,-66684,7.32,565,2,33094,09_44_10_19_03_2025,-1.87,8.17,-4.70,0.00,-0.00,-0.00
-8663,2.93,-65933,7.27,564,2,33183,09_44_10_19_03_2025,-1.85,8.18,-4.70,0.00,-0.00,-0.00
-8470,2.91,-66114,7.28,565,2,33225,09_44_10_19_03_2025,-1.86,8.18,-4.70,0.01,-0.00,-0.00
-8420,2.91,-65920,7.27,564,2,33288,09_44_10_19_03_2025,-1.87,8.18,-4.71,0.01,-0.00,-0.00
-8514,2.92,-65219,7.21,565,2,33379,09_44_10_19_03_2025,-1.87,8.17,-4.69,0.00,-0.00,-0.00
-8496,2.92,-65375,7.23,564,2,33422,09_44_11_19_03_2025,-1.86,8.16,-4.69,0.00,-0.00,-0.00
-8598,2.92,-65593,7.24,565,2,33486,09_44_11_19_03_2025,-1.87,8.18,-4.70,0.00,-0.00,-0.00
-8547,2.92,-65449,7.23,565,2,33576,09_44_11_19_03_2025,-1.86,8.18,-4.69,0.01,-0.00,-0.00
-8430,2.91,-65467,7.23,564,2,33618,09_44_11_19_03_2025,-1.87,8.17,-4.71,0.00,-0.00,0.00
-8230,2.90,-65164,7.21,564,2,33682,09_44_11_19_03_2025,-1.87,8.18,-4.70,0.00,-0.00,0.00
-8522,2.92,-65563,7.24,564,2,33771,09_44_11_19_03_2025,-1.86,8.17,-4.70,0.00,-0.00,0.00
-8544,2.92,-65961,7.27,564,2,33814,09_44_11_19_03_2025,-1.86,8.17,-4.70,0.00,-0.00,-0.00
-8404,2.91,-66009,7.27,564,2,33878,09_44_11_19_03_2025,-1.86,8.17,-4.70,0.01,-0.00,0.00
-8461,2.91,-65532,7.24,565,2,33968,09_44_11_19_03_2025,-1.86,8.17,-4.70,0.00,-0.00,-0.00
-8602,2.92,-64639,7.17,565,2,34010,09_44_11_19_03_2025,-1.87,8.17,-4.69,0.00,-0.00,0.00
-8462,2.91,-64474,7.16,565,2,34074,09_44_11_19_03_2025,-1.86,8.17,-4.70,0.00,-0.00,0.00
-8608,2.92,-64857,7.19,565,2,34165,09_44_11_19_03_2025,-1.87,8.18,-4.71,0.00,-0.00,0.00
-8623,2.93,-64819,7.18,564,2,34214,09_44_11_19_03_2025,-1.87,8.18,-4.70,0.00,-0.00,-0.00
-8645,2.93,-64629,7.17,565,2,34271,09_44_11_19_03_2025,-1.87,8.18,-4.70,0.00,-0.00,-0.00
-8324,2.90,-64504,7.16,565,2,34313,09_44_11_19_03_2025,-1.87,8.17,-4.70,0.00,-0.00,0.00
-8657,2.93,-64172,7.13,564,2,34376,09_44_11_19_03_2025,-1.86,8.18,-4.70,0.00,-0.00,0.00
-8568,2.92,-63904,7.11,564,2,34467,09_44_12_19_03_2025,-1.87,8.18,-4.70,0.00,-0.00,-0.00
-8288,2.90,-63951,7.12,565,2,34512,09_44_12_19_03_2025,-1.87,8.18,-4.71,0.00,-0.00,-0.00
-8665,2.93,-63292,7.07,564,2,34573,09_44_12_19_03_2025,-1.86,8.17,-4.71,0.00,-0.00,0.00
-8623,2.93,-61637,6.94,564,2,34663,09_44_12_19_03_2025,-1.85,8.17,-4.70,0.00,-0.00,0.00
-8464,2.91,-59793,6.80,565,2,34705,09_44_12_19_03_2025,-1.86,8.18,-4.70,0.00,-0.00,-0.00
-8398,2.91,-59730,6.80,564,2,34769,09_44_12_19_03_2025,-1.87,8.16,-4.70,0.00,-0.00,-0.00
-8703,2.93,-59752,6.80,565,2,34860,09_44_12_19_03_2025,-1.86,8.17,-4.70,0.00,-0.00,0.00
-8571,2.92,-59527,6.78,564,2,34903,09_44_12_19_03_2025,-1.87,8.17,-4.71,0.00,-0.00,-0.00
-8388,2.91,-59038,6.75,564,2,34966,09_44_12_19_03_2025,-1.86,8.17,-4.69,0.00,-0.00,0.00
-8519,2.92,-58696,6.72,564,2,35055,09_44_12_19_03_2025,-1.86,8.16,-4.69,0.00,-0.00,-0.00
-8640,2.93,-59024,6.74,564,2,35097,09_44_12_19_03_2025,-1.86,8.17,-4.71,0.00,-0.00,-0.00
-8435,2.91,-59240,6.76,565,2,35162,09_44_12_19_03_2025,-1.86,8.18,-4.70,0.00,-0.00,-0.00
-8412,2.91,-58730,6.72,564,2,35253,09_44_12_19_03_2025,-1.87,8.18,-4.70,0.00,-0.00,0.00
-8500,2.92,-57676,6.64,564,2,35295,09_44_12_19_03_2025,-1.87,8.17,-4.69,0.00,-0.00,0.00
-8516,2.92,-56796,6.58,565,2,35358,09_44_12_19_03_2025,-1.87,8.16,-4.70,0.00,-0.00,-0.00
-8696,2.93,-54561,6.41,565,2,35450,09_44_13_19_03_2025,-1.87,8.18,-4.69,0.00,-0.00,-0.00
-8497,2.92,-40811,5.36,564,2,35493,09_44_13_19_03_2025,-1.86,8.17,-4.70,0.00,-0.00,-0.00
-8558,2.92,-31169,4.63,565,2,35555,09_44_13_19_03_2025,-1.87,8.18,-4.71,0.00,-0.00,0.00
-8736,2.93,-19398,3.74,564,2,35598,09_44_13_19_03_2025,-1.88,8.18,-4.71,0.00,-0.00,0.00
-8436,2.91,-14183,3.35,565,2,35661,09_44_13_19_03_2025,-1.86,8.18,-4.70,0.00,-0.00,-0.00
-8370,2.91,-9904,3.02,564,2,35751,09_44_13_19_03_2025,-1.87,8.18,-4.70,0.00,-0.00,-0.00
-8552,2.92,-5811,2.71,562,2,35794,09_44_13_19_03_2025,-1.86,8.18,-4.69,0.00,-0.00,-0.00
-8180,2.89,-4024,2.58,565,2,35857,09_44_13_19_03_2025,-1.87,8.17,-4.70,0.00,-0.00,0.00
-8306,2.90,-2975,2.50,564,2,35948,09_44_13_19_03_2025,-1.86,8.17,-4.70,0.00,-0.00,0.00
-8445,2.91,-2384,2.45,565,2,35990,09_44_13_19_03_2025,-1.87,8.17,-4.69,0.00,-0.00,0.00
-8464,2.91,-1903,2.42,564,2,36053,09_44_13_19_03_2025,-1.87,8.17,-4.70,0.00,-0.00,0.00
-8436,2.91,-1895,2.42,565,2,36143,09_44_13_19_03_2025,-1.86,8.16,-4.69,0.00,-0.00,-0.00
-8654,2.93,-1539,2.39,565,2,36186,09_44_13_19_03_2025,-1.86,8.16,-4.70,0.00,-0.00,-0.00
-8607,2.92,-1318,2.37,565,2,36250,09_44_13_19_03_2025,-1.87,8.17,-4.70,0.00,-0.00,0.00
-8718,2.93,-1244,2.37,565,2,36340,09_44_13_19_03_2025,-1.86,8.17,-4.70,0.00,-0.00,-0.00
-8655,2.93,-922,2.34,564,2,36384,09_44_14_19_03_2025,-1.86,8.18,-4.70,0.00,-0.00,-0.00
-8673,2.93,-883,2.34,564,2,36446,09_44_14_19_03_2025,-1.87,8.18,-4.70,0.00,-0.00,-0.00
-8608,2.92,-334,2.30,565,2,36536,09_44_14_19_03_2025,-1.87,8.17,-4.71,0.01,-0.00,-0.00
-8729,2.93,638,2.22,565,2,36579,09_44_14_19_03_2025,-1.86,8.17,-4.69,0.00,-0.00,0.00
-8618,2.93,1132,2.19,565,2,36642,09_44_14_19_03_2025,-1.86,8.16,-4.70,0.00,-0.00,-0.00
-8595,2.92,1594,2.15,565,2,36733,09_44_14_19_03_2025,-1.87,8.17,-4.70,0.01,-0.00,0.00
-8366,2.91,1553,2.16,565,2,36775,09_44_14_19_03_2025,-1.87,8.19,-4.70,0.01,-0.00,-0.00
-8520,2.92,1723,2.14,564,2,36839,09_44_14_19_03_2025,-1.87,8.18,-4.71,0.00,-0.00,0.00
-8481,2.92,1599,2.15,564,2,36882,09_44_14_19_03_2025,-1.86,8.18,-4.70,0.00,-0.00,0.00
-8652,2.93,1627,2.15,564,2,36946,09_44_14_19_03_2025,-1.87,8.17,-4.71,0.00,-0.00,0.00
-8474,2.91,1740,2.14,565,2,37035,09_44_14_19_03_2025,-1.86,8.18,-4.69,0.00,-0.00,0.00
-8621,2.93,1559,2.15,565,2,37077,09_44_14_19_03_2025,-1.86,8.17,-4.71,0.00,-0.00,-0.00
-8535,2.92,1895,2.13,564,2,37142,09_44_14_19_03_2025,-1.86,8.17,-4.70,0.00,-0.00,-0.00
-8342,2.90,1687,2.14,564,2,37232,09_44_14_19_03_2025,-1.86,8.17,-4.71,0.00,-0.00,-0.00
-8476,2.91,1475,2.16,565,2,37275,09_44_14_19_03_2025,-1.87,8.18,-4.71,0.00,-0.00,-0.00
-8585,2.92,1750,2.14,565,2,37337,09_44_14_19_03_2025,-1.86,8.16,-4.70,0.00,-0.00,0.00
-8633,2.93,1635,2.15,565,2,37428,09_44_14_19_03_2025,-1.86,8.18,-4.70,0.00,-0.00,0.00
-8528,2.92,1611,2.15,565,2,37470,09_44_15_19_03_2025,-1.86,8.17,-4.70,0.00,-0.00,0.00
-8537,2.92,1574,2.15,565,2,37535,09_44_15_19_03_2025,-1.86,8.17,-4.70,0.00,-0.00,0.00
-8594,2.92,1713,2.14,564,2,37625,09_44_15_19_03_2025,-1.86,8.18,-4.71,0.00,-0.00,0.00
-8405,2.91,940,2.20,564,2,37667,09_44_15_19_03_2025,-1.86,8.18,-4.70,0.00,-0.00,0.00
-8031,2.88,1162,2.18,564,2,37730,09_44_15_19_03_2025,-1.87,8.18,-4.70,0.00,-0.00,0.00
-7942,2.87,1867,2.13,565,2,37820,09_44_15_19_03_2025,-1.86,8.17,-4.70,0.01,-0.00,-0.00
-8000,2.88,1658,2.15,565,2,37862,09_44_15_19_03_2025,-1.86,8.18,-4.71,0.00,-0.00,0.00
-9014,2.96,1659,2.15,564,2,37927,09_44_15_19_03_2025,-1.86,8.17,-4.71,0.00,-0.00,-0.00
-10860,3.10,1534,2.16,565,2,38018,09_44_15_19_03_2025,-1.86,8.17,-4.72,0.01,-0.00,-0.00
-12054,3.19,1902,2.13,564,2,38060,09_44_15_19_03_2025,-1.87,8.18,-4.69,0.00,-0.00,0.00
-12150,3.19,1868,2.13,565,2,38123,09_44_15_19_03_2025,-1.87,8.19,-4.69,0.00,-0.00,0.00
-9413,2.99,1165,2.18,565,2,38179,09_44_15_19_03_2025,-1.85,8.17,-4.68,0.01,-0.00,0.00
-10038,3.03,1075,2.19,565,2,38230,09_44_15_19_03_2025,-1.86,8.16,-4.71,0.01,-0.00,-0.00
-10738,3.09,1180,2.18,565,2,38320,09_44_15_19_03_2025,-1.86,8.18,-4.70,0.00,-0.00,0.00
-11158,3.12,901,2.20,564,2,38364,09_44_15_19_03_2025,-1.86,8.16,-4.69,0.00,-0.00,0.00
-11612,3.15,964,2.20,564,2,38426,09_44_16_19_03_2025,-1.87,8.17,-4.70,0.00,-0.00,0.00
-11848,3.17,671,2.22,565,2,38515,09_44_16_19_03_2025,-1.86,8.19,-4.70,0.01,-0.00,-0.00
-11511,3.14,573,2.23,565,2,38560,09_44_16_19_03_2025,-1.87,8.16,-4.71,0.00,0.00,-0.00
-11785,3.17,968,2.20,564,2,38623,09_44_16_19_03_2025,-1.87,8.17,-4.70,0.00,0.00,-0.00
-12101,3.19,1461,2.16,564,2,38712,09_44_16_19_03_2025,-1.86,8.18,-4.71,0.00,-0.00,-0.00
-11315,3.13,1499,2.16,564,2,38756,09_44_16_19_03_2025,-1.87,8.18,-4.70,0.01,-0.00,-0.00
-11292,3.13,1401,2.17,565,2,38819,09_44_16_19_03_2025,-1.85,8.18,-4.70,0.00,-0.00,0.00
-11899,3.17,1444,2.16,564,2,38908,09_44_16_19_03_2025,-1.87,8.18,-4.70,0.00,-0.00,0.00
-10530,3.07,928,2.20,564,2,38953,09_44_16_19_03_2025,-1.86,8.17,-4.71,0.00,-0.00,0.00
-10477,3.07,1225,2.18,564,2,39015,09_44_16_19_03_2025,-1.87,8.15,-4.71,0.00,-0.00,0.00
-10234,3.05,1361,2.17,564,2,39105,09_44_16_19_03_2025,-1.86,8.17,-4.72,0.00,-0.00,0.00
-11018,3.11,1442,2.16,564,2,39149,09_44_16_19_03_2025,-1.85,8.17,-4.68,0.01,-0.00,-0.00
-11144,3.12,1147,2.19,565,2,39211,09_44_16_19_03_2025,-1.86,8.17,-4.70,0.01,-0.00,-0.00
-11440,3.14,1202,2.18,564,2,39303,09_44_16_19_03_2025,-1.86,8.17,-4.72,-0.00,0.03,-0.02
-11430,3.14,1542,2.16,565,2,39348,09_44_16_19_03_2025,-1.86,8.16,-4.70,0.00,0.00,0.00
-11310,3.13,1564,2.15,565,2,39407,09_44_17_19_03_2025,-1.85,8.19,-4.68,0.00,0.00,-0.00
-10634,3.08,1177,2.18,564,2,39451,09_44_17_19_03_2025,-1.86,8.17,-4.71,0.00,0.00,-0.00
-11199,3.12,1585,2.15,565,2,39513,09_44_17_19_03_2025,-1.86,8.17,-4.72,0.00,-0.00,0.00
-11601,3.15,1558,2.15,564,2,39603,09_44_17_19_03_2025,-1.86,8.17,-4.71,-0.00,-0.00,0.00
-11633,3.15,1610,2.15,564,2,39651,09_44_17_19_03_2025,-1.86,8.16,-4.72,0.01,-0.00,-0.00
-11560,3.15,1497,2.16,565,2,39710,09_44_17_19_03_2025,-1.85,8.18,-4.69,0.00,0.00,0.00
-11782,3.17,2004,2.12,565,2,39800,09_44_17_19_03_2025,-2.28,8.31,-4.35,-0.01,0.05,-0.03
-11473,3.14,1856,2.13,564,2,39845,09_44_17_19_03_2025,-1.90,8.19,-4.67,-0.03,0.13,-0.08
-11383,3.14,1941,2.13,565,2,39907,09_44_17_19_03_2025,-1.85,8.15,-4.74,-0.04,0.17,-0.10
-11054,3.11,1924,2.13,565,2,39997,09_44_17_19_03_2025,-1.82,8.19,-4.70,-0.02,0.12,-0.07
-11141,3.12,1865,2.13,565,2,40046,09_44_17_19_03_2025,-1.86,8.16,-4.70,-0.01,0.07,-0.04
-11069,3.11,1590,2.15,565,2,40103,09_44_17_19_03_2025,-1.84,8.13,-4.77,-0.02,0.10,-0.06
-10906,3.10,1632,2.15,565,2,40193,09_44_17_19_03_2025,-1.88,8.19,-4.64,-0.01,0.07,-0.04
-11122,3.12,1757,2.14,565,2,40238,09_44_17_19_03_2025,-1.87,8.17,-4.70,0.00,0.00,-0.00
-11376,3.13,1543,2.16,564,2,40299,09_44_17_19_03_2025,-1.86,8.17,-4.70,0.00,-0.00,-0.00
-11371,3.13,1652,2.15,564,2,40389,09_44_17_19_03_2025,-1.87,8.18,-4.69,0.00,-0.00,0.00
-11258,3.13,1430,2.16,565,2,40433,09_44_18_19_03_2025,-1.87,8.18,-4.70,0.00,0.00,-0.01
-11164,3.12,1363,2.17,565,2,40495,09_44_18_19_03_2025,-1.84,8.16,-4.72,0.00,0.01,-0.01
-11760,3.16,1608,2.15,565,2,40586,09_44_18_19_03_2025,-1.85,8.17,-4.73,0.00,0.00,-0.00
-10942,3.10,1350,2.17,565,2,40631,09_44_18_19_03_2025,-1.87,8.16,-4.71,0.01,-0.00,-0.00
-11046,3.11,923,2.20,565,2,40692,09_44_18_19_03_2025,-1.89,8.24,-4.59,-0.01,0.06,-0.04
-10634,3.08,1089,2.19,565,2,40739,09_44_18_19_03_2025,-1.85,8.18,-4.70,-0.00,0.00,-0.00
-10135,3.04,1628,2.15,565,2,40798,09_44_18_19_03_2025,-1.86,8.15,-4.75,-0.00,0.01,-0.01
-9963,3.03,1655,2.15,565,2,40888,09_44_18_19_03_2025,-1.86,8.17,-4.71,0.00,-0.00,0.00
-12458,3.22,2119,2.11,564,2,40933,09_44_18_19_03_2025,-1.87,8.18,-4.71,0.00,-0.00,-0.00
-10656,3.08,1705,2.14,564,2,40994,09_44_18_19_03_2025,-1.86,8.17,-4.68,0.00,-0.01,0.00
-9205,2.97,1440,2.16,564,2,41084,09_44_18_19_03_2025,-1.87,8.17,-4.70,0.00,-0.00,0.00
-8973,2.95,932,2.20,565,2,41130,09_44_18_19_03_2025,-1.86,8.18,-4.70,0.00,-0.00,0.00
-9470,2.99,1076,2.19,564,2,41190,09_44_18_19_03_2025,-1.87,8.18,-4.71,0.00,-0.00,0.00
-10726,3.09,1319,2.17,564,2,41280,09_44_18_19_03_2025,-1.87,8.18,-4.71,0.01,-0.00,-0.00
-13186,3.27,1218,2.18,564,2,41325,09_44_18_19_03_2025,-1.88,8.16,-4.70,0.01,-0.00,-0.00
-13074,3.26,1326,2.17,565,2,41387,09_44_18_19_03_2025,-1.87,8.17,-4.71,0.00,-0.00,-0.00
-11968,3.18,1141,2.19,565,2,41477,09_44_19_19_03_2025,-1.87,8.18,-4.71,0.00,-0.00,-0.00
-12144,3.19,1843,2.13,565,2,41524,09_44_19_19_03_2025,-1.87,8.20,-4.68,0.01,0.00,-0.00
-11209,3.12,1951,2.12,565,2,41583,09_44_19_19_03_2025,-1.83,8.15,-4.67,-0.02,0.10,-0.06
-10089,3.04,1889,2.13,565,2,41673,09_44_19_19_03_2025,-1.84,8.17,-4.74,-0.00,0.01,-0.01
-10715,3.08,1533,2.16,565,2,41718,09_44_19_19_03_2025,-1.84,8.17,-4.73,-0.01,0.03,-0.02
-10254,3.05,1919,2.13,565,2,41779,09_44_19_19_03_2025,-1.86,8.18,-4.68,-0.00,0.03,-0.02
-9620,3.00,1504,2.16,565,2,41870,09_44_19_19_03_2025,-1.87,8.18,-4.71,0.00,-0.00,0.00
-8701,2.93,1270,2.18,565,2,41920,09_44_19_19_03_2025,-1.87,8.17,-4.69,0.00,-0.00,0.00
-8850,2.94,1505,2.16,565,2,41976,09_44_19_19_03_2025,-1.87,8.18,-4.70,0.01,-0.00,-0.00
-11372,3.13,610,2.23,565,2,42021,09_44_19_19_03_2025,-1.86,8.18,-4.69,0.00,-0.00,0.00
-12825,3.24,801,2.21,565,2,42082,09_44_19_19_03_2025,-1.87,8.16,-4.72,0.00,-0.00,0.00
-13180,3.27,1212,2.18,564,2,42172,09_44_19_19_03_2025,-1.94,8.21,-4.62,-0.00,0.04,-0.03
-16825,3.55,812,2.21,564,2,42220,09_44_19_19_03_2025,-1.85,8.16,-4.74,-0.01,0.04,-0.03
-16589,3.53,1303,2.17,564,2,42279,09_44_19_19_03_2025,-1.87,8.16,-4.73,0.00,-0.00,0.00
-17131,3.57,1062,2.19,565,2,42369,09_44_19_19_03_2025,-1.89,8.18,-4.71,0.00,-0.00,-0.00
-17679,3.61,1075,2.19,565,2,42413,09_44_20_19_03_2025,-1.86,8.17,-4.71,0.00,-0.00,0.00
-16191,3.50,989,2.20,564,2,42474,09_44_20_19_03_2025,-1.85,8.17,-4.70,0.00,-0.00,0.00
-13566,3.30,1374,2.17,565,2,42564,09_44_20_19_03_2025,-1.87,8.17,-4.69,0.00,-0.00,0.00
-11953,3.18,1549,2.16,565,2,42612,09_44_20_19_03_2025,-1.87,8.18,-4.71,0.00,-0.00,-0.00
-11326,3.13,1800,2.14,565,2,42672,09_44_20_19_03_2025,-1.85,8.18,-4.70,0.00,-0.00,0.00
-10743,3.09,1519,2.16,565,2,42762,09_44_20_19_03_2025,-1.86,8.18,-4.71,0.00,-0.00,0.00
-11046,3.11,1565,2.15,565,2,42806,09_44_20_19_03_2025,-1.87,8.17,-4.70,0.00,-0.00,0.00
-11970,3.18,1845,2.13,564,2,42867,09_44_20_19_03_2025,-1.86,8.18,-4.71,0.00,-0.00,0.00
-11866,3.17,1691,2.14,564,2,42958,09_44_20_19_03_2025,-1.87,8.17,-4.70,0.00,-0.00,0.00
-10465,3.07,1808,2.14,565,2,43006,09_44_20_19_03_2025,-1.86,8.18,-4.70,0.00,-0.00,0.00
-10058,3.03,2055,2.12,565,2,43065,09_44_20_19_03_2025,-1.86,8.18,-4.69,0.00,-0.00,0.00
-10392,3.06,2084,2.11,565,2,43154,09_44_20_19_03_2025,-1.87,8.19,-4.70,0.00,-0.00,0.00
-10412,3.06,1788,2.14,564,2,43198,09_44_20_19_03_2025,-1.87,8.17,-4.69,0.00,-0.00,0.00
-10681,3.08,1632,2.15,564,2,43260,09_44_20_19_03_2025,-1.87,8.18,-4.70,0.00,-0.00,0.00
-10871,3.10,1536,2.16,564,2,43304,09_44_20_19_03_2025,-1.87,8.17,-4.70,0.00,-0.00,0.00
-12032,3.18,1411,2.17,565,2,43366,09_44_20_19_03_2025,-1.87,8.17,-4.71,0.01,-0.00,-0.00
-11295,3.13,1780,2.14,564,2,43456,09_44_21_19_03_2025,-1.86,8.17,-4.70,0.00,-0.01,0.00
-11617,3.15,1673,2.15,564,2,43500,09_44_21_19_03_2025,-1.86,8.17,-4.70,0.01,-0.00,-0.00
-11441,3.14,1503,2.16,564,2,43562,09_44_21_19_03_2025,-1.87,8.17,-4.70,0.00,-0.00,0.00
-10800,3.09,1643,2.15,565,2,43652,09_44_21_19_03_2025,-1.87,8.18,-4.69,0.01,-0.00,-0.00
-11813,3.17,1815,2.14,565,2,43699,09_44_21_19_03_2025,-1.86,8.17,-4.70,0.01,-0.00,0.00
-11723,3.16,1635,2.15,564,2,43760,09_44_21_19_03_2025,-1.86,8.18,-4.70,0.00,-0.00,0.00
-11343,3.13,1512,2.16,564,2,43849,09_44_21_19_03_2025,-1.87,8.17,-4.70,0.00,-0.00,-0.00
-11759,3.16,1781,2.14,564,2,43893,09_44_21_19_03_2025,-1.87,8.18,-4.70,0.00,-0.00,-0.00
-11863,3.17,1555,2.15,564,2,43955,09_44_21_19_03_2025,-1.87,8.17,-4.70,0.00,-0.00,0.00
-12067,3.19,1620,2.15,565,2,44045,09_44_21_19_03_2025,-1.86,8.17,-4.71,0.00,-0.00,-0.00
-12445,3.22,1563,2.15,565,2,44093,09_44_21_19_03_2025,-1.86,8.17,-4.70,0.00,-0.00,-0.00
-12297,3.20,1564,2.15,565,2,44151,09_44_21_19_03_2025,-1.86,8.17,-4.69,0.00,-0.00,0.00
-14002,3.33,1216,2.18,564,2,44242,09_44_21_19_03_2025,-1.86,8.18,-4.70,0.00,-0.00,-0.00
-12797,3.24,1196,2.18,564,2,44286,09_44_21_19_03_2025,-1.86,8.18,-4.68,0.00,-0.00,0.00
-12685,3.23,1022,2.20,565,2,44349,09_44_21_19_03_2025,-1.87,8.17,-4.71,0.00,-0.00,-0.00
-11851,3.17,1469,2.16,565,2,44439,09_44_22_19_03_2025,-1.87,8.18,-4.71,0.00,-0.00,0.00
-12774,3.24,1465,2.16,565,2,44486,09_44_22_19_03_2025,-1.86,8.18,-4.70,0.01,-0.00,-0.00
-13279,3.28,1602,2.15,565,2,44544,09_44_22_19_03_2025,-1.86,8.16,-4.69,0.00,-0.00,0.00
-13727,3.31,1441,2.16,564,2,44588,09_44_22_19_03_2025,-1.88,8.17,-4.69,0.00,-0.00,0.00
-13604,3.30,1427,2.16,565,2,44651,09_44_22_19_03_2025,-1.86,8.18,-4.71,0.00,-0.00,-0.00
-14220,3.35,1477,2.16,565,2,44741,09_44_22_19_03_2025,-1.88,8.18,-4.70,0.00,-0.00,-0.00
-12768,3.24,1600,2.15,565,2,44785,09_44_22_19_03_2025,-1.87,8.18,-4.71,0.00,-0.00,-0.00
-12341,3.21,1452,2.16,565,2,44846,09_44_22_19_03_2025,-1.86,8.17,-4.70,0.00,-0.00,-0.00
-12264,3.20,1690,2.14,564,2,44936,09_44_22_19_03_2025,-1.87,8.17,-4.69,0.00,-0.00,0.00
-12638,3.23,1563,2.15,564,2,44982,09_44_22_19_03_2025,-1.87,8.18,-4.70,0.00,-0.00,-0.00
-11971,3.18,1430,2.16,565,2,45044,09_44_22_19_03_2025,-1.86,8.18,-4.70,0.00,-0.00,0.00
-13363,3.29,1451,2.16,564,2,45134,09_44_22_19_03_2025,-1.86,8.17,-4.70,0.01,-0.00,0.00
-14546,3.37,1598,2.15,565,2,45178,09_44_22_19_03_2025,-1.85,8.16,-4.71,0.00,0.00,-0.00
-14488,3.37,1558,2.15,565,2,45240,09_44_22_19_03_2025,-1.86,8.18,-4.71,0.00,-0.00,-0.00
-13678,3.31,1451,2.16,565,2,45329,09_44_22_19_03_2025,-1.87,8.17,-4.70,0.00,-0.00,-0.00
-14140,3.34,1166,2.18,565,2,45374,09_44_22_19_03_2025,-1.86,8.18,-4.71,0.00,-0.00,-0.00
-14936,3.40,1426,2.16,565,2,45437,09_44_23_19_03_2025,-1.85,8.18,-4.71,0.00,-0.00,-0.00
-14400,3.36,1198,2.18,565,2,45526,09_44_23_19_03_2025,-1.86,8.17,-4.71,0.00,-0.00,0.00
-13664,3.31,1314,2.17,565,2,45572,09_44_23_19_03_2025,-1.86,8.18,-4.72,0.00,-0.00,0.00
-13469,3.29,1386,2.17,564,2,45632,09_44_23_19_03_2025,-1.86,8.17,-4.71,0.00,-0.00,0.00
-12946,3.25,1700,2.14,564,2,45723,09_44_23_19_03_2025,-1.86,8.17,-4.71,0.00,-0.00,-0.00
-15192,3.42,1518,2.16,565,2,45768,09_44_23_19_03_2025,-1.87,8.18,-4.70,0.00,-0.00,0.00
-15174,3.42,1455,2.16,565,2,45829,09_44_23_19_03_2025,-1.87,8.18,-4.70,0.00,-0.00,0.00
-15813,3.47,1201,2.18,564,2,45873,09_44_23_19_03_2025,-1.85,8.17,-4.70,0.00,-0.00,-0.00
-14788,3.39,992,2.20,565,2,45935,09_44_23_19_03_2025,-1.86,8.17,-4.71,0.00,-0.00,0.00
-14547,3.37,987,2.20,562,2,46025,09_44_23_19_03_2025,-1.87,8.19,-4.70,0.00,-0.00,0.00
-12470,3.22,1281,2.18,565,2,46070,09_44_23_19_03_2025,-1.86,8.16,-4.68,0.00,-0.00,0.00
-13130,3.27,1381,2.17,565,2,46132,09_44_23_19_03_2025,-1.86,8.18,-4.71,0.01,-0.00,-0.00
-13173,3.27,1361,2.17,565,2,46220,09_44_23_19_03_2025,-1.87,8.17,-4.69,0.00,-0.00,-0.00
-16326,3.51,756,2.22,565,2,46264,09_44_23_19_03_2025,-1.86,8.18,-4.70,0.00,-0.00,-0.00
-17424,3.59,939,2.20,564,2,46327,09_44_23_19_03_2025,-1.86,8.18,-4.70,0.01,0.00,-0.00
-15321,3.43,1232,2.18,565,2,46417,09_44_23_19_03_2025,-1.86,8.18,-4.70,0.00,-0.00,-0.00
-14009,3.33,1126,2.19,564,2,46462,09_44_24_19_03_2025,-1.86,8.18,-4.70,0.01,-0.00,-0.00
-13890,3.33,1047,2.19,564,2,46524,09_44_24_19_03_2025,-1.86,8.18,-4.70,0.00,-0.00,0.00
-14719,3.39,928,2.20,565,2,46614,09_44_24_19_03_2025,-1.85,8.17,-4.70,0.00,-0.00,-0.00
-13830,3.32,1021,2.20,564,2,46658,09_44_24_19_03_2025,-1.86,8.18,-4.71,0.01,-0.00,-0.00
-14060,3.34,1094,2.19,564,2,46720,09_44_24_19_03_2025,-1.89,8.19,-4.72,0.01,0.01,-0.01
-14179,3.35,887,2.21,565,2,46811,09_44_24_19_03_2025,-1.87,8.16,-4.71,0.00,-0.00,-0.00
-13784,3.32,698,2.22,564,2,46855,09_44_24_19_03_2025,-1.86,8.18,-4.71,0.00,-0.00,-0.00
-14159,3.35,497,2.24,565,2,46916,09_44_24_19_03_2025,-1.86,8.18,-4.70,0.00,-0.00,-0.00
-14979,3.41,473,2.24,565,2,47008,09_44_24_19_03_2025,-1.87,8.17,-4.72,0.00,-0.00,-0.00
-13733,3.31,1040,2.19,565,2,47052,09_44_24_19_03_2025,-2.02,8.20,-4.60,-0.01,0.03,-0.02
-13617,3.30,1088,2.19,564,2,47114,09_44_24_19_03_2025,-1.87,8.17,-4.71,-0.01,0.07,-0.04
-14149,3.34,693,2.22,565,2,47158,09_44_24_19_03_2025,-1.85,8.18,-4.71,0.00,0.00,-0.00
-14726,3.39,763,2.21,564,2,47218,09_44_24_19_03_2025,-1.86,8.17,-4.70,0.00,-0.00,-0.00
-16060,3.49,501,2.23,565,2,47309,09_44_24_19_03_2025,-1.88,8.25,-4.61,0.00,0.00,-0.00
-17202,3.58,892,2.21,565,2,47354,09_44_24_19_03_2025,-1.86,8.17,-4.70,0.00,-0.00,0.00
-17182,3.57,1392,2.17,565,2,47415,09_44_25_19_03_2025,-1.86,8.18,-4.71,0.00,0.01,-0.01
-16616,3.53,1754,2.14,564,2,47506,09_44_25_19_03_2025,-1.85,8.18,-4.70,0.00,0.00,-0.00
-17776,3.62,2173,2.11,565,2,47553,09_44_25_19_03_2025,-1.87,8.17,-4.69,0.00,0.00,-0.00
-19170,3.72,1941,2.13,564,2,47611,09_44_25_19_03_2025,-1.86,8.16,-4.70,0.00,-0.00,0.00
-21699,3.92,1484,2.16,565,2,47701,09_44_25_19_03_2025,-1.87,8.17,-4.71,0.00,-0.00,-0.00
-25847,4.23,1256,2.18,565,2,47746,09_44_25_19_03_2025,-1.87,8.17,-4.70,0.00,-0.00,0.00
-29353,4.50,1229,2.18,565,2,47809,09_44_25_19_03_2025,-1.86,8.16,-4.70,0.00,-0.00,0.00
-35097,4.93,891,2.21,564,2,47898,09_44_25_19_03_2025,-1.85,8.18,-4.70,0.00,-0.00,-0.00
-45129,5.69,569,2.23,564,2,47942,09_44_25_19_03_2025,-1.86,8.17,-4.71,0.00,-0.00,0.00
-49451,6.02,626,2.23,565,2,48004,09_44_25_19_03_2025,-1.86,8.17,-4.69,0.00,-0.00,-0.00
-54698,6.42,430,2.24,565,2,48094,09_44_25_19_03_2025,-1.87,8.16,-4.70,0.00,-0.00,0.00
-62207,6.99,652,2.22,565,2,48139,09_44_25_19_03_2025,-1.87,8.18,-4.70,0.00,-0.00,0.00
-65229,7.21,571,2.23,565,2,48201,09_44_25_19_03_2025,-1.87,8.18,-4.71,0.00,-0.00,-0.00
-69465,7.54,663,2.22,565,2,48291,09_44_25_19_03_2025,-1.87,8.17,-4.69,0.01,-0.00,-0.00
-71855,7.72,240,2.25,564,2,48335,09_44_25_19_03_2025,-1.86,8.17,-4.71,0.00,-0.00,-0.00
-72282,7.75,311,2.25,565,2,48397,09_44_25_19_03_2025,-1.87,8.17,-4.70,0.00,-0.00,-0.00
-72864,7.79,34,2.27,564,2,48442,09_44_26_19_03_2025,-1.86,8.18,-4.71,0.00,-0.00,0.00
-73432,7.84,310,2.25,565,2,48504,09_44_26_19_03_2025,-1.87,8.17,-4.69,0.00,-0.00,0.00
-73824,7.87,386,2.24,564,2,48593,09_44_26_19_03_2025,-1.86,8.17,-4.71,0.00,-0.00,-0.00
-74674,7.93,275,2.25,564,2,48637,09_44_26_19_03_2025,-1.86,8.17,-4.70,0.00,-0.00,-0.00
-75006,7.95,368,2.24,565,2,48699,09_44_26_19_03_2025,-1.86,8.17,-4.70,0.00,-0.00,0.00
-74690,7.93,210,2.26,564,2,48790,09_44_26_19_03_2025,-1.86,8.17,-4.70,0.00,-0.00,-0.00
-74273,7.90,177,2.26,564,2,48835,09_44_26_19_03_2025,-1.87,8.17,-4.70,0.00,-0.00,0.00
-74002,7.88,425,2.24,565,2,48896,09_44_26_19_03_2025,-1.87,8.17,-4.71,0.00,-0.00,0.00
-73465,7.84,71,2.27,565,2,48985,09_44_26_19_03_2025,-1.87,8.17,-4.71,0.00,-0.00,-0.00
-71981,7.73,148,2.26,564,2,49029,09_44_26_19_03_2025,-1.87,8.18,-4.69,0.00,-0.00,0.00
-71871,7.72,192,2.26,565,2,49092,09_44_26_19_03_2025,-1.87,8.17,-4.71,0.00,-0.00,0.00
-70885,7.64,436,2.24,564,2,49182,09_44_26_19_03_2025,-1.86,8.18,-4.70,0.00,-0.00,0.00
-69506,7.54,-232,2.29,565,2,49227,09_44_26_19_03_2025,-1.86,8.17,-4.70,0.00,-0.00,-0.00
-68236,7.44,-17,2.27,565,2,49288,09_44_26_19_03_2025,-1.86,8.17,-4.71,0.00,-0.00,-0.00
-67418,7.38,268,2.25,564,2,49379,09_44_26_19_03_2025,-1.87,8.18,-4.71,0.00,-0.00,0.00
-67610,7.39,721,2.22,565,2,49423,09_44_27_19_03_2025,-1.87,8.18,-4.70,0.00,-0.00,-0.00
-67310,7.37,645,2.22,565,2,49484,09_44_27_19_03_2025,-1.85,8.18,-4.70,0.00,-0.00,-0.00
-67234,7.37,641,2.22,565,2,49576,09_44_27_19_03_2025,-1.86,8.17,-4.70,0.00,-0.00,-0.00
-66992,7.35,747,2.22,565,2,49620,09_44_27_19_03_2025,-1.86,8.17,-4.71,0.00,-0.00,0.00
-66874,7.34,718,2.22,565,2,49681,09_44_27_19_03_2025,-1.87,8.18,-4.70,0.00,-0.00,0.00
-67291,7.37,652,2.22,565,2,49728,09_44_27_19_03_2025,-1.86,8.18,-4.69,0.00,-0.00,0.00
-67868,7.41,388,2.24,565,2,49788,09_44_27_19_03_2025,-1.87,8.18,-4.70,0.00,-0.00,0.00
-68155,7.44,617,2.23,565,2,49878,09_44_27_19_03_2025,-1.86,8.18,-4.70,0.00,-0.00,-0.00
-68477,7.46,632,2.22,564,2,49922,09_44_27_19_03_2025,-1.86,8.17,-4.70,0.00,-0.00,-0.00
-68903,7.49,490,2.24,565,2,49984,09_44_27_19_03_2025,-1.86,8.17,-4.70,0.00,-0.00,0.00
-69474,7.54,276,2.25,565,2,50073,09_44_27_19_03_2025,-1.87,8.18,-4.70,0.01,-0.00,0.00
-70016,7.58,485,2.24,565,2,50116,09_44_27_19_03_2025,-1.87,8.18,-4.69,0.00,-0.00,0.00
-70146,7.59,466,2.24,565,2,50181,09_44_27_19_03_2025,-1.85,8.17,-4.69,0.00,-0.00,-0.00
-69997,7.58,447,2.24,565,2,50270,09_44_27_19_03_2025,-1.86,8.17,-4.69,0.00,-0.00,-0.00
-69179,7.51,514,2.23,565,2,50314,09_44_27_19_03_2025,-1.86,8.17,-4.70,0.00,-0.00,0.00
-68851,7.49,803,2.21,564,2,50376,09_44_27_19_03_2025,-1.86,8.18,-4.70,0.00,-0.00,0.00
-69078,7.51,488,2.24,564,2,50467,09_44_28_19_03_2025,-1.87,8.17,-4.70,0.00,-0.00,0.00
-69279,7.52,456,2.24,565,2,50512,09_44_28_19_03_2025,-1.86,8.16,-4.70,0.00,-0.00,0.00
-68989,7.50,534,2.23,564,2,50573,09_44_28_19_03_2025,-1.86,8.18,-4.71,0.00,-0.00,0.00
-68799,7.48,563,2.23,565,2,50663,09_44_28_19_03_2025,-1.86,8.18,-4.70,0.00,-0.00,0.00
-69196,7.51,535,2.23,565,2,50707,09_44_28_19_03_2025,-1.87,8.17,-4.70,0.00,-0.00,0.00
-69699,7.55,535,2.23,565,2,50769,09_44_28_19_03_2025,-1.86,8.17,-4.70,0.00,-0.00,-0.00
-70391,7.61,568,2.23,565,2,50860,09_44_28_19_03_2025,-1.87,8.17,-4.70,0.00,-0.00,-0.00
-69790,7.56,680,2.22,565,2,50905,09_44_28_19_03_2025,-1.86,8.18,-4.70,0.00,-0.00,0.00
-69496,7.54,552,2.23,565,2,50965,09_44_28_19_03_2025,-1.85,8.17,-4.70,0.00,-0.00,0.00
-69386,7.53,605,2.23,564,2,51009,09_44_28_19_03_2025,-1.86,8.17,-4.70,0.00,-0.00,0.00
-69459,7.53,658,2.22,565,2,51072,09_44_28_19_03_2025,-1.86,8.18,-4.69,0.00,-0.00,0.00
-69639,7.55,558,2.23,564,2,51161,09_44_28_19_03_2025,-1.87,8.18,-4.70,0.00,-0.00,-0.00
-68829,7.49,317,2.25,564,2,51210,09_44_28_19_03_2025,-1.86,8.17,-4.71,0.00,-0.00,0.00
-69283,7.52,516,2.23,564,2,51268,09_44_28_19_03_2025,-1.86,8.17,-4.70,0.00,-0.00,0.00
-69647,7.55,324,2.25,564,2,51358,09_44_28_19_03_2025,-1.86,8.18,-4.69,0.00,-0.00,0.00
-69995,7.58,567,2.23,564,2,51402,09_44_29_19_03_2025,-1.87,8.18,-4.69,0.00,-0.00,0.00
-69739,7.56,483,2.24,563,2,51464,09_44_29_19_03_2025,-1.86,8.18,-4.72,0.00,-0.00,-0.00
-68058,7.43,619,2.23,564,2,51555,09_44_29_19_03_2025,-1.86,8.17,-4.71,0.00,-0.00,-0.00
-65291,7.22,677,2.22,565,2,51602,09_44_29_19_03_2025,-1.86,8.18,-4.69,0.00,-0.00,0.00
-64811,7.18,550,2.23,564,2,51660,09_44_29_19_03_2025,-1.87,8.17,-4.70,0.00,-0.00,-0.00
-64737,7.18,529,2.23,565,2,51751,09_44_29_19_03_2025,-1.86,8.18,-4.70,0.00,-0.00,0.00
-63939,7.12,421,2.24,564,2,51795,09_44_29_19_03_2025,-1.85,8.16,-4.70,0.00,-0.00,0.00
-64059,7.13,676,2.22,565,2,51857,09_44_29_19_03_2025,-1.86,8.18,-4.71,0.00,-0.00,0.00
-64787,7.18,613,2.23,564,2,51947,09_44_29_19_03_2025,-1.85,8.18,-4.69,0.00,-0.00,-0.00
-64354,7.15,416,2.24,565,2,51994,09_44_29_19_03_2025,-1.87,8.17,-4.71,0.01,-0.00,-0.00
-63439,7.08,630,2.22,564,2,52053,09_44_29_19_03_2025,-1.87,8.19,-4.70,0.00,-0.00,-0.00
-61801,6.95,517,2.23,565,2,52144,09_44_29_19_03_2025,-1.86,8.17,-4.70,0.00,-0.00,0.00
-60951,6.89,596,2.23,565,2,52189,09_44_29_19_03_2025,-1.86,8.17,-4.70,0.00,-0.00,0.00
-61101,6.90,323,2.25,564,2,52250,09_44_29_19_03_2025,-1.87,8.18,-4.69,0.00,-0.00,-0.00
-60700,6.87,467,2.24,565,2,52294,09_44_29_19_03_2025,-1.86,8.17,-4.70,0.00,-0.00,-0.00
-60306,6.84,397,2.24,565,2,52355,09_44_29_19_03_2025,-1.86,8.17,-4.70,0.00,-0.00,0.00
-60297,6.84,448,2.24,565,2,52447,09_44_30_19_03_2025,-1.86,8.17,-4.70,0.00,-0.00,0.00
-59302,6.77,771,2.21,564,2,52492,09_44_30_19_03_2025,-1.85,8.18,-4.70,0.00,-0.00,0.00
-59144,6.75,570,2.23,565,2,52553,09_44_30_19_03_2025,-1.86,8.17,-4.69,0.00,-0.00,-0.00
-59529,6.78,678,2.22,565,2,52643,09_44_30_19_03_2025,-1.86,8.18,-4.70,0.00,-0.00,0.00
-59505,6.78,385,2.24,565,2,52687,09_44_30_19_03_2025,-1.86,8.17,-4.72,0.00,-0.00,-0.00
-59394,6.77,346,2.25,564,2,52749,09_44_30_19_03_2025,-1.86,8.18,-4.70,0.00,-0.00,0.00
-59567,6.79,914,2.20,565,2,52839,09_44_30_19_03_2025,-1.86,8.17,-4.71,0.00,-0.00,-0.00
-58986,6.74,620,2.23,564,2,52884,09_44_30_19_03_2025,-1.86,8.18,-4.70,0.00,-0.00,0.00
-58824,6.73,517,2.23,564,2,52946,09_44_30_19_03_2025,-1.86,8.17,-4.71,0.00,-0.00,-0.00
-59175,6.76,548,2.23,564,2,53035,09_44_30_19_03_2025,-1.86,8.17,-4.71,0.00,-0.00,0.00
-59358,6.77,833,2.21,565,2,53082,09_44_30_19_03_2025,-1.87,8.18,-4.69,0.00,-0.00,0.00
-59079,6.75,649,2.22,565,2,53141,09_44_30_19_03_2025,-1.86,8.17,-4.70,0.01,-0.00,-0.00
-59408,6.77,451,2.24,565,2,53231,09_44_30_19_03_2025,-1.86,8.17,-4.70,0.00,-0.00,0.00
-60088,6.82,417,2.24,565,2,53276,09_44_30_19_03_2025,-1.87,8.18,-4.70,0.00,-0.00,0.00
-60957,6.89,760,2.22,564,2,53338,09_44_30_19_03_2025,-1.85,8.17,-4.69,0.00,-0.00,-0.00
-61264,6.91,390,2.24,565,2,53429,09_44_30_19_03_2025,-1.87,8.18,-4.69,0.00,-0.00,0.00
-61187,6.91,334,2.25,564,2,53476,09_44_31_19_03_2025,-1.87,8.17,-4.71,0.00,-0.00,-0.00
-61035,6.90,630,2.22,565,2,53534,09_44_31_19_03_2025,-1.86,8.17,-4.72,0.00,0.00,0.00
-61208,6.91,322,2.25,565,2,53579,09_44_31_19_03_2025,-1.86,8.18,-4.70,0.00,-0.00,-0.00
-60693,6.87,575,2.23,565,2,53641,09_44_31_19_03_2025,-1.86,8.18,-4.70,0.00,-0.00,0.00
-60497,6.86,654,2.22,565,2,53731,09_44_31_19_03_2025,-1.86,8.17,-4.70,0.00,-0.00,-0.00
-60694,6.87,470,2.24,565,2,53775,09_44_31_19_03_2025,-1.86,8.16,-4.72,0.00,-0.00,0.00
-60784,6.88,470,2.24,564,2,53836,09_44_31_19_03_2025,-1.86,8.17,-4.72,0.00,-0.00,0.00
-61148,6.91,766,2.21,565,2,53926,09_44_31_19_03_2025,-1.87,8.17,-4.69,0.00,-0.00,0.00
-60459,6.85,597,2.23,564,2,53971,09_44_31_19_03_2025,-1.86,8.18,-4.70,0.00,-0.00,-0.00
-60964,6.89,611,2.23,564,2,54033,09_44_31_19_03_2025,-1.86,8.16,-4.72,0.00,-0.00,-0.00
-60352,6.84,570,2.23,564,2,54123,09_44_31_19_03_2025,-1.86,8.17,-4.72,0.00,-0.00,-0.00
-60702,6.87,796,2.21,564,2,54167,09_44_31_19_03_2025,-1.86,8.17,-4.69,0.00,-0.00,-0.00
-60465,6.85,686,2.22,565,2,54230,09_44_31_19_03_2025,-1.86,8.19,-4.69,0.00,-0.00,0.00
-60566,6.86,557,2.23,564,2,54320,09_44_31_19_03_2025,-1.87,8.16,-4.70,0.00,-0.00,-0.00
-59320,6.77,690,2.22,564,2,54365,09_44_31_19_03_2025,-1.87,8.18,-4.71,0.00,-0.00,-0.00
-58449,6.70,1035,2.19,566,2,54426,09_44_32_19_03_2025,-1.86,8.18,-4.69,0.00,-0.00,-0.00
-55751,6.50,1070,2.19,565,2,54516,09_44_32_19_03_2025,-1.85,8.18,-4.69,0.00,-0.00,-0.00
-54350,6.39,887,2.21,565,2,54561,09_44_32_19_03_2025,-1.86,8.16,-4.71,0.00,-0.00,-0.00
-51324,6.16,1042,2.19,565,2,54623,09_44_32_19_03_2025,-1.87,8.17,-4.72,0.00,-0.00,-0.00
-44716,5.66,1226,2.18,564,2,54714,09_44_32_19_03_2025,-1.86,8.17,-4.69,0.01,-0.00,0.00
-27124,4.33,1194,2.18,565,2,54758,09_44_32_19_03_2025,-1.86,8.18,-4.70,0.00,-0.00,-0.00
-22122,3.95,876,2.21,565,2,54818,09_44_32_19_03_2025,-1.87,8.16,-4.72,0.00,-0.00,-0.00
-16580,3.53,1167,2.18,565,2,54866,09_44_32_19_03_2025,-1.86,8.16,-4.70,0.00,-0.00,-0.00
-14781,3.39,1280,2.18,565,2,54925,09_44_32_19_03_2025,-1.87,8.16,-4.72,0.00,-0.00,0.00
-13551,3.30,1168,2.18,565,2,55015,09_44_32_19_03_2025,-1.86,8.17,-4.68,0.00,-0.00,0.00
-11828,3.17,982,2.20,565,2,55059,09_44_32_19_03_2025,-1.86,8.16,-4.72,0.00,-0.00,-0.00
-11769,3.16,1179,2.18,565,2,55121,09_44_32_19_03_2025,-1.86,8.17,-4.72,0.00,-0.00,0.00
-11516,3.15,1092,2.19,565,2,55211,09_44_32_19_03_2025,-1.86,8.18,-4.70,0.00,-0.00,0.00
-11199,3.12,1043,2.19,565,2,55256,09_44_32_19_03_2025,-1.87,8.17,-4.70,0.01,-0.00,-0.00
-10801,3.09,1154,2.19,564,2,55318,09_44_32_19_03_2025,-1.85,8.18,-4.70,0.00,-0.00,-0.00
-10624,3.08,1088,2.19,565,2,55407,09_44_32_19_03_2025,-1.87,8.16,-4.71,0.00,-0.00,0.00
-10514,3.07,1088,2.19,564,2,55451,09_44_33_19_03_2025,-1.86,8.18,-4.69,0.00,-0.00,-0.00
-10367,3.06,1099,2.19,564,2,55513,09_44_33_19_03_2025,-1.86,8.18,-4.68,0.00,-0.00,-0.00
-10186,3.04,1060,2.19,565,2,55604,09_44_33_19_03_2025,-1.85,8.18,-4.71,0.00,-0.00,-0.00
-10057,3.03,1297,2.17,565,2,55649,09_44_33_19_03_2025,-1.86,8.17,-4.71,0.01,-0.00,0.00
-10228,3.05,1112,2.19,565,2,55710,09_44_33_19_03_2025,-1.87,8.17,-4.70,0.00,-0.00,0.00
-9883,3.02,1188,2.18,565,2,55800,09_44_33_19_03_2025,-1.86,8.18,-4.69,0.00,-0.00,0.00
-9671,3.01,1091,2.19,565,2,55844,09_44_33_19_03_2025,-1.87,8.17,-4.70,0.00,-0.00,-0.00
-9454,2.99,1088,2.19,565,2,55906,09_44_33_19_03_2025,-1.86,8.18,-4.72,0.00,-0.00,0.00
-9601,3.00,1185,2.18,565,2,55998,09_44_33_19_03_2025,-1.87,8.18,-4.70,0.00,-0.00,0.00
-9740,3.01,1073,2.19,564,2,56043,09_44_33_19_03_2025,-1.86,8.18,-4.69,0.00,-0.00,-0.00
-10007,3.03,892,2.21,566,2,56103,09_44_33_19_03_2025,-1.86,8.17,-4.70,0.00,-0.00,-0.00
-10699,3.08,1220,2.18,565,2,56147,09_44_33_19_03_2025,-1.87,8.16,-4.70,0.01,-0.00,0.00
-11029,3.11,1206,2.18,565,2,56209,09_44_33_19_03_2025,-1.87,8.17,-4.71,0.00,-0.00,0.00
-11166,3.12,1322,2.17,564,2,56300,09_44_33_19_03_2025,-1.87,8.18,-4.69,0.00,-0.00,0.00
-11729,3.16,1117,2.19,565,2,56345,09_44_33_19_03_2025,-1.87,8.18,-4.69,0.00,-0.00,-0.00
-12034,3.18,976,2.20,565,2,56406,09_44_33_19_03_2025,-1.87,8.17,-4.70,0.01,-0.00,0.00
-12540,3.22,1260,2.18,564,2,56495,09_44_34_19_03_2025,-1.86,8.16,-4.71,0.00,-0.00,0.00
-13295,3.28,1133,2.19,564,2,56539,09_44_34_19_03_2025,-1.85,8.19,-4.69,0.00,-0.00,-0.00
-13390,3.29,1405,2.17,565,2,56603,09_44_34_19_03_2025,-1.85,8.18,-4.70,0.00,-0.00,-0.00
-16582,3.53,801,2.21,565,2,56693,09_44_34_19_03_2025,-1.86,8.17,-4.70,0.00,-0.00,0.00
-19624,3.76,781,2.21,565,2,56739,09_44_34_19_03_2025,-1.87,8.18,-4.71,0.01,-0.00,-0.00
-18791,3.70,1096,2.19,565,2,56797,09_44_34_19_03_2025,-1.86,8.18,-4.69,0.00,-0.00,0.00
-17645,3.61,1116,2.19,564,2,56888,09_44_34_19_03_2025,-1.86,8.18,-4.69,0.00,-0.00,0.00
-17562,3.60,1135,2.19,564,2,56933,09_44_34_19_03_2025,-1.87,8.17,-4.70,0.00,-0.00,0.00
-19494,3.75,900,2.20,565,2,56995,09_44_34_19_03_2025,-1.86,8.17,-4.71,0.00,-0.00,0.00
-25451,4.20,1187,2.18,564,2,57085,09_44_34_19_03_2025,-1.86,8.17,-4.69,0.00,-0.00,0.00
-42903,5.52,663,2.22,565,2,57129,09_44_34_19_03_2025,-1.86,8.18,-4.69,0.00,-0.00,0.00
-71738,7.71,477,2.24,565,2,57191,09_44_34_19_03_2025,-1.85,8.17,-4.71,0.00,-0.00,0.00
-87476,8.90,1516,2.16,565,2,57282,09_44_34_19_03_2025,-1.85,8.17,-4.72,0.00,-0.00,-0.00
-57194,6.61,1295,2.17,565,2,57327,09_44_34_19_03_2025,-1.87,8.17,-4.68,0.00,-0.00,0.00
-34818,4.91,1432,2.16,564,2,57388,09_44_34_19_03_2025,-1.87,8.18,-4.70,0.00,-0.00,-0.00
-21349,3.89,1569,2.15,564,2,57432,09_44_35_19_03_2025,-1.86,8.18,-4.70,0.00,-0.00,-0.00
-20298,3.81,1362,2.17,565,2,57493,09_44_35_19_03_2025,-1.86,8.15,-4.71,0.00,-0.00,0.00
-64224,7.14,362,2.25,565,2,57583,09_44_35_19_03_2025,-1.86,8.17,-4.70,0.00,-0.00,-0.00
-88917,9.01,1389,2.17,564,2,57628,09_44_35_19_03_2025,-1.86,8.17,-4.72,0.00,-0.00,0.00
-77265,8.13,1061,2.19,565,2,57691,09_44_35_19_03_2025,-1.86,8.17,-4.70,0.01,-0.00,0.00
-48050,5.91,1370,2.17,565,2,57780,09_44_35_19_03_2025,-1.87,8.18,-4.71,0.00,-0.01,0.00
-23395,4.05,1371,2.17,565,2,57824,09_44_35_19_03_2025,-1.86,8.17,-4.70,0.00,-0.00,0.00
-26671,4.29,1213,2.18,565,2,57885,09_44_35_19_03_2025,-1.86,8.19,-4.70,0.00,-0.00,-0.00
-78145,8.19,443,2.24,565,2,57976,09_44_35_19_03_2025,-1.86,8.17,-4.70,0.00,-0.00,0.00
-92186,9.26,1159,2.18,565,2,58021,09_44_35_19_03_2025,-1.86,8.17,-4.71,0.00,-0.00,-0.00
-69621,7.55,874,2.21,564,2,58083,09_44_35_19_03_2025,-1.86,8.18,-4.68,0.00,-0.00,0.00
-41027,5.38,1577,2.15,565,2,58173,09_44_35_19_03_2025,-1.86,8.17,-4.69,0.00,-0.00,0.00
-22692,3.99,1469,2.16,565,2,58217,09_44_35_19_03_2025,-1.86,8.18,-4.70,0.00,-0.00,0.00
-24414,4.12,993,2.20,565,2,58279,09_44_35_19_03_2025,-1.86,8.17,-4.70,0.00,-0.00,0.00
-66010,7.27,348,2.25,564,2,58369,09_44_35_19_03_2025,-1.84,8.19,-4.69,0.00,-0.00,0.00
-94195,9.41,1345,2.17,564,2,58414,09_44_36_19_03_2025,-1.86,8.19,-4.69,0.00,-0.00,0.00
-76677,8.08,1377,2.17,565,2,58475,09_44_36_19_03_2025,-1.87,8.19,-4.69,0.00,-0.00,0.00
-40894,5.37,1592,2.15,565,2,58567,09_44_36_19_03_2025,-1.87,8.17,-4.70,0.00,-0.00,0.00
-18690,3.69,845,2.21,564,2,58612,09_44_36_19_03_2025,-1.86,8.17,-4.70,0.00,-0.00,0.00
-15222,3.43,1075,2.19,565,2,58671,09_44_36_19_03_2025,-1.87,8.19,-4.69,0.00,-0.00,-0.00
-12396,3.21,960,2.20,564,2,58719,09_44_36_19_03_2025,-1.87,8.18,-4.69,0.00,-0.00,-0.00
-11733,3.16,927,2.20,564,2,58778,09_44_36_19_03_2025,-1.86,8.16,-4.70,0.00,-0.00,0.00
-11475,3.14,739,2.22,565,2,58868,09_44_36_19_03_2025,-1.87,8.18,-4.70,0.00,-0.00,-0.00
-10222,3.05,1370,2.17,564,2,58912,09_44_36_19_03_2025,-1.88,8.20,-4.70,0.00,-0.00,0.00
-9321,2.98,1161,2.18,565,2,58974,09_44_36_19_03_2025,-1.86,8.17,-4.68,0.00,-0.00,-0.00
-9765,3.01,1136,2.19,565,2,59065,09_44_36_19_03_2025,-1.85,8.17,-4.71,0.01,-0.00,-0.00
-10301,3.05,1106,2.19,565,2,59112,09_44_36_19_03_2025,-1.86,8.17,-4.70,0.00,-0.00,-0.00
-10090,3.04,1020,2.20,565,2,59170,09_44_36_19_03_2025,-1.87,8.17,-4.71,0.01,-0.00,-0.00
-10279,3.05,867,2.21,565,2,59261,09_44_36_19_03_2025,-1.86,8.18,-4.69,0.01,-0.00,0.00
-10282,3.05,1506,2.16,565,2,59306,09_44_36_19_03_2025,-1.86,8.17,-4.72,0.00,-0.00,0.00
-10306,3.05,1137,2.19,564,2,59368,09_44_36_19_03_2025,-1.88,8.17,-4.70,0.00,-0.00,0.00
-10348,3.06,1305,2.17,565,2,59457,09_44_37_19_03_2025,-1.86,8.16,-4.70,0.00,-0.00,-0.00
-10135,3.04,1248,2.18,565,2,59501,09_44_37_19_03_2025,-1.86,8.18,-4.71,0.00,-0.00,0.00
-9842,3.02,1166,2.18,564,2,59563,09_44_37_19_03_2025,-1.86,8.16,-4.72,0.00,-0.00,0.00
-10014,3.03,1279,2.18,565,2,59653,09_44_37_19_03_2025,-1.86,8.15,-4.68,0.00,-0.00,-0.00
-10271,3.05,1096,2.19,564,2,59698,09_44_37_19_03_2025,-1.85,8.16,-4.70,0.00,-0.00,0.00
-10204,3.05,1100,2.19,565,2,59760,09_44_37_19_03_2025,-1.86,8.16,-4.70,0.00,-0.00,-0.00
-10297,3.05,1041,2.19,564,2,59851,09_44_37_19_03_2025,-1.87,8.15,-4.72,0.01,-0.00,-0.00
-10031,3.03,711,2.22,564,2,59895,09_44_37_19_03_2025,-1.84,8.27,-4.60,0.01,-0.00,-0.00
-10359,3.06,776,2.21,565,2,59956,09_44_37_19_03_2025,-1.87,8.15,-4.74,0.01,0.01,-0.01
-10287,3.05,968,2.20,565,2,60001,09_44_37_19_03_2025,-1.89,8.14,-4.74,0.01,-0.00,-0.00
-10315,3.05,808,2.21,565,2,60063,09_44_37_19_03_2025,-1.86,8.17,-4.72,0.00,-0.00,0.00
-9980,3.03,919,2.20,565,2,60152,09_44_37_19_03_2025,-1.86,8.16,-4.71,0.00,-0.00,0.00
-9999,3.03,1933,2.13,564,2,60199,09_44_37_19_03_2025,-1.86,8.18,-4.71,0.00,-0.01,0.00
-9869,3.02,437,2.24,564,2,60258,09_44_37_19_03_2025,-1.86,8.19,-4.67,0.00,-0.00,-0.00
-9858,3.02,925,2.20,564,2,60349,09_44_37_19_03_2025,-1.86,8.18,-4.69,0.01,-0.00,-0.00
-9152,2.97,1279,2.18,565,2,60407,09_44_37_19_03_2025,-1.86,8.16,-4.72,0.01,-0.00,0.00
-9569,3.00,2161,2.11,565,2,60455,09_44_38_19_03_2025,-1.86,8.18,-4.71,0.01,-0.00,-0.00
-10426,3.06,1707,2.14,565,2,60545,09_44_38_19_03_2025,-1.86,8.16,-4.70,0.00,-0.00,0.00
-10671,3.08,1705,2.14,565,2,60592,09_44_38_19_03_2025,-1.87,8.16,-4.71,0.00,-0.00,0.00
-10813,3.09,1783,2.14,564,2,60651,09_44_38_19_03_2025,-1.86,8.16,-4.73,0.00,-0.00,0.00
-10591,3.08,1677,2.15,565,2,60742,09_44_38_19_03_2025,-1.85,8.17,-4.70,0.00,-0.00,-0.00
-9946,3.03,-156,2.28,563,2,60787,09_44_38_19_03_2025,-1.87,8.17,-4.72,0.00,-0.00,0.00
-9932,3.03,-1149,2.36,564,2,60848,09_44_38_19_03_2025,-1.86,8.17,-4.72,0.00,-0.00,-0.00
-9918,3.02,-1391,2.38,564,2,60938,09_44_38_19_03_2025,-1.85,8.17,-4.72,0.00,-0.00,-0.00
-10431,3.06,-644,2.32,565,2,60985,09_44_38_19_03_2025,-1.87,8.17,-4.71,0.00,-0.00,0.00
-10544,3.07,-1776,2.41,565,2,61044,09_44_38_19_03_2025,-1.87,8.17,-4.72,0.00,-0.00,0.00
-10885,3.10,-2407,2.46,565,2,61135,09_44_38_19_03_2025,-1.86,8.18,-4.71,0.01,-0.00,0.00
-11256,3.13,-1655,2.40,565,2,61180,09_44_38_19_03_2025,-1.86,8.17,-4.72,0.00,-0.00,-0.00
-11403,3.14,-2089,2.43,565,2,61240,09_44_38_19_03_2025,-1.87,8.17,-4.71,0.00,-0.00,-0.00
-11279,3.13,-3018,2.50,565,2,61288,09_44_38_19_03_2025,-1.86,8.18,-4.71,0.00,-0.00,0.00
-10837,3.09,-4127,2.59,565,2,61348,09_44_38_19_03_2025,-1.86,8.17,-4.72,0.00,-0.00,-0.00
-10103,3.04,-8212,2.89,565,2,61438,09_44_38_19_03_2025,-1.86,8.16,-4.71,0.00,-0.00,-0.00
-9838,3.02,-10290,3.05,565,2,61482,09_44_39_19_03_2025,-1.86,8.18,-4.71,0.00,-0.00,0.00
-9773,3.01,-8775,2.94,564,2,61543,09_44_39_19_03_2025,-1.86,8.18,-4.73,0.00,-0.00,0.00
-9865,3.02,-8130,2.89,565,2,61633,09_44_39_19_03_2025,-1.86,8.16,-4.71,0.00,-0.00,-0.00
-10107,3.04,-8833,2.94,565,2,61681,09_44_39_19_03_2025,-1.86,8.16,-4.71,0.00,-0.00,-0.00
-10530,3.07,-9978,3.03,565,2,61740,09_44_39_19_03_2025,-1.87,8.18,-4.71,0.00,-0.00,0.00
-10942,3.10,-10637,3.08,565,2,61830,09_44_39_19_03_2025,-1.87,8.16,-4.71,0.00,-0.00,-0.00
-11523,3.15,-10342,3.06,565,2,61874,09_44_39_19_03_2025,-1.87,8.16,-4.70,0.00,-0.00,0.00
-11643,3.15,-10219,3.05,565,2,61936,09_44_39_19_03_2025,-1.86,8.17,-4.71,0.00,-0.00,0.00
-11401,3.14,-11911,3.18,565,2,62026,09_44_39_19_03_2025,-1.87,8.17,-4.72,0.00,-0.00,0.00
-10772,3.09,-15026,3.41,565,2,62081,09_44_39_19_03_2025,-1.86,8.17,-4.72,0.00,-0.00,-0.00
-10836,3.09,-14227,3.35,564,2,62133,09_44_39_19_03_2025,-1.87,8.18,-4.72,0.00,-0.00,0.00
-11210,3.12,-11143,3.12,565,2,62222,09_44_39_19_03_2025,-1.87,8.17,-4.71,0.00,-0.00,0.00
-11539,3.15,-47427,5.87,564,2,62267,09_44_39_19_03_2025,-1.86,8.17,-4.72,0.00,-0.00,0.00
-12113,3.19,-90223,9.11,565,2,62329,09_44_39_19_03_2025,-1.86,8.16,-4.70,0.00,-0.00,0.00
-11395,3.14,-84138,8.65,565,2,62420,09_44_39_19_03_2025,-1.86,8.17,-4.69,0.00,-0.00,-0.00
-10198,3.05,-35718,4.98,565,2,62467,09_44_40_19_03_2025,-1.87,8.16,-4.72,0.00,-0.00,0.00
-10212,3.05,-15934,3.48,565,2,62525,09_44_40_19_03_2025,-1.85,8.17,-4.72,0.00,-0.00,0.00
-10152,3.04,-3972,2.57,565,2,62569,09_44_40_19_03_2025,-1.86,8.17,-4.71,0.00,-0.00,-0.00
-10030,3.03,-658,2.32,565,2,62631,09_44_40_19_03_2025,-1.87,8.17,-4.71,0.00,-0.00,-0.00
-9950,3.03,-667,2.32,565,2,62722,09_44_40_19_03_2025,-1.86,8.17,-4.70,0.00,-0.00,-0.00
-11110,3.11,-69678,7.55,564,2,62770,09_44_40_19_03_2025,-1.86,8.15,-4.72,0.00,-0.00,0.00
-10858,3.10,-82049,8.49,565,2,62829,09_44_40_19_03_2025,-1.87,8.18,-4.72,0.00,-0.00,-0.00
-10356,3.06,-72122,7.74,564,2,62917,09_44_40_19_03_2025,-1.86,8.18,-4.70,0.00,-0.00,-0.00
-9993,3.03,-19085,3.72,565,2,62961,09_44_40_19_03_2025,-1.86,8.17,-4.72,0.00,-0.00,-0.00
-9868,3.02,-8333,2.90,565,2,63024,09_44_40_19_03_2025,-1.86,8.17,-4.72,0.00,-0.00,0.00
-9907,3.02,-747,2.33,564,2,63114,09_44_40_19_03_2025,-1.86,8.17,-4.72,0.00,-0.00,-0.00
-9509,2.99,-868,2.34,564,2,63162,09_44_40_19_03_2025,-1.87,8.17,-4.70,0.00,-0.00,-0.00
-9607,3.00,-9708,3.01,565,2,63221,09_44_40_19_03_2025,-1.86,8.17,-4.72,0.00,-0.00,-0.00
-10538,3.07,-70869,7.64,565,2,63311,09_44_40_19_03_2025,-1.86,8.17,-4.72,0.00,-0.00,0.00
-10326,3.06,-88248,8.96,564,2,63355,09_44_40_19_03_2025,-1.88,8.17,-4.71,0.00,-0.00,0.00
-10015,3.03,-75861,8.02,565,2,63417,09_44_40_19_03_2025,-1.86,8.17,-4.69,0.00,-0.00,-0.00
-9791,3.01,-34012,4.85,566,2,63507,09_44_41_19_03_2025,-1.86,8.17,-4.71,0.00,-0.00,0.00
-9557,3.00,-5304,2.67,565,2,63554,09_44_41_19_03_2025,-1.87,8.17,-4.70,0.00,-0.00,0.00
-9795,3.01,-687,2.32,565,2,63613,09_44_41_19_03_2025,-1.87,8.17,-4.70,0.00,-0.00,0.00
-9880,3.02,599,2.23,565,2,63704,09_44_41_19_03_2025,-1.85,8.17,-4.70,0.00,-0.00,0.00
-9717,3.01,-10532,3.07,565,2,63748,09_44_41_19_03_2025,-1.86,8.17,-4.72,0.00,-0.00,-0.00
-8898,2.95,-63424,7.08,565,2,63809,09_44_41_19_03_2025,-1.87,8.15,-4.72,0.00,-0.00,0.00
-10045,3.03,-98996,9.77,564,2,63856,09_44_41_19_03_2025,-1.87,8.17,-4.70,0.01,-0.00,-0.00
-10285,3.05,-93576,9.36,565,2,63915,09_44_41_19_03_2025,-1.87,8.18,-4.72,0.00,-0.00,-0.00
-10451,3.06,-54907,6.43,565,2,64006,09_44_41_19_03_2025,-1.86,8.16,-4.72,0.00,-0.00,0.00
-11167,3.12,-10149,3.04,565,2,64052,09_44_41_19_03_2025,-1.87,8.18,-4.72,0.00,-0.00,0.00
-10941,3.10,-4790,2.64,565,2,64112,09_44_41_19_03_2025,-1.87,8.17,-4.71,0.01,-0.00,-0.00
-11004,3.11,-980,2.35,565,2,64203,09_44_41_19_03_2025,-1.86,8.17,-4.72,0.01,-0.00,-0.00
-10957,3.10,-177,2.29,565,2,64250,09_44_41_19_03_2025,-1.86,8.17,-4.72,0.00,-0.00,-0.00
-11037,3.11,1352,2.17,565,2,64308,09_44_41_19_03_2025,-1.87,8.16,-4.69,0.00,-0.00,0.00
-11127,3.12,947,2.20,565,2,64398,09_44_41_19_03_2025,-1.85,8.16,-4.71,0.00,-0.00,-0.00
-10006,3.03,180,2.26,565,2,64449,09_44_42_19_03_2025,-1.86,8.17,-4.71,0.00,-0.00,0.00
-10193,3.04,-151,2.28,564,2,64506,09_44_42_19_03_2025,-1.85,8.18,-4.71,0.00,-0.00,-0.00
-10797,3.09,1175,2.18,565,2,64595,09_44_42_19_03_2025,-1.87,8.18,-4.72,0.00,-0.00,0.00
-9816,3.02,1288,2.18,565,2,64641,09_44_42_19_03_2025,-1.87,8.19,-4.72,0.01,-0.00,-0.00
-9804,3.02,1641,2.15,565,2,64701,09_44_42_19_03_2025,-1.87,8.18,-4.72,0.00,-0.00,-0.00
-9730,3.01,1834,2.13,565,2,64792,09_44_42_19_03_2025,-1.86,8.19,-4.72,0.00,-0.00,-0.00
-9828,3.02,1931,2.13,565,2,64836,09_44_42_19_03_2025,-1.88,8.18,-4.71,0.00,-0.00,-0.00
-9811,3.02,1832,2.13,565,2,64898,09_44_42_19_03_2025,-1.85,8.17,-4.71,0.00,-0.00,0.00
-9719,3.01,1944,2.13,564,2,64988,09_44_42_19_03_2025,-1.86,8.16,-4.70,0.00,-0.00,0.00
-9820,3.02,1964,2.12,565,2,65035,09_44_42_19_03_2025,-1.87,8.17,-4.71,0.00,-0.00,0.00
-9651,3.00,1815,2.14,565,2,65094,09_44_42_19_03_2025,-1.86,8.16,-4.71,0.01,-0.00,0.00
-9776,3.01,1764,2.14,565,2,65139,09_44_42_19_03_2025,-1.86,8.16,-4.71,0.00,-0.00,0.00
-9746,3.01,1741,2.14,565,2,65201,09_44_42_19_03_2025,-1.87,8.17,-4.72,0.00,-0.00,-0.00
-9778,3.01,1884,2.13,565,2,65290,09_44_42_19_03_2025,-1.87,8.16,-4.71,0.00,-0.00,-0.00
-9905,3.02,1917,2.13,565,2,65334,09_44_42_19_03_2025,-1.86,8.16,-4.71,0.00,-0.00,0.00
-9784,3.01,1755,2.14,565,2,65396,09_44_42_19_03_2025,-1.86,8.17,-4.71,0.00,-0.00,-0.00
-9822,3.02,1636,2.15,565,2,65486,09_44_43_19_03_2025,-1.87,8.17,-4.70,0.00,-0.00,0.00
-9842,3.02,1736,2.14,565,2,65531,09_44_43_19_03_2025,-1.86,8.17,-4.71,0.00,-0.00,-0.00
-9692,3.01,1865,2.13,565,2,65594,09_44_43_19_03_2025,-1.86,8.18,-4.72,0.00,-0.00,0.00
-9656,3.00,1727,2.14,564,2,65683,09_44_43_19_03_2025,-1.86,8.16,-4.71,0.00,-0.00,0.00
-9756,3.01,1693,2.14,565,2,65727,09_44_43_19_03_2025,-1.87,8.17,-4.69,0.00,-0.00,0.00
-9761,3.01,1834,2.13,565,2,65789,09_44_43_19_03_2025,-1.87,8.18,-4.72,0.00,-0.00,0.00
-9715,3.01,1686,2.14,565,2,65879,09_44_43_19_03_2025,-1.86,8.16,-4.71,0.00,-0.00,-0.00
-9725,3.01,1843,2.13,565,2,65927,09_44_43_19_03_2025,-1.86,8.17,-4.70,0.00,-0.00,0.00
-9863,3.02,1830,2.13,565,2,65985,09_44_43_19_03_2025,-1.87,8.17,-4.72,0.00,-0.00,0.00
-9817,3.02,1767,2.14,565,2,66075,09_44_43_19_03_2025,-1.86,8.17,-4.71,0.00,-0.00,0.00
-9922,3.02,1754,2.14,565,2,66123,09_44_43_19_03_2025,-1.86,8.18,-4.71,0.01,-0.00,-0.00
-9852,3.02,1553,2.16,565,2,66183,09_44_43_19_03_2025,-1.86,8.17,-4.71,0.00,-0.00,-0.00
-9726,3.01,1787,2.14,565,2,66274,09_44_43_19_03_2025,-1.87,8.16,-4.71,0.00,-0.00,0.00
-9815,3.02,1744,2.14,565,2,66318,09_44_43_19_03_2025,-1.86,8.16,-4.72,0.00,-0.00,-0.00
-9749,3.01,1579,2.15,565,2,66378,09_44_43_19_03_2025,-1.86,8.18,-4.72,0.00,-0.00,0.00
-9782,3.01,1764,2.14,565,2,66423,09_44_44_19_03_2025,-1.86,8.17,-4.70,0.00,-0.00,0.00
-9894,3.02,1601,2.15,564,2,66485,09_44_44_19_03_2025,-1.86,8.17,-4.70,0.00,-0.00,0.00
-9793,3.01,1588,2.15,565,2,66576,09_44_44_19_03_2025,-1.87,8.17,-4.71,0.00,-0.00,-0.00
-9836,3.02,1560,2.15,565,2,66620,09_44_44_19_03_2025,-1.86,8.17,-4.70,0.00,-0.00,0.00
-9845,3.02,1624,2.15,566,2,66681,09_44_44_19_03_2025,-1.87,8.16,-4.70,0.00,-0.00,0.00
-9845,3.02,1256,2.18,565,2,66771,09_44_44_19_03_2025,-1.87,8.16,-4.71,0.00,-0.00,-0.00
-9845,3.02,1659,2.15,565,2,66816,09_44_44_19_03_2025,-1.86,8.18,-4.71,0.00,-0.00,0.00
-9885,3.02,1642,2.15,565,2,66877,09_44_44_19_03_2025,-1.87,8.17,-4.71,0.00,-0.00,-0.00
-9858,3.02,1520,2.16,565,2,66967,09_44_44_19_03_2025,-1.87,8.17,-4.70,0.00,-0.00,0.00
-9772,3.01,1595,2.15,565,2,67011,09_44_44_19_03_2025,-1.86,8.17,-4.71,0.00,-0.00,-0.00
-9836,3.02,1750,2.14,565,2,67074,09_44_44_19_03_2025,-1.87,8.17,-4.71,0.00,-0.00,0.00
-9856,3.02,1726,2.14,565,2,67164,09_44_44_19_03_2025,-1.86,8.16,-4.71,0.00,-0.00,-0.00
-9801,3.02,1569,2.15,564,2,67209,09_44_44_19_03_2025,-1.87,8.17,-4.71,0.00,-0.00,0.00
-9949,3.03,1568,2.15,565,2,67271,09_44_44_19_03_2025,-1.87,8.17,-4.71,0.00,-0.00,0.00
-9810,3.02,1710,2.14,565,2,67361,09_44_44_19_03_2025,-1.86,8.17,-4.71,0.00,-0.00,-0.00
-9669,3.01,1539,2.16,565,2,67405,09_44_44_19_03_2025,-1.87,8.17,-4.71,0.00,-0.00,0.00
-9714,3.01,1506,2.16,565,2,67466,09_44_45_19_03_2025,-1.87,8.17,-4.71,0.00,-0.00,0.00
-9923,3.02,1411,2.17,565,2,67558,09_44_45_19_03_2025,-1.86,8.17,-4.70,0.00,-0.00,0.00
-9839,3.02,1514,2.16,565,2,67603,09_44_45_19_03_2025,-1.86,8.18,-4.71,0.00,-0.00,-0.00
-9860,3.02,1454,2.16,565,2,67663,09_44_45_19_03_2025,-1.87,8.17,-4.71,0.00,-0.00,0.00
-9728,3.01,1428,2.16,566,2,67711,09_44_45_19_03_2025,-1.86,8.16,-4.72,0.00,-0.00,-0.00
-9872,3.02,1586,2.15,565,2,67769,09_44_45_19_03_2025,-1.87,8.17,-4.72,0.00,-0.00,0.00
-9892,3.02,1588,2.15,565,2,67859,09_44_45_19_03_2025,-1.86,8.17,-4.71,0.00,-0.00,-0.00
-9879,3.02,1525,2.16,565,2,67904,09_44_45_19_03_2025,-1.87,8.17,-4.72,0.00,-0.00,0.00
-9651,3.00,1519,2.16,564,2,67966,09_44_45_19_03_2025,-1.86,8.17,-4.71,0.00,-0.00,-0.00
-9556,3.00,1680,2.15,564,2,68826,09_44_45_19_03_2025,-1.87,8.17,-4.71,0.00,-0.00,0.00
-9817,3.02,1445,2.16,565,2,71308,09_44_46_19_03_2025,-1.86,8.17,-4.71,0.00,-0.00,-0.00
-9994,3.03,1463,2.16,565,2,73790,09_44_48_19_03_2025,-1.86,8.18,-4.71,0.00,-0.00,0.00
-10164,3.04,1007,2.20,565,2,76273,09_44_51_19_03_2025,-1.88,8.17,-4.71,0.00,-0.00,-0.00
